Build started 12/08/2026 4:57:51 CH.
Logging verbosity is set to: Detailed.     0>Terminal Logger was not used because the output is being redirected to a file.
       Process = "C:\Program Files\dotnet\dotnet.exe"
       MSBuild executable path = "C:\Program Files\dotnet\sdk\10.0.302\MSBuild.exe"
       Command line arguments = "C:\Program Files\dotnet\sdk\10.0.302\MSBuild.exe -maxcpucount --verbosity:m -tlp:default=auto --property:NuGetInteractive=false --restoreProperty:NuGetInteractive=false --restoreProperty:EnableDefaultCompileItems=false --restoreProperty:EnableDefaultEmbeddedResourceItems=false --restoreProperty:EnableDefaultNoneItems=false --nologo /fl -consoleloggerparameters:Summary -restore -distributedlogger:Microsoft.DotNet.Cli.Commands.MSBuild.MSBuildLogger,C:\Program Files\dotnet\sdk\10.0.302\dotnet.dll*Microsoft.DotNet.Cli.Commands.MSBuild.MSBuildForwardingLogger,C:\Program Files\dotnet\sdk\10.0.302\dotnet.dll"
       Current directory = "C:\Users\quan\Documents\smart_fan_cooling_windows_app"
       MSBuild version = "18.6.11+35b593beb"
       Based on the Windows registry key LongPathsEnabled, the LongPaths feature is enabled.
       Based on the Windows registry key VerifiedAndReputablePolicyState, SAC state = 0: turned off.
       The SDK "Microsoft.NET.Sdk" was successfully resolved by the "DefaultSdkResolver" resolver to location "C:\Program Files\dotnet\sdk\10.0.302\Sdks\Microsoft.NET.Sdk\Sdk" and version "".
       C:\Program Files\dotnet\sdk\10.0.302\Sdks\Microsoft.NET.Sdk\Sdk\Sdk.props(49,11): message : Property 'MSBuildExtensionsPath' with value 'C:\Program Files\dotnet\sdk\10.0.302\' expanded from the environment.
       C:\Program Files\dotnet\sdk\10.0.302\Current\Microsoft.Common.props(60,5): message : Property reassignment: $(MSBuildProjectExtensionsPath)="C:\Users\quan\Documents\smart_fan_cooling_windows_app\obj\" (previous value: "obj\") at C:\Program Files\dotnet\sdk\10.0.302\Current\Microsoft.Common.props (60,5)
       C:\Program Files\dotnet\sdk\10.0.302\Current\Microsoft.Common.props(84,119): message : Property 'MSBuildUserExtensionsPath' with value 'C:\Users\quan\AppData\Local\Microsoft\MSBuild' expanded from the environment.
       Assembly loaded during Evaluation: System.Threading.Tasks.Parallel, Version=10.0.0.0, Culture=neutral, PublicKeyToken=b03f5f7f11d50a3a (location: C:\Program Files\dotnet\shared\Microsoft.NETCore.App\10.0.10\System.Threading.Tasks.Parallel.dll, MVID: 4aae5473-05cc-4aa4-a919-d63a6bb66547, AssemblyLoadContext: Default)
       C:\Program Files\dotnet\sdk\10.0.302\Sdks\Microsoft.NET.Sdk\targets\Microsoft.NET.Sdk.props(90,5): message : Property reassignment: $(AssemblySearchPaths)="{CandidateAssemblyFiles};{HintPathFromItem}" (previous value: "{CandidateAssemblyFiles}") at C:\Program Files\dotnet\sdk\10.0.302\Sdks\Microsoft.NET.Sdk\targets\Microsoft.NET.Sdk.props (90,5)
       C:\Program Files\dotnet\sdk\10.0.302\Sdks\Microsoft.NET.Sdk\targets\Microsoft.NET.Sdk.props(91,5): message : Property reassignment: $(AssemblySearchPaths)="{CandidateAssemblyFiles};{HintPathFromItem};{TargetFrameworkDirectory}" (previous value: "{CandidateAssemblyFiles};{HintPathFromItem}") at C:\Program Files\dotnet\sdk\10.0.302\Sdks\Microsoft.NET.Sdk\targets\Microsoft.NET.Sdk.props (91,5)
       C:\Program Files\dotnet\sdk\10.0.302\Sdks\Microsoft.NET.Sdk\targets\Microsoft.NET.Sdk.props(92,5): message : Property reassignment: $(AssemblySearchPaths)="{CandidateAssemblyFiles};{HintPathFromItem};{TargetFrameworkDirectory};{RawFileName}" (previous value: "{CandidateAssemblyFiles};{HintPathFromItem};{TargetFrameworkDirectory}") at C:\Program Files\dotnet\sdk\10.0.302\Sdks\Microsoft.NET.Sdk\targets\Microsoft.NET.Sdk.props (92,5)
       The "DefaultSdkResolver" resolver attempted to resolve the SDK "Microsoft.NET.SDK.WorkloadAutoImportPropsLocator".
       Warnings: null
       Errors: MSB4276: The default SDK resolver failed to resolve SDK "Microsoft.NET.SDK.WorkloadAutoImportPropsLocator" because directory "C:\Program Files\dotnet\sdk\10.0.302\Sdks\Microsoft.NET.SDK.WorkloadAutoImportPropsLocator\Sdk" did not exist.
       Assembly loaded during Evaluation: Microsoft.Build.NuGetSdkResolver, Version=7.6.0.0, Culture=neutral, PublicKeyToken=31bf3856ad364e35 (location: C:\Program Files\dotnet\sdk\10.0.302\Microsoft.Build.NuGetSdkResolver.dll, MVID: 44bc404e-9d02-4f26-9411-637d67de0ddf, AssemblyLoadContext: MSBuild plugin C:\Program Files\dotnet\sdk\10.0.302\Microsoft.Build.NuGetSdkResolver.dll)
       Assembly loaded during Evaluation: System.Reflection.Metadata, Version=10.0.0.0, Culture=neutral, PublicKeyToken=b03f5f7f11d50a3a (location: C:\Program Files\dotnet\shared\Microsoft.NETCore.App\10.0.10\System.Reflection.Metadata.dll, MVID: ef1403e6-bb3c-4941-bb0c-0d714056a836, AssemblyLoadContext: Default)
       Assembly loaded during Evaluation: NuGet.Common, Version=7.6.0.0, Culture=neutral, PublicKeyToken=31bf3856ad364e35 (location: C:\Program Files\dotnet\sdk\10.0.302\NuGet.Common.dll, MVID: 1834f060-ca6f-4d84-9849-933ab93b9af3, AssemblyLoadContext: MSBuild plugin C:\Program Files\dotnet\sdk\10.0.302\Microsoft.Build.NuGetSdkResolver.dll)
       Assembly loaded during Evaluation: Microsoft.NET.Sdk.WorkloadMSBuildSdkResolver, Version=10.0.302.0, Culture=neutral, PublicKeyToken=31bf3856ad364e35 (location: C:\Program Files\dotnet\sdk\10.0.302\Microsoft.NET.Sdk.WorkloadMSBuildSdkResolver.dll, MVID: 61535bd2-2866-4821-8a56-0e00b031edc9, AssemblyLoadContext: MSBuild plugin C:\Program Files\dotnet\sdk\10.0.302\Microsoft.NET.Sdk.WorkloadMSBuildSdkResolver.dll)
       Assembly loaded during Evaluation: Microsoft.DotNet.Cli.CoreUtils, Version=10.0.302.0, Culture=neutral, PublicKeyToken=adb9793829ddae60 (location: C:\Program Files\dotnet\sdk\10.0.302\Microsoft.DotNet.Cli.CoreUtils.dll, MVID: 1fc3727a-7306-4903-880f-dd852c6499b6, AssemblyLoadContext: MSBuild plugin C:\Program Files\dotnet\sdk\10.0.302\Microsoft.NET.Sdk.WorkloadMSBuildSdkResolver.dll)
       Assembly loaded during Evaluation: Microsoft.NET.Sdk.WorkloadManifestReader, Version=10.0.302.0, Culture=neutral, PublicKeyToken=adb9793829ddae60 (location: C:\Program Files\dotnet\sdk\10.0.302\Microsoft.NET.Sdk.WorkloadManifestReader.dll, MVID: 7c426b3a-37f3-413f-8c4e-6c2acbdeba53, AssemblyLoadContext: MSBuild plugin C:\Program Files\dotnet\sdk\10.0.302\Microsoft.NET.Sdk.WorkloadMSBuildSdkResolver.dll)
       Assembly loaded during Evaluation: Microsoft.Deployment.DotNet.Releases, Version=2.0.0.0, Culture=neutral, PublicKeyToken=31bf3856ad364e35 (location: C:\Program Files\dotnet\sdk\10.0.302\Microsoft.Deployment.DotNet.Releases.dll, MVID: 2c0d9534-e211-4d4d-9419-0799af0445a8, AssemblyLoadContext: MSBuild plugin C:\Program Files\dotnet\sdk\10.0.302\Microsoft.NET.Sdk.WorkloadMSBuildSdkResolver.dll)
       The SDK "Microsoft.NET.SDK.WorkloadAutoImportPropsLocator" was successfully resolved by the "Microsoft.DotNet.MSBuildWorkloadSdkResolver" resolver to location "null" and version "null".
       C:\Users\quan\Documents\smart_fan_cooling_windows_app\smart_fan_cooling_windows_app.csproj(3,5): message : Property reassignment: $(OutputType)="WinExe" (previous value: "Library") at C:\Users\quan\Documents\smart_fan_cooling_windows_app\smart_fan_cooling_windows_app.csproj (3,5)
       C:\Users\quan\Documents\smart_fan_cooling_windows_app\smart_fan_cooling_windows_app.csproj(6,5): message : Property reassignment: $(RootNamespace)="SmartFanCooling" (previous value: "smart_fan_cooling_windows_app") at C:\Users\quan\Documents\smart_fan_cooling_windows_app\smart_fan_cooling_windows_app.csproj (6,5)
       C:\Users\quan\Documents\smart_fan_cooling_windows_app\smart_fan_cooling_windows_app.csproj(8,5): message : Property reassignment: $(Platforms)="x64;ARM64" (previous value: "AnyCPU") at C:\Users\quan\Documents\smart_fan_cooling_windows_app\smart_fan_cooling_windows_app.csproj (8,5)
       C:\Users\quan\Documents\smart_fan_cooling_windows_app\smart_fan_cooling_windows_app.csproj(9,5): message : Property reassignment: $(Platform)="x64" (previous value: "AnyCPU") at C:\Users\quan\Documents\smart_fan_cooling_windows_app\smart_fan_cooling_windows_app.csproj (9,5)
       C:\Users\quan\Documents\smart_fan_cooling_windows_app\smart_fan_cooling_windows_app.csproj(18,5): message : Property reassignment: $(AllowUnsafeBlocks)="true" (previous value: "false") at C:\Users\quan\Documents\smart_fan_cooling_windows_app\smart_fan_cooling_windows_app.csproj (18,5)
       C:\Program Files\dotnet\sdk\10.0.302\Sdks\Microsoft.NET.Sdk\targets\Microsoft.NET.Sdk.ImportPublishProfile.targets(28,5): message : Property reassignment: $(PublishProfileImported)="false" (previous value: "true") at C:\Program Files\dotnet\sdk\10.0.302\Sdks\Microsoft.NET.Sdk\targets\Microsoft.NET.Sdk.ImportPublishProfile.targets (28,5)
       Assembly loaded during Evaluation: NuGet.Frameworks, Version=7.6.0.0, Culture=neutral, PublicKeyToken=31bf3856ad364e35 (location: C:\Program Files\dotnet\sdk\10.0.302\NuGet.Frameworks.dll, MVID: c8b2514d-8266-46e2-97cf-2b258b56265b, AssemblyLoadContext: Assembly.LoadFile(C:\Program Files\dotnet\sdk\10.0.302\NuGet.Frameworks.dll))
       C:\Program Files\dotnet\sdk\10.0.302\Sdks\Microsoft.NET.Sdk\targets\Microsoft.NET.TargetFrameworkInference.targets(84,5): message : Property reassignment: $(TargetPlatformIdentifier)="Windows" (previous value: "windows") at C:\Program Files\dotnet\sdk\10.0.302\Sdks\Microsoft.NET.Sdk\targets\Microsoft.NET.TargetFrameworkInference.targets (84,5)
       C:\Program Files\dotnet\sdk\10.0.302\Sdks\Microsoft.NET.Sdk\targets\Microsoft.NET.DefaultOutputPaths.targets(127,5): message : Property reassignment: $(DefaultItemExcludes)=";bin\x64\Debug\/**;obj\x64\Debug\/**" (previous value: ";bin\x64\Debug\/**") at C:\Program Files\dotnet\sdk\10.0.302\Sdks\Microsoft.NET.Sdk\targets\Microsoft.NET.DefaultOutputPaths.targets (127,5)
       C:\Program Files\dotnet\sdk\10.0.302\Sdks\Microsoft.NET.Sdk\targets\Microsoft.NET.DefaultOutputPaths.targets(142,5): message : Property reassignment: $(OutputPath)="bin\x64\Debug\net9.0-windows10.0.22621.0\" (previous value: "bin\x64\Debug\") at C:\Program Files\dotnet\sdk\10.0.302\Sdks\Microsoft.NET.Sdk\targets\Microsoft.NET.DefaultOutputPaths.targets (142,5)
       C:\Program Files\dotnet\sdk\10.0.302\Sdks\Microsoft.NET.Sdk\targets\Microsoft.NET.DefaultOutputPaths.targets(147,5): message : Property reassignment: $(IntermediateOutputPath)="obj\x64\Debug\net9.0-windows10.0.22621.0\" (previous value: "obj\x64\Debug\") at C:\Program Files\dotnet\sdk\10.0.302\Sdks\Microsoft.NET.Sdk\targets\Microsoft.NET.DefaultOutputPaths.targets (147,5)
       The "DefaultSdkResolver" resolver attempted to resolve the SDK "Microsoft.NET.SDK.WorkloadManifestTargetsLocator".
       Warnings: null
       Errors: MSB4276: The default SDK resolver failed to resolve SDK "Microsoft.NET.SDK.WorkloadManifestTargetsLocator" because directory "C:\Program Files\dotnet\sdk\10.0.302\Sdks\Microsoft.NET.SDK.WorkloadManifestTargetsLocator\Sdk" did not exist.
       The SDK "Microsoft.NET.SDK.WorkloadManifestTargetsLocator" was successfully resolved by the "Microsoft.DotNet.MSBuildWorkloadSdkResolver" resolver to location "C:\Program Files\dotnet\sdk-manifests\10.0.100\microsoft.net.sdk.android\36.1.2" and version "null".
       C:\Program Files\dotnet\sdk\10.0.302\Sdks\Microsoft.NET.Sdk\targets\Microsoft.NET.RuntimeIdentifierInference.targets(401,5): message : Property reassignment: $(IntermediateOutputPath)="obj\x64\Debug\net9.0-windows10.0.22621.0\win-x64\" (previous value: "obj\x64\Debug\net9.0-windows10.0.22621.0\") at C:\Program Files\dotnet\sdk\10.0.302\Sdks\Microsoft.NET.Sdk\targets\Microsoft.NET.RuntimeIdentifierInference.targets (401,5)
       C:\Program Files\dotnet\sdk\10.0.302\Sdks\Microsoft.NET.Sdk\targets\Microsoft.NET.RuntimeIdentifierInference.targets(402,5): message : Property reassignment: $(OutputPath)="bin\x64\Debug\net9.0-windows10.0.22621.0\win-x64\" (previous value: "bin\x64\Debug\net9.0-windows10.0.22621.0\") at C:\Program Files\dotnet\sdk\10.0.302\Sdks\Microsoft.NET.Sdk\targets\Microsoft.NET.RuntimeIdentifierInference.targets (402,5)
       C:\Program Files\dotnet\sdk\10.0.302\Sdks\Microsoft.NET.Sdk\targets\Microsoft.NET.Sdk.BeforeCommon.targets(379,5): message : Property reassignment: $(RoslynTargetsPath)="C:\Program Files\dotnet\sdk\10.0.302\Sdks\Microsoft.NET.Sdk\targets\..\..\..\Roslyn" (previous value: "C:\Program Files\dotnet\sdk\10.0.302\Roslyn") at C:\Program Files\dotnet\sdk\10.0.302\Sdks\Microsoft.NET.Sdk\targets\Microsoft.NET.Sdk.BeforeCommon.targets (379,5)
       C:\Program Files\dotnet\sdk\10.0.302\Roslyn\Microsoft.Managed.Core.targets(6,5): message : Property reassignment: $(_BuildTasksDirectory)="C:\Program Files\dotnet\sdk\10.0.302\Sdks\Microsoft.NET.Sdk\targets\..\..\..\Roslyn\" (previous value: "C:\Program Files\dotnet\sdk\10.0.302\Roslyn\") at C:\Program Files\dotnet\sdk\10.0.302\Roslyn\Microsoft.Managed.Core.targets (6,5)
       C:\Program Files\dotnet\sdk\10.0.302\Roslyn\Microsoft.CSharp.Core.targets(213,5): message : Property reassignment: $(CommandLineArgsForDesignTimeEvaluation)="-langversion:13.0 -define:TRACE" (previous value: "-langversion:13.0") at C:\Program Files\dotnet\sdk\10.0.302\Roslyn\Microsoft.CSharp.Core.targets (213,5)
       Assembly loaded during Evaluation: Microsoft.Build.Utilities.Core, Version=15.1.0.0, Culture=neutral, PublicKeyToken=b03f5f7f11d50a3a (location: C:\Program Files\dotnet\sdk\10.0.302\Microsoft.Build.Utilities.Core.dll, MVID: a8c43aa5-e4ca-4eb9-873f-c8d87c3f59aa, AssemblyLoadContext: Default)
       C:\Program Files\dotnet\sdk\10.0.302\Microsoft.Common.CurrentVersion.targets(175,5): message : Property reassignment: $(_DebugSymbolsProduced)="true" (previous value: "false") at C:\Program Files\dotnet\sdk\10.0.302\Microsoft.Common.CurrentVersion.targets (175,5)
       C:\Program Files\dotnet\sdk\10.0.302\Microsoft.Common.CurrentVersion.targets(185,5): message : Property reassignment: $(_DocumentationFileProduced)="false" (previous value: "true") at C:\Program Files\dotnet\sdk\10.0.302\Microsoft.Common.CurrentVersion.targets (185,5)
       C:\Program Files\dotnet\sdk\10.0.302\Microsoft.Common.CurrentVersion.targets(392,5): message : Property reassignment: $(MSBuildCopyMarkerName)="smart_fa.88C809BE" (previous value: "smart_fan_cooling_windows_app.csproj") at C:\Program Files\dotnet\sdk\10.0.302\Microsoft.Common.CurrentVersion.targets (392,5)
       C:\Program Files\dotnet\sdk\10.0.302\Microsoft.Common.CurrentVersion.targets(393,5): message : Property reassignment: $(MSBuildCopyMarkerName)="smart_fa.88C809BE.Up2Date" (previous value: "smart_fa.88C809BE") at C:\Program Files\dotnet\sdk\10.0.302\Microsoft.Common.CurrentVersion.targets (393,5)
       C:\Program Files\dotnet\sdk\10.0.302\Microsoft.Common.CurrentVersion.targets(528,5): message : Property reassignment: $(ProcessorArchitecture)="amd64" (previous value: "x64") at C:\Program Files\dotnet\sdk\10.0.302\Microsoft.Common.CurrentVersion.targets (528,5)
       C:\Program Files\dotnet\sdk\10.0.302\Microsoft.Common.CurrentVersion.targets(580,5): message : Property reassignment: $(DelaySign)="" (previous value: "false") at C:\Program Files\dotnet\sdk\10.0.302\Microsoft.Common.CurrentVersion.targets (580,5)
       C:\Program Files\dotnet\sdk\10.0.302\Microsoft.Common.CurrentVersion.targets(2622,5): message : Property 'LOCALAPPDATA' with value 'C:\Users\quan\AppData\Local' expanded from the environment.
       C:\Program Files\dotnet\sdk\10.0.302\Microsoft.Common.CurrentVersion.targets(3950,5): message : Property reassignment: $(_SGenGenerateSerializationAssembliesConfig)="Auto" (previous value: "") at C:\Program Files\dotnet\sdk\10.0.302\Microsoft.Common.CurrentVersion.targets (3950,5)
       C:\Program Files\dotnet\sdk\10.0.302\Microsoft.Common.CurrentVersion.targets(3951,5): message : Property reassignment: $(_SGenGenerateSerializationAssembliesConfig)="Off" (previous value: "Auto") at C:\Program Files\dotnet\sdk\10.0.302\Microsoft.Common.CurrentVersion.targets (3951,5)
       C:\Program Files\dotnet\sdk\10.0.302\Microsoft.Common.CurrentVersion.targets(5162,5): message : Property reassignment: $(_TargetsThatPrepareProjectReferences)="
       C:\Program Files\dotnet\sdk\10.0.302\Microsoft.Common.CurrentVersion.targets(5162,5): message :       AssignProjectConfiguration;
       C:\Program Files\dotnet\sdk\10.0.302\Microsoft.Common.CurrentVersion.targets(5162,5): message :       _SplitProjectReferencesByFileExistence
       C:\Program Files\dotnet\sdk\10.0.302\Microsoft.Common.CurrentVersion.targets(5162,5): message :     " (previous value: "_SplitProjectReferencesByFileExistence") at C:\Program Files\dotnet\sdk\10.0.302\Microsoft.Common.CurrentVersion.targets (5162,5)
       C:\Program Files\dotnet\sdk\10.0.302\Microsoft.Common.CurrentVersion.targets(6975,5): message : Property 'MSBuildExtensionsPath32' with value 'C:\Program Files\dotnet\sdk\10.0.302' expanded from the environment.
       The "NuGetInteractive" property is a global property, and cannot be modified.
       C:\Program Files\dotnet\sdk\10.0.302\Sdks\Microsoft.NET.Sdk\targets\Microsoft.PackageDependencyResolution.targets(24,5): message : Property reassignment: $(ProjectAssetsFile)="C:\Users\quan\Documents\smart_fan_cooling_windows_app\obj\project.assets.json" (previous value: "C:\Users\quan\Documents\smart_fan_cooling_windows_app\obj\/project.assets.json") at C:\Program Files\dotnet\sdk\10.0.302\Sdks\Microsoft.NET.Sdk\targets\Microsoft.PackageDependencyResolution.targets (24,5)
       C:\Program Files\dotnet\sdk\10.0.302\Sdks\Microsoft.NET.Sdk\targets\Microsoft.PackageDependencyResolution.targets(29,5): message : Property reassignment: $(ProjectAssetsCacheFile)="C:\Users\quan\Documents\smart_fan_cooling_windows_app\obj\x64\Debug\net9.0-windows10.0.22621.0\win-x64\smart_fan_cooling_windows_app.assets.cache" (previous value: "obj\x64\Debug\net9.0-windows10.0.22621.0\win-x64\smart_fan_cooling_windows_app.assets.cache") at C:\Program Files\dotnet\sdk\10.0.302\Sdks\Microsoft.NET.Sdk\targets\Microsoft.PackageDependencyResolution.targets (29,5)
       C:\Program Files\dotnet\sdk\10.0.302\Sdks\Microsoft.NET.Sdk\targets\Microsoft.PackageDependencyResolution.targets(80,5): message : Property reassignment: $(ResolveAssemblyReferencesDependsOn)="
       C:\Program Files\dotnet\sdk\10.0.302\Sdks\Microsoft.NET.Sdk\targets\Microsoft.PackageDependencyResolution.targets(80,5): message :       
       C:\Program Files\dotnet\sdk\10.0.302\Sdks\Microsoft.NET.Sdk\targets\Microsoft.PackageDependencyResolution.targets(80,5): message :       ResolveProjectReferences;
       C:\Program Files\dotnet\sdk\10.0.302\Sdks\Microsoft.NET.Sdk\targets\Microsoft.PackageDependencyResolution.targets(80,5): message :       FindInvalidProjectReferences;
       C:\Program Files\dotnet\sdk\10.0.302\Sdks\Microsoft.NET.Sdk\targets\Microsoft.PackageDependencyResolution.targets(80,5): message :       GetFrameworkPaths;
       C:\Program Files\dotnet\sdk\10.0.302\Sdks\Microsoft.NET.Sdk\targets\Microsoft.PackageDependencyResolution.targets(80,5): message :       GetReferenceAssemblyPaths;
       C:\Program Files\dotnet\sdk\10.0.302\Sdks\Microsoft.NET.Sdk\targets\Microsoft.PackageDependencyResolution.targets(80,5): message :       PrepareForBuild;
       C:\Program Files\dotnet\sdk\10.0.302\Sdks\Microsoft.NET.Sdk\targets\Microsoft.PackageDependencyResolution.targets(80,5): message :       ResolveSDKReferences;
       C:\Program Files\dotnet\sdk\10.0.302\Sdks\Microsoft.NET.Sdk\targets\Microsoft.PackageDependencyResolution.targets(80,5): message :       ExpandSDKReferences;
       C:\Program Files\dotnet\sdk\10.0.302\Sdks\Microsoft.NET.Sdk\targets\Microsoft.PackageDependencyResolution.targets(80,5): message :     ;
       C:\Program Files\dotnet\sdk\10.0.302\Sdks\Microsoft.NET.Sdk\targets\Microsoft.PackageDependencyResolution.targets(80,5): message :       ResolvePackageDependenciesForBuild;
       C:\Program Files\dotnet\sdk\10.0.302\Sdks\Microsoft.NET.Sdk\targets\Microsoft.PackageDependencyResolution.targets(80,5): message :       _HandlePackageFileConflicts;
       C:\Program Files\dotnet\sdk\10.0.302\Sdks\Microsoft.NET.Sdk\targets\Microsoft.PackageDependencyResolution.targets(80,5): message :     " (previous value: "
       C:\Program Files\dotnet\sdk\10.0.302\Sdks\Microsoft.NET.Sdk\targets\Microsoft.PackageDependencyResolution.targets(80,5): message :       ResolveProjectReferences;
       C:\Program Files\dotnet\sdk\10.0.302\Sdks\Microsoft.NET.Sdk\targets\Microsoft.PackageDependencyResolution.targets(80,5): message :       FindInvalidProjectReferences;
       C:\Program Files\dotnet\sdk\10.0.302\Sdks\Microsoft.NET.Sdk\targets\Microsoft.PackageDependencyResolution.targets(80,5): message :       GetFrameworkPaths;
       C:\Program Files\dotnet\sdk\10.0.302\Sdks\Microsoft.NET.Sdk\targets\Microsoft.PackageDependencyResolution.targets(80,5): message :       GetReferenceAssemblyPaths;
       C:\Program Files\dotnet\sdk\10.0.302\Sdks\Microsoft.NET.Sdk\targets\Microsoft.PackageDependencyResolution.targets(80,5): message :       PrepareForBuild;
       C:\Program Files\dotnet\sdk\10.0.302\Sdks\Microsoft.NET.Sdk\targets\Microsoft.PackageDependencyResolution.targets(80,5): message :       ResolveSDKReferences;
       C:\Program Files\dotnet\sdk\10.0.302\Sdks\Microsoft.NET.Sdk\targets\Microsoft.PackageDependencyResolution.targets(80,5): message :       ExpandSDKReferences;
       C:\Program Files\dotnet\sdk\10.0.302\Sdks\Microsoft.NET.Sdk\targets\Microsoft.PackageDependencyResolution.targets(80,5): message :     ") at C:\Program Files\dotnet\sdk\10.0.302\Sdks\Microsoft.NET.Sdk\targets\Microsoft.PackageDependencyResolution.targets (80,5)
       C:\Program Files\dotnet\sdk\10.0.302\Sdks\Microsoft.NET.Sdk\targets\Microsoft.PackageDependencyResolution.targets(86,5): message : Property reassignment: $(PrepareResourcesDependsOn)="
       C:\Program Files\dotnet\sdk\10.0.302\Sdks\Microsoft.NET.Sdk\targets\Microsoft.PackageDependencyResolution.targets(86,5): message :       ResolvePackageDependenciesForBuild;
       C:\Program Files\dotnet\sdk\10.0.302\Sdks\Microsoft.NET.Sdk\targets\Microsoft.PackageDependencyResolution.targets(86,5): message :       _HandlePackageFileConflicts;
       C:\Program Files\dotnet\sdk\10.0.302\Sdks\Microsoft.NET.Sdk\targets\Microsoft.PackageDependencyResolution.targets(86,5): message :       
       C:\Program Files\dotnet\sdk\10.0.302\Sdks\Microsoft.NET.Sdk\targets\Microsoft.PackageDependencyResolution.targets(86,5): message :       ;
       C:\Program Files\dotnet\sdk\10.0.302\Sdks\Microsoft.NET.Sdk\targets\Microsoft.PackageDependencyResolution.targets(86,5): message :       PrepareResourceNames;
       C:\Program Files\dotnet\sdk\10.0.302\Sdks\Microsoft.NET.Sdk\targets\Microsoft.PackageDependencyResolution.targets(86,5): message :       ResGen;
       C:\Program Files\dotnet\sdk\10.0.302\Sdks\Microsoft.NET.Sdk\targets\Microsoft.PackageDependencyResolution.targets(86,5): message :       CompileLicxFiles
       C:\Program Files\dotnet\sdk\10.0.302\Sdks\Microsoft.NET.Sdk\targets\Microsoft.PackageDependencyResolution.targets(86,5): message :     
       C:\Program Files\dotnet\sdk\10.0.302\Sdks\Microsoft.NET.Sdk\targets\Microsoft.PackageDependencyResolution.targets(86,5): message :     " (previous value: "
       C:\Program Files\dotnet\sdk\10.0.302\Sdks\Microsoft.NET.Sdk\targets\Microsoft.PackageDependencyResolution.targets(86,5): message :       ;
       C:\Program Files\dotnet\sdk\10.0.302\Sdks\Microsoft.NET.Sdk\targets\Microsoft.PackageDependencyResolution.targets(86,5): message :       PrepareResourceNames;
       C:\Program Files\dotnet\sdk\10.0.302\Sdks\Microsoft.NET.Sdk\targets\Microsoft.PackageDependencyResolution.targets(86,5): message :       ResGen;
       C:\Program Files\dotnet\sdk\10.0.302\Sdks\Microsoft.NET.Sdk\targets\Microsoft.PackageDependencyResolution.targets(86,5): message :       CompileLicxFiles
       C:\Program Files\dotnet\sdk\10.0.302\Sdks\Microsoft.NET.Sdk\targets\Microsoft.PackageDependencyResolution.targets(86,5): message :     ") at C:\Program Files\dotnet\sdk\10.0.302\Sdks\Microsoft.NET.Sdk\targets\Microsoft.PackageDependencyResolution.targets (86,5)
       The "EnableDefaultCompileItems" property is a global property, and cannot be modified.
       The "EnableDefaultEmbeddedResourceItems" property is a global property, and cannot be modified.
       The "EnableDefaultNoneItems" property is a global property, and cannot be modified.
       C:\Program Files\dotnet\sdk\10.0.302\Sdks\Microsoft.NET.Sdk\targets\Microsoft.NET.Sdk.DefaultItems.targets(35,5): message : Property reassignment: $(DefaultItemExcludes)=";bin\x64\Debug\/**;obj\x64\Debug\/**;bin\/**" (previous value: ";bin\x64\Debug\/**;obj\x64\Debug\/**") at C:\Program Files\dotnet\sdk\10.0.302\Sdks\Microsoft.NET.Sdk\targets\Microsoft.NET.Sdk.DefaultItems.targets (35,5)
       C:\Program Files\dotnet\sdk\10.0.302\Sdks\Microsoft.NET.Sdk\targets\Microsoft.NET.Sdk.DefaultItems.targets(37,5): message : Property reassignment: $(DefaultItemExcludes)=";bin\x64\Debug\/**;obj\x64\Debug\/**;bin\/**;obj\/**" (previous value: ";bin\x64\Debug\/**;obj\x64\Debug\/**;bin\/**") at C:\Program Files\dotnet\sdk\10.0.302\Sdks\Microsoft.NET.Sdk\targets\Microsoft.NET.Sdk.DefaultItems.targets (37,5)
       C:\Program Files\dotnet\sdk\10.0.302\Sdks\Microsoft.NET.Sdk\targets\Microsoft.NET.Sdk.DefaultItems.targets(41,5): message : Property reassignment: $(DefaultItemExcludes)=";bin\x64\Debug\/**;obj\x64\Debug\/**;bin\/**;obj\/**;bin\x64\Debug\net9.0-windows10.0.22621.0\win-x64\publish\/**" (previous value: ";bin\x64\Debug\/**;obj\x64\Debug\/**;bin\/**;obj\/**") at C:\Program Files\dotnet\sdk\10.0.302\Sdks\Microsoft.NET.Sdk\targets\Microsoft.NET.Sdk.DefaultItems.targets (41,5)
       C:\Program Files\dotnet\sdk\10.0.302\Sdks\Microsoft.NET.Sdk\targets\Microsoft.NET.Sdk.DefaultItems.targets(44,5): message : Property reassignment: $(DefaultItemExcludes)=";bin\x64\Debug\/**;obj\x64\Debug\/**;bin\/**;obj\/**;bin\x64\Debug\net9.0-windows10.0.22621.0\win-x64\publish\/**;**/*.user" (previous value: ";bin\x64\Debug\/**;obj\x64\Debug\/**;bin\/**;obj\/**;bin\x64\Debug\net9.0-windows10.0.22621.0\win-x64\publish\/**") at C:\Program Files\dotnet\sdk\10.0.302\Sdks\Microsoft.NET.Sdk\targets\Microsoft.NET.Sdk.DefaultItems.targets (44,5)
       C:\Program Files\dotnet\sdk\10.0.302\Sdks\Microsoft.NET.Sdk\targets\Microsoft.NET.Sdk.DefaultItems.targets(45,5): message : Property reassignment: $(DefaultItemExcludes)=";bin\x64\Debug\/**;obj\x64\Debug\/**;bin\/**;obj\/**;bin\x64\Debug\net9.0-windows10.0.22621.0\win-x64\publish\/**;**/*.user;**/*.*proj" (previous value: ";bin\x64\Debug\/**;obj\x64\Debug\/**;bin\/**;obj\/**;bin\x64\Debug\net9.0-windows10.0.22621.0\win-x64\publish\/**;**/*.user") at C:\Program Files\dotnet\sdk\10.0.302\Sdks\Microsoft.NET.Sdk\targets\Microsoft.NET.Sdk.DefaultItems.targets (45,5)
       C:\Program Files\dotnet\sdk\10.0.302\Sdks\Microsoft.NET.Sdk\targets\Microsoft.NET.Sdk.DefaultItems.targets(46,5): message : Property reassignment: $(DefaultItemExcludes)=";bin\x64\Debug\/**;obj\x64\Debug\/**;bin\/**;obj\/**;bin\x64\Debug\net9.0-windows10.0.22621.0\win-x64\publish\/**;**/*.user;**/*.*proj;**/*.sln" (previous value: ";bin\x64\Debug\/**;obj\x64\Debug\/**;bin\/**;obj\/**;bin\x64\Debug\net9.0-windows10.0.22621.0\win-x64\publish\/**;**/*.user;**/*.*proj") at C:\Program Files\dotnet\sdk\10.0.302\Sdks\Microsoft.NET.Sdk\targets\Microsoft.NET.Sdk.DefaultItems.targets (46,5)
       C:\Program Files\dotnet\sdk\10.0.302\Sdks\Microsoft.NET.Sdk\targets\Microsoft.NET.Sdk.DefaultItems.targets(47,5): message : Property reassignment: $(DefaultItemExcludes)=";bin\x64\Debug\/**;obj\x64\Debug\/**;bin\/**;obj\/**;bin\x64\Debug\net9.0-windows10.0.22621.0\win-x64\publish\/**;**/*.user;**/*.*proj;**/*.sln;**/*.slnx" (previous value: ";bin\x64\Debug\/**;obj\x64\Debug\/**;bin\/**;obj\/**;bin\x64\Debug\net9.0-windows10.0.22621.0\win-x64\publish\/**;**/*.user;**/*.*proj;**/*.sln") at C:\Program Files\dotnet\sdk\10.0.302\Sdks\Microsoft.NET.Sdk\targets\Microsoft.NET.Sdk.DefaultItems.targets (47,5)
       C:\Program Files\dotnet\sdk\10.0.302\Sdks\Microsoft.NET.Sdk\targets\Microsoft.NET.Sdk.DefaultItems.targets(48,5): message : Property reassignment: $(DefaultItemExcludes)=";bin\x64\Debug\/**;obj\x64\Debug\/**;bin\/**;obj\/**;bin\x64\Debug\net9.0-windows10.0.22621.0\win-x64\publish\/**;**/*.user;**/*.*proj;**/*.sln;**/*.slnx;**/*.vssscc" (previous value: ";bin\x64\Debug\/**;obj\x64\Debug\/**;bin\/**;obj\/**;bin\x64\Debug\net9.0-windows10.0.22621.0\win-x64\publish\/**;**/*.user;**/*.*proj;**/*.sln;**/*.slnx") at C:\Program Files\dotnet\sdk\10.0.302\Sdks\Microsoft.NET.Sdk\targets\Microsoft.NET.Sdk.DefaultItems.targets (48,5)
       C:\Program Files\dotnet\sdk\10.0.302\Sdks\Microsoft.NET.Sdk\targets\Microsoft.NET.Sdk.DefaultItems.targets(49,5): message : Property reassignment: $(DefaultItemExcludes)=";bin\x64\Debug\/**;obj\x64\Debug\/**;bin\/**;obj\/**;bin\x64\Debug\net9.0-windows10.0.22621.0\win-x64\publish\/**;**/*.user;**/*.*proj;**/*.sln;**/*.slnx;**/*.vssscc;**/.DS_Store" (previous value: ";bin\x64\Debug\/**;obj\x64\Debug\/**;bin\/**;obj\/**;bin\x64\Debug\net9.0-windows10.0.22621.0\win-x64\publish\/**;**/*.user;**/*.*proj;**/*.sln;**/*.slnx;**/*.vssscc") at C:\Program Files\dotnet\sdk\10.0.302\Sdks\Microsoft.NET.Sdk\targets\Microsoft.NET.Sdk.DefaultItems.targets (49,5)
       C:\Program Files\dotnet\sdk\10.0.302\Sdks\Microsoft.NET.Sdk\targets\Microsoft.NET.Sdk.FrameworkReferenceResolution.targets(14,5): message : Property reassignment: $(ResolveAssemblyReferencesDependsOn)="
       C:\Program Files\dotnet\sdk\10.0.302\Sdks\Microsoft.NET.Sdk\targets\Microsoft.NET.Sdk.FrameworkReferenceResolution.targets(14,5): message :       
       C:\Program Files\dotnet\sdk\10.0.302\Sdks\Microsoft.NET.Sdk\targets\Microsoft.NET.Sdk.FrameworkReferenceResolution.targets(14,5): message :       
       C:\Program Files\dotnet\sdk\10.0.302\Sdks\Microsoft.NET.Sdk\targets\Microsoft.NET.Sdk.FrameworkReferenceResolution.targets(14,5): message :       ResolveProjectReferences;
       C:\Program Files\dotnet\sdk\10.0.302\Sdks\Microsoft.NET.Sdk\targets\Microsoft.NET.Sdk.FrameworkReferenceResolution.targets(14,5): message :       FindInvalidProjectReferences;
       C:\Program Files\dotnet\sdk\10.0.302\Sdks\Microsoft.NET.Sdk\targets\Microsoft.NET.Sdk.FrameworkReferenceResolution.targets(14,5): message :       GetFrameworkPaths;
       C:\Program Files\dotnet\sdk\10.0.302\Sdks\Microsoft.NET.Sdk\targets\Microsoft.NET.Sdk.FrameworkReferenceResolution.targets(14,5): message :       GetReferenceAssemblyPaths;
       C:\Program Files\dotnet\sdk\10.0.302\Sdks\Microsoft.NET.Sdk\targets\Microsoft.NET.Sdk.FrameworkReferenceResolution.targets(14,5): message :       PrepareForBuild;
       C:\Program Files\dotnet\sdk\10.0.302\Sdks\Microsoft.NET.Sdk\targets\Microsoft.NET.Sdk.FrameworkReferenceResolution.targets(14,5): message :       ResolveSDKReferences;
       C:\Program Files\dotnet\sdk\10.0.302\Sdks\Microsoft.NET.Sdk\targets\Microsoft.NET.Sdk.FrameworkReferenceResolution.targets(14,5): message :       ExpandSDKReferences;
       C:\Program Files\dotnet\sdk\10.0.302\Sdks\Microsoft.NET.Sdk\targets\Microsoft.NET.Sdk.FrameworkReferenceResolution.targets(14,5): message :     ;
       C:\Program Files\dotnet\sdk\10.0.302\Sdks\Microsoft.NET.Sdk\targets\Microsoft.NET.Sdk.FrameworkReferenceResolution.targets(14,5): message :       ResolvePackageDependenciesForBuild;
       C:\Program Files\dotnet\sdk\10.0.302\Sdks\Microsoft.NET.Sdk\targets\Microsoft.NET.Sdk.FrameworkReferenceResolution.targets(14,5): message :       _HandlePackageFileConflicts;
       C:\Program Files\dotnet\sdk\10.0.302\Sdks\Microsoft.NET.Sdk\targets\Microsoft.NET.Sdk.FrameworkReferenceResolution.targets(14,5): message :     ;
       C:\Program Files\dotnet\sdk\10.0.302\Sdks\Microsoft.NET.Sdk\targets\Microsoft.NET.Sdk.FrameworkReferenceResolution.targets(14,5): message :       ResolveTargetingPackAssets;
       C:\Program Files\dotnet\sdk\10.0.302\Sdks\Microsoft.NET.Sdk\targets\Microsoft.NET.Sdk.FrameworkReferenceResolution.targets(14,5): message :     " (previous value: "
       C:\Program Files\dotnet\sdk\10.0.302\Sdks\Microsoft.NET.Sdk\targets\Microsoft.NET.Sdk.FrameworkReferenceResolution.targets(14,5): message :       
       C:\Program Files\dotnet\sdk\10.0.302\Sdks\Microsoft.NET.Sdk\targets\Microsoft.NET.Sdk.FrameworkReferenceResolution.targets(14,5): message :       ResolveProjectReferences;
       C:\Program Files\dotnet\sdk\10.0.302\Sdks\Microsoft.NET.Sdk\targets\Microsoft.NET.Sdk.FrameworkReferenceResolution.targets(14,5): message :       FindInvalidProjectReferences;
       C:\Program Files\dotnet\sdk\10.0.302\Sdks\Microsoft.NET.Sdk\targets\Microsoft.NET.Sdk.FrameworkReferenceResolution.targets(14,5): message :       GetFrameworkPaths;
       C:\Program Files\dotnet\sdk\10.0.302\Sdks\Microsoft.NET.Sdk\targets\Microsoft.NET.Sdk.FrameworkReferenceResolution.targets(14,5): message :       GetReferenceAssemblyPaths;
       C:\Program Files\dotnet\sdk\10.0.302\Sdks\Microsoft.NET.Sdk\targets\Microsoft.NET.Sdk.FrameworkReferenceResolution.targets(14,5): message :       PrepareForBuild;
       C:\Program Files\dotnet\sdk\10.0.302\Sdks\Microsoft.NET.Sdk\targets\Microsoft.NET.Sdk.FrameworkReferenceResolution.targets(14,5): message :       ResolveSDKReferences;
       C:\Program Files\dotnet\sdk\10.0.302\Sdks\Microsoft.NET.Sdk\targets\Microsoft.NET.Sdk.FrameworkReferenceResolution.targets(14,5): message :       ExpandSDKReferences;
       C:\Program Files\dotnet\sdk\10.0.302\Sdks\Microsoft.NET.Sdk\targets\Microsoft.NET.Sdk.FrameworkReferenceResolution.targets(14,5): message :     ;
       C:\Program Files\dotnet\sdk\10.0.302\Sdks\Microsoft.NET.Sdk\targets\Microsoft.NET.Sdk.FrameworkReferenceResolution.targets(14,5): message :       ResolvePackageDependenciesForBuild;
       C:\Program Files\dotnet\sdk\10.0.302\Sdks\Microsoft.NET.Sdk\targets\Microsoft.NET.Sdk.FrameworkReferenceResolution.targets(14,5): message :       _HandlePackageFileConflicts;
       C:\Program Files\dotnet\sdk\10.0.302\Sdks\Microsoft.NET.Sdk\targets\Microsoft.NET.Sdk.FrameworkReferenceResolution.targets(14,5): message :     ") at C:\Program Files\dotnet\sdk\10.0.302\Sdks\Microsoft.NET.Sdk\targets\Microsoft.NET.Sdk.FrameworkReferenceResolution.targets (14,5)
       C:\Program Files\dotnet\sdk\10.0.302\Sdks\Microsoft.NET.Sdk\targets\Microsoft.NET.Sdk.targets(44,5): message : Property reassignment: $(_GenerateRuntimeConfigurationPropertyInputsCache)="C:\Users\quan\Documents\smart_fan_cooling_windows_app\obj\x64\Debug\net9.0-windows10.0.22621.0\win-x64\smart_fan_cooling_windows_app.genruntimeconfig.cache" (previous value: "obj\x64\Debug\net9.0-windows10.0.22621.0\win-x64\smart_fan_cooling_windows_app.genruntimeconfig.cache") at C:\Program Files\dotnet\sdk\10.0.302\Sdks\Microsoft.NET.Sdk\targets\Microsoft.NET.Sdk.targets (44,5)
       C:\Program Files\dotnet\sdk\10.0.302\Sdks\Microsoft.NET.Sdk\targets\Microsoft.NET.Sdk.targets(46,5): message : Property reassignment: $(_GeneratePublishDependencyFilePropertyInputsCache)="C:\Users\quan\Documents\smart_fan_cooling_windows_app\obj\x64\Debug\net9.0-windows10.0.22621.0\win-x64\smart_fan_cooling_windows_app.genpublishdeps.cache" (previous value: "obj\x64\Debug\net9.0-windows10.0.22621.0\win-x64\smart_fan_cooling_windows_app.genpublishdeps.cache") at C:\Program Files\dotnet\sdk\10.0.302\Sdks\Microsoft.NET.Sdk\targets\Microsoft.NET.Sdk.targets (46,5)
       C:\Program Files\dotnet\sdk\10.0.302\Sdks\Microsoft.NET.Sdk\targets\Microsoft.NET.Sdk.targets(48,5): message : Property reassignment: $(_GenerateSingleFileBundlePropertyInputsCache)="C:\Users\quan\Documents\smart_fan_cooling_windows_app\obj\x64\Debug\net9.0-windows10.0.22621.0\win-x64\smart_fan_cooling_windows_app.genbundle.cache" (previous value: "obj\x64\Debug\net9.0-windows10.0.22621.0\win-x64\smart_fan_cooling_windows_app.genbundle.cache") at C:\Program Files\dotnet\sdk\10.0.302\Sdks\Microsoft.NET.Sdk\targets\Microsoft.NET.Sdk.targets (48,5)
       C:\Program Files\dotnet\sdk\10.0.302\Sdks\Microsoft.NET.Sdk\targets\Microsoft.NET.Sdk.targets(81,5): message : Property reassignment: $(GenerateRuntimeConfigDevFile)="false" (previous value: "true") at C:\Program Files\dotnet\sdk\10.0.302\Sdks\Microsoft.NET.Sdk\targets\Microsoft.NET.Sdk.targets (81,5)
       C:\Program Files\dotnet\sdk\10.0.302\Sdks\Microsoft.NET.Sdk\targets\Microsoft.NET.Sdk.targets(98,5): message : Property 'USERPROFILE' with value 'C:\Users\quan' expanded from the environment.
       C:\Program Files\dotnet\sdk\10.0.302\Sdks\Microsoft.NET.Sdk\targets\Microsoft.NET.Sdk.targets(98,5): message : Property reassignment: $(_DefaultUserProfileRuntimeStorePath)="C:\Users\quan" (previous value: "") at C:\Program Files\dotnet\sdk\10.0.302\Sdks\Microsoft.NET.Sdk\targets\Microsoft.NET.Sdk.targets (98,5)
       C:\Program Files\dotnet\sdk\10.0.302\Sdks\Microsoft.NET.Sdk\targets\Microsoft.NET.Sdk.targets(99,5): message : Property reassignment: $(_DefaultUserProfileRuntimeStorePath)="C:\Users\quan\.dotnet\store" (previous value: "C:\Users\quan") at C:\Program Files\dotnet\sdk\10.0.302\Sdks\Microsoft.NET.Sdk\targets\Microsoft.NET.Sdk.targets (99,5)
       C:\Program Files\dotnet\sdk\10.0.302\Sdks\Microsoft.NET.Sdk\targets\Microsoft.NET.Sdk.targets(144,5): message : Property reassignment: $(AvailablePlatforms)="Any CPU,x86,x64,ARM32" (previous value: "Any CPU,x86,x64") at C:\Program Files\dotnet\sdk\10.0.302\Sdks\Microsoft.NET.Sdk\targets\Microsoft.NET.Sdk.targets (144,5)
       C:\Program Files\dotnet\sdk\10.0.302\Sdks\Microsoft.NET.Sdk\targets\Microsoft.NET.Sdk.targets(148,5): message : Property reassignment: $(AvailablePlatforms)="Any CPU,x86,x64,ARM32,ARM64" (previous value: "Any CPU,x86,x64,ARM32") at C:\Program Files\dotnet\sdk\10.0.302\Sdks\Microsoft.NET.Sdk\targets\Microsoft.NET.Sdk.targets (148,5)
       C:\Program Files\dotnet\sdk\10.0.302\Sdks\Microsoft.NET.Sdk\targets\Microsoft.NET.Sdk.targets(204,5): message : Property reassignment: $(CoreBuildDependsOn)="
       C:\Program Files\dotnet\sdk\10.0.302\Sdks\Microsoft.NET.Sdk\targets\Microsoft.NET.Sdk.targets(204,5): message :       _CheckForBuildWithNoBuild;
       C:\Program Files\dotnet\sdk\10.0.302\Sdks\Microsoft.NET.Sdk\targets\Microsoft.NET.Sdk.targets(204,5): message :       
       C:\Program Files\dotnet\sdk\10.0.302\Sdks\Microsoft.NET.Sdk\targets\Microsoft.NET.Sdk.targets(204,5): message :       BuildOnlySettings;
       C:\Program Files\dotnet\sdk\10.0.302\Sdks\Microsoft.NET.Sdk\targets\Microsoft.NET.Sdk.targets(204,5): message :       PrepareForBuild;
       C:\Program Files\dotnet\sdk\10.0.302\Sdks\Microsoft.NET.Sdk\targets\Microsoft.NET.Sdk.targets(204,5): message :       PreBuildEvent;
       C:\Program Files\dotnet\sdk\10.0.302\Sdks\Microsoft.NET.Sdk\targets\Microsoft.NET.Sdk.targets(204,5): message :       ResolveReferences;
       C:\Program Files\dotnet\sdk\10.0.302\Sdks\Microsoft.NET.Sdk\targets\Microsoft.NET.Sdk.targets(204,5): message :       PrepareResources;
       C:\Program Files\dotnet\sdk\10.0.302\Sdks\Microsoft.NET.Sdk\targets\Microsoft.NET.Sdk.targets(204,5): message :       ResolveKeySource;
       C:\Program Files\dotnet\sdk\10.0.302\Sdks\Microsoft.NET.Sdk\targets\Microsoft.NET.Sdk.targets(204,5): message :       Compile;
       C:\Program Files\dotnet\sdk\10.0.302\Sdks\Microsoft.NET.Sdk\targets\Microsoft.NET.Sdk.targets(204,5): message :       ExportWindowsMDFile;
       C:\Program Files\dotnet\sdk\10.0.302\Sdks\Microsoft.NET.Sdk\targets\Microsoft.NET.Sdk.targets(204,5): message :       UnmanagedUnregistration;
       C:\Program Files\dotnet\sdk\10.0.302\Sdks\Microsoft.NET.Sdk\targets\Microsoft.NET.Sdk.targets(204,5): message :       GenerateSerializationAssemblies;
       C:\Program Files\dotnet\sdk\10.0.302\Sdks\Microsoft.NET.Sdk\targets\Microsoft.NET.Sdk.targets(204,5): message :       CreateSatelliteAssemblies;
       C:\Program Files\dotnet\sdk\10.0.302\Sdks\Microsoft.NET.Sdk\targets\Microsoft.NET.Sdk.targets(204,5): message :       GenerateManifests;
       C:\Program Files\dotnet\sdk\10.0.302\Sdks\Microsoft.NET.Sdk\targets\Microsoft.NET.Sdk.targets(204,5): message :       GetTargetPath;
       C:\Program Files\dotnet\sdk\10.0.302\Sdks\Microsoft.NET.Sdk\targets\Microsoft.NET.Sdk.targets(204,5): message :       PrepareForRun;
       C:\Program Files\dotnet\sdk\10.0.302\Sdks\Microsoft.NET.Sdk\targets\Microsoft.NET.Sdk.targets(204,5): message :       UnmanagedRegistration;
       C:\Program Files\dotnet\sdk\10.0.302\Sdks\Microsoft.NET.Sdk\targets\Microsoft.NET.Sdk.targets(204,5): message :       IncrementalClean;
       C:\Program Files\dotnet\sdk\10.0.302\Sdks\Microsoft.NET.Sdk\targets\Microsoft.NET.Sdk.targets(204,5): message :       PostBuildEvent
       C:\Program Files\dotnet\sdk\10.0.302\Sdks\Microsoft.NET.Sdk\targets\Microsoft.NET.Sdk.targets(204,5): message :     ;
       C:\Program Files\dotnet\sdk\10.0.302\Sdks\Microsoft.NET.Sdk\targets\Microsoft.NET.Sdk.targets(204,5): message :       GenerateBuildDependencyFile;
       C:\Program Files\dotnet\sdk\10.0.302\Sdks\Microsoft.NET.Sdk\targets\Microsoft.NET.Sdk.targets(204,5): message :       GenerateBuildRuntimeConfigurationFiles
       C:\Program Files\dotnet\sdk\10.0.302\Sdks\Microsoft.NET.Sdk\targets\Microsoft.NET.Sdk.targets(204,5): message :     " (previous value: "
       C:\Program Files\dotnet\sdk\10.0.302\Sdks\Microsoft.NET.Sdk\targets\Microsoft.NET.Sdk.targets(204,5): message :       BuildOnlySettings;
       C:\Program Files\dotnet\sdk\10.0.302\Sdks\Microsoft.NET.Sdk\targets\Microsoft.NET.Sdk.targets(204,5): message :       PrepareForBuild;
       C:\Program Files\dotnet\sdk\10.0.302\Sdks\Microsoft.NET.Sdk\targets\Microsoft.NET.Sdk.targets(204,5): message :       PreBuildEvent;
       C:\Program Files\dotnet\sdk\10.0.302\Sdks\Microsoft.NET.Sdk\targets\Microsoft.NET.Sdk.targets(204,5): message :       ResolveReferences;
       C:\Program Files\dotnet\sdk\10.0.302\Sdks\Microsoft.NET.Sdk\targets\Microsoft.NET.Sdk.targets(204,5): message :       PrepareResources;
       C:\Program Files\dotnet\sdk\10.0.302\Sdks\Microsoft.NET.Sdk\targets\Microsoft.NET.Sdk.targets(204,5): message :       ResolveKeySource;
       C:\Program Files\dotnet\sdk\10.0.302\Sdks\Microsoft.NET.Sdk\targets\Microsoft.NET.Sdk.targets(204,5): message :       Compile;
       C:\Program Files\dotnet\sdk\10.0.302\Sdks\Microsoft.NET.Sdk\targets\Microsoft.NET.Sdk.targets(204,5): message :       ExportWindowsMDFile;
       C:\Program Files\dotnet\sdk\10.0.302\Sdks\Microsoft.NET.Sdk\targets\Microsoft.NET.Sdk.targets(204,5): message :       UnmanagedUnregistration;
       C:\Program Files\dotnet\sdk\10.0.302\Sdks\Microsoft.NET.Sdk\targets\Microsoft.NET.Sdk.targets(204,5): message :       GenerateSerializationAssemblies;
       C:\Program Files\dotnet\sdk\10.0.302\Sdks\Microsoft.NET.Sdk\targets\Microsoft.NET.Sdk.targets(204,5): message :       CreateSatelliteAssemblies;
       C:\Program Files\dotnet\sdk\10.0.302\Sdks\Microsoft.NET.Sdk\targets\Microsoft.NET.Sdk.targets(204,5): message :       GenerateManifests;
       C:\Program Files\dotnet\sdk\10.0.302\Sdks\Microsoft.NET.Sdk\targets\Microsoft.NET.Sdk.targets(204,5): message :       GetTargetPath;
       C:\Program Files\dotnet\sdk\10.0.302\Sdks\Microsoft.NET.Sdk\targets\Microsoft.NET.Sdk.targets(204,5): message :       PrepareForRun;
       C:\Program Files\dotnet\sdk\10.0.302\Sdks\Microsoft.NET.Sdk\targets\Microsoft.NET.Sdk.targets(204,5): message :       UnmanagedRegistration;
       C:\Program Files\dotnet\sdk\10.0.302\Sdks\Microsoft.NET.Sdk\targets\Microsoft.NET.Sdk.targets(204,5): message :       IncrementalClean;
       C:\Program Files\dotnet\sdk\10.0.302\Sdks\Microsoft.NET.Sdk\targets\Microsoft.NET.Sdk.targets(204,5): message :       PostBuildEvent
       C:\Program Files\dotnet\sdk\10.0.302\Sdks\Microsoft.NET.Sdk\targets\Microsoft.NET.Sdk.targets(204,5): message :     ") at C:\Program Files\dotnet\sdk\10.0.302\Sdks\Microsoft.NET.Sdk\targets\Microsoft.NET.Sdk.targets (204,5)
       C:\Program Files\dotnet\sdk\10.0.302\Sdks\Microsoft.NET.Sdk\targets\Microsoft.NET.Sdk.targets(213,5): message : Property reassignment: $(CoreCleanDependsOn)="
       C:\Program Files\dotnet\sdk\10.0.302\Sdks\Microsoft.NET.Sdk\targets\Microsoft.NET.Sdk.targets(213,5): message :       _SdkBeforeClean;
       C:\Program Files\dotnet\sdk\10.0.302\Sdks\Microsoft.NET.Sdk\targets\Microsoft.NET.Sdk.targets(213,5): message :       
       C:\Program Files\dotnet\sdk\10.0.302\Sdks\Microsoft.NET.Sdk\targets\Microsoft.NET.Sdk.targets(213,5): message :     " (previous value: "") at C:\Program Files\dotnet\sdk\10.0.302\Sdks\Microsoft.NET.Sdk\targets\Microsoft.NET.Sdk.targets (213,5)
       C:\Program Files\dotnet\sdk\10.0.302\Sdks\Microsoft.NET.Sdk\targets\Microsoft.NET.Sdk.targets(220,5): message : Property reassignment: $(RebuildDependsOn)="
       C:\Program Files\dotnet\sdk\10.0.302\Sdks\Microsoft.NET.Sdk\targets\Microsoft.NET.Sdk.targets(220,5): message :       _SdkBeforeRebuild;
       C:\Program Files\dotnet\sdk\10.0.302\Sdks\Microsoft.NET.Sdk\targets\Microsoft.NET.Sdk.targets(220,5): message :       
       C:\Program Files\dotnet\sdk\10.0.302\Sdks\Microsoft.NET.Sdk\targets\Microsoft.NET.Sdk.targets(220,5): message :       BeforeRebuild;
       C:\Program Files\dotnet\sdk\10.0.302\Sdks\Microsoft.NET.Sdk\targets\Microsoft.NET.Sdk.targets(220,5): message :       Clean;
       C:\Program Files\dotnet\sdk\10.0.302\Sdks\Microsoft.NET.Sdk\targets\Microsoft.NET.Sdk.targets(220,5): message :       Build;
       C:\Program Files\dotnet\sdk\10.0.302\Sdks\Microsoft.NET.Sdk\targets\Microsoft.NET.Sdk.targets(220,5): message :       AfterRebuild;
       C:\Program Files\dotnet\sdk\10.0.302\Sdks\Microsoft.NET.Sdk\targets\Microsoft.NET.Sdk.targets(220,5): message :     
       C:\Program Files\dotnet\sdk\10.0.302\Sdks\Microsoft.NET.Sdk\targets\Microsoft.NET.Sdk.targets(220,5): message :     " (previous value: "
       C:\Program Files\dotnet\sdk\10.0.302\Sdks\Microsoft.NET.Sdk\targets\Microsoft.NET.Sdk.targets(220,5): message :       BeforeRebuild;
       C:\Program Files\dotnet\sdk\10.0.302\Sdks\Microsoft.NET.Sdk\targets\Microsoft.NET.Sdk.targets(220,5): message :       Clean;
       C:\Program Files\dotnet\sdk\10.0.302\Sdks\Microsoft.NET.Sdk\targets\Microsoft.NET.Sdk.targets(220,5): message :       Build;
       C:\Program Files\dotnet\sdk\10.0.302\Sdks\Microsoft.NET.Sdk\targets\Microsoft.NET.Sdk.targets(220,5): message :       AfterRebuild;
       C:\Program Files\dotnet\sdk\10.0.302\Sdks\Microsoft.NET.Sdk\targets\Microsoft.NET.Sdk.targets(220,5): message :     ") at C:\Program Files\dotnet\sdk\10.0.302\Sdks\Microsoft.NET.Sdk\targets\Microsoft.NET.Sdk.targets (220,5)
       C:\Program Files\dotnet\sdk\10.0.302\Sdks\Microsoft.NET.Sdk\targets\Microsoft.NET.Sdk.targets(799,5): message : Property reassignment: $(CompileDependsOn)="
       C:\Program Files\dotnet\sdk\10.0.302\Sdks\Microsoft.NET.Sdk\targets\Microsoft.NET.Sdk.targets(799,5): message :       
       C:\Program Files\dotnet\sdk\10.0.302\Sdks\Microsoft.NET.Sdk\targets\Microsoft.NET.Sdk.targets(799,5): message :       ResolveReferences;
       C:\Program Files\dotnet\sdk\10.0.302\Sdks\Microsoft.NET.Sdk\targets\Microsoft.NET.Sdk.targets(799,5): message :       ResolveKeySource;
       C:\Program Files\dotnet\sdk\10.0.302\Sdks\Microsoft.NET.Sdk\targets\Microsoft.NET.Sdk.targets(799,5): message :       SetWin32ManifestProperties;
       C:\Program Files\dotnet\sdk\10.0.302\Sdks\Microsoft.NET.Sdk\targets\Microsoft.NET.Sdk.targets(799,5): message :       _SetPreferNativeArm64Win32ManifestProperties;
       C:\Program Files\dotnet\sdk\10.0.302\Sdks\Microsoft.NET.Sdk\targets\Microsoft.NET.Sdk.targets(799,5): message :       FindReferenceAssembliesForReferences;
       C:\Program Files\dotnet\sdk\10.0.302\Sdks\Microsoft.NET.Sdk\targets\Microsoft.NET.Sdk.targets(799,5): message :       _GenerateCompileInputs;
       C:\Program Files\dotnet\sdk\10.0.302\Sdks\Microsoft.NET.Sdk\targets\Microsoft.NET.Sdk.targets(799,5): message :       BeforeCompile;
       C:\Program Files\dotnet\sdk\10.0.302\Sdks\Microsoft.NET.Sdk\targets\Microsoft.NET.Sdk.targets(799,5): message :       _TimeStampBeforeCompile;
       C:\Program Files\dotnet\sdk\10.0.302\Sdks\Microsoft.NET.Sdk\targets\Microsoft.NET.Sdk.targets(799,5): message :       _GenerateCompileDependencyCache;
       C:\Program Files\dotnet\sdk\10.0.302\Sdks\Microsoft.NET.Sdk\targets\Microsoft.NET.Sdk.targets(799,5): message :       CoreCompile;
       C:\Program Files\dotnet\sdk\10.0.302\Sdks\Microsoft.NET.Sdk\targets\Microsoft.NET.Sdk.targets(799,5): message :       _TimeStampAfterCompile;
       C:\Program Files\dotnet\sdk\10.0.302\Sdks\Microsoft.NET.Sdk\targets\Microsoft.NET.Sdk.targets(799,5): message :       AfterCompile;
       C:\Program Files\dotnet\sdk\10.0.302\Sdks\Microsoft.NET.Sdk\targets\Microsoft.NET.Sdk.targets(799,5): message :     ;
       C:\Program Files\dotnet\sdk\10.0.302\Sdks\Microsoft.NET.Sdk\targets\Microsoft.NET.Sdk.targets(799,5): message :       _CreateAppHost;
       C:\Program Files\dotnet\sdk\10.0.302\Sdks\Microsoft.NET.Sdk\targets\Microsoft.NET.Sdk.targets(799,5): message :       _CreateComHost;
       C:\Program Files\dotnet\sdk\10.0.302\Sdks\Microsoft.NET.Sdk\targets\Microsoft.NET.Sdk.targets(799,5): message :       _GetIjwHostPaths;
       C:\Program Files\dotnet\sdk\10.0.302\Sdks\Microsoft.NET.Sdk\targets\Microsoft.NET.Sdk.targets(799,5): message :     " (previous value: "
       C:\Program Files\dotnet\sdk\10.0.302\Sdks\Microsoft.NET.Sdk\targets\Microsoft.NET.Sdk.targets(799,5): message :       ResolveReferences;
       C:\Program Files\dotnet\sdk\10.0.302\Sdks\Microsoft.NET.Sdk\targets\Microsoft.NET.Sdk.targets(799,5): message :       ResolveKeySource;
       C:\Program Files\dotnet\sdk\10.0.302\Sdks\Microsoft.NET.Sdk\targets\Microsoft.NET.Sdk.targets(799,5): message :       SetWin32ManifestProperties;
       C:\Program Files\dotnet\sdk\10.0.302\Sdks\Microsoft.NET.Sdk\targets\Microsoft.NET.Sdk.targets(799,5): message :       _SetPreferNativeArm64Win32ManifestProperties;
       C:\Program Files\dotnet\sdk\10.0.302\Sdks\Microsoft.NET.Sdk\targets\Microsoft.NET.Sdk.targets(799,5): message :       FindReferenceAssembliesForReferences;
       C:\Program Files\dotnet\sdk\10.0.302\Sdks\Microsoft.NET.Sdk\targets\Microsoft.NET.Sdk.targets(799,5): message :       _GenerateCompileInputs;
       C:\Program Files\dotnet\sdk\10.0.302\Sdks\Microsoft.NET.Sdk\targets\Microsoft.NET.Sdk.targets(799,5): message :       BeforeCompile;
       C:\Program Files\dotnet\sdk\10.0.302\Sdks\Microsoft.NET.Sdk\targets\Microsoft.NET.Sdk.targets(799,5): message :       _TimeStampBeforeCompile;
       C:\Program Files\dotnet\sdk\10.0.302\Sdks\Microsoft.NET.Sdk\targets\Microsoft.NET.Sdk.targets(799,5): message :       _GenerateCompileDependencyCache;
       C:\Program Files\dotnet\sdk\10.0.302\Sdks\Microsoft.NET.Sdk\targets\Microsoft.NET.Sdk.targets(799,5): message :       CoreCompile;
       C:\Program Files\dotnet\sdk\10.0.302\Sdks\Microsoft.NET.Sdk\targets\Microsoft.NET.Sdk.targets(799,5): message :       _TimeStampAfterCompile;
       C:\Program Files\dotnet\sdk\10.0.302\Sdks\Microsoft.NET.Sdk\targets\Microsoft.NET.Sdk.targets(799,5): message :       AfterCompile;
       C:\Program Files\dotnet\sdk\10.0.302\Sdks\Microsoft.NET.Sdk\targets\Microsoft.NET.Sdk.targets(799,5): message :     ") at C:\Program Files\dotnet\sdk\10.0.302\Sdks\Microsoft.NET.Sdk\targets\Microsoft.NET.Sdk.targets (799,5)
       C:\Program Files\dotnet\sdk\10.0.302\Sdks\Microsoft.NET.Sdk\targets\Microsoft.NET.Sdk.targets(1131,5): message : Property reassignment: $(CreateSatelliteAssembliesDependsOn)="
       C:\Program Files\dotnet\sdk\10.0.302\Sdks\Microsoft.NET.Sdk\targets\Microsoft.NET.Sdk.targets(1131,5): message :       
       C:\Program Files\dotnet\sdk\10.0.302\Sdks\Microsoft.NET.Sdk\targets\Microsoft.NET.Sdk.targets(1131,5): message :       ;
       C:\Program Files\dotnet\sdk\10.0.302\Sdks\Microsoft.NET.Sdk\targets\Microsoft.NET.Sdk.targets(1131,5): message :       _GenerateSatelliteAssemblyInputs;
       C:\Program Files\dotnet\sdk\10.0.302\Sdks\Microsoft.NET.Sdk\targets\Microsoft.NET.Sdk.targets(1131,5): message :       ComputeIntermediateSatelliteAssemblies;
       C:\Program Files\dotnet\sdk\10.0.302\Sdks\Microsoft.NET.Sdk\targets\Microsoft.NET.Sdk.targets(1131,5): message :       GenerateSatelliteAssemblies
       C:\Program Files\dotnet\sdk\10.0.302\Sdks\Microsoft.NET.Sdk\targets\Microsoft.NET.Sdk.targets(1131,5): message :     ;
       C:\Program Files\dotnet\sdk\10.0.302\Sdks\Microsoft.NET.Sdk\targets\Microsoft.NET.Sdk.targets(1131,5): message :       CoreGenerateSatelliteAssemblies
       C:\Program Files\dotnet\sdk\10.0.302\Sdks\Microsoft.NET.Sdk\targets\Microsoft.NET.Sdk.targets(1131,5): message :     " (previous value: "
       C:\Program Files\dotnet\sdk\10.0.302\Sdks\Microsoft.NET.Sdk\targets\Microsoft.NET.Sdk.targets(1131,5): message :       ;
       C:\Program Files\dotnet\sdk\10.0.302\Sdks\Microsoft.NET.Sdk\targets\Microsoft.NET.Sdk.targets(1131,5): message :       _GenerateSatelliteAssemblyInputs;
       C:\Program Files\dotnet\sdk\10.0.302\Sdks\Microsoft.NET.Sdk\targets\Microsoft.NET.Sdk.targets(1131,5): message :       ComputeIntermediateSatelliteAssemblies;
       C:\Program Files\dotnet\sdk\10.0.302\Sdks\Microsoft.NET.Sdk\targets\Microsoft.NET.Sdk.targets(1131,5): message :       GenerateSatelliteAssemblies
       C:\Program Files\dotnet\sdk\10.0.302\Sdks\Microsoft.NET.Sdk\targets\Microsoft.NET.Sdk.targets(1131,5): message :     ") at C:\Program Files\dotnet\sdk\10.0.302\Sdks\Microsoft.NET.Sdk\targets\Microsoft.NET.Sdk.targets (1131,5)
       C:\Program Files\dotnet\sdk\10.0.302\Sdks\Microsoft.SourceLink.GitLab\build\Microsoft.SourceLink.GitLab.targets(12,5): message : Property reassignment: $(SourceLinkUrlInitializerTargets)=";_InitializeGitHubSourceLinkUrl;_InitializeGitLabSourceLinkUrl" (previous value: ";_InitializeGitHubSourceLinkUrl") at C:\Program Files\dotnet\sdk\10.0.302\Sdks\Microsoft.SourceLink.GitLab\build\Microsoft.SourceLink.GitLab.targets (12,5)
       C:\Program Files\dotnet\sdk\10.0.302\Sdks\Microsoft.SourceLink.GitLab\build\Microsoft.SourceLink.GitLab.targets(13,5): message : Property reassignment: $(SourceControlManagerUrlTranslationTargets)=";TranslateGitHubUrlsInSourceControlInformation;TranslateGitLabUrlsInSourceControlInformation" (previous value: ";TranslateGitHubUrlsInSourceControlInformation") at C:\Program Files\dotnet\sdk\10.0.302\Sdks\Microsoft.SourceLink.GitLab\build\Microsoft.SourceLink.GitLab.targets (13,5)
       C:\Program Files\dotnet\sdk\10.0.302\Sdks\Microsoft.SourceLink.AzureRepos.Git\build\Microsoft.SourceLink.AzureRepos.Git.targets(12,5): message : Property reassignment: $(SourceLinkUrlInitializerTargets)=";_InitializeGitHubSourceLinkUrl;_InitializeGitLabSourceLinkUrl;_InitializeAzureReposGitSourceLinkUrl" (previous value: ";_InitializeGitHubSourceLinkUrl;_InitializeGitLabSourceLinkUrl") at C:\Program Files\dotnet\sdk\10.0.302\Sdks\Microsoft.SourceLink.AzureRepos.Git\build\Microsoft.SourceLink.AzureRepos.Git.targets (12,5)
       C:\Program Files\dotnet\sdk\10.0.302\Sdks\Microsoft.SourceLink.AzureRepos.Git\build\Microsoft.SourceLink.AzureRepos.Git.targets(13,5): message : Property reassignment: $(SourceControlManagerUrlTranslationTargets)=";TranslateGitHubUrlsInSourceControlInformation;TranslateGitLabUrlsInSourceControlInformation;TranslateAzureReposGitUrlsInSourceControlInformation" (previous value: ";TranslateGitHubUrlsInSourceControlInformation;TranslateGitLabUrlsInSourceControlInformation") at C:\Program Files\dotnet\sdk\10.0.302\Sdks\Microsoft.SourceLink.AzureRepos.Git\build\Microsoft.SourceLink.AzureRepos.Git.targets (13,5)
       C:\Program Files\dotnet\sdk\10.0.302\Sdks\Microsoft.SourceLink.Bitbucket.Git\build\Microsoft.SourceLink.Bitbucket.Git.targets(12,5): message : Property reassignment: $(SourceLinkUrlInitializerTargets)=";_InitializeGitHubSourceLinkUrl;_InitializeGitLabSourceLinkUrl;_InitializeAzureReposGitSourceLinkUrl;_InitializeBitbucketGitSourceLinkUrl" (previous value: ";_InitializeGitHubSourceLinkUrl;_InitializeGitLabSourceLinkUrl;_InitializeAzureReposGitSourceLinkUrl") at C:\Program Files\dotnet\sdk\10.0.302\Sdks\Microsoft.SourceLink.Bitbucket.Git\build\Microsoft.SourceLink.Bitbucket.Git.targets (12,5)
       C:\Program Files\dotnet\sdk\10.0.302\Sdks\Microsoft.SourceLink.Bitbucket.Git\build\Microsoft.SourceLink.Bitbucket.Git.targets(13,5): message : Property reassignment: $(SourceControlManagerUrlTranslationTargets)=";TranslateGitHubUrlsInSourceControlInformation;TranslateGitLabUrlsInSourceControlInformation;TranslateAzureReposGitUrlsInSourceControlInformation;TranslateBitbucketGitUrlsInSourceControlInformation" (previous value: ";TranslateGitHubUrlsInSourceControlInformation;TranslateGitLabUrlsInSourceControlInformation;TranslateAzureReposGitUrlsInSourceControlInformation") at C:\Program Files\dotnet\sdk\10.0.302\Sdks\Microsoft.SourceLink.Bitbucket.Git\build\Microsoft.SourceLink.Bitbucket.Git.targets (13,5)
       C:\Program Files\dotnet\sdk\10.0.302\Sdks\Microsoft.NET.Sdk\targets\Microsoft.NET.DesignerSupport.targets(21,5): message : Property reassignment: $(DesignerRuntimeImplementationProjectOutputGroupDependsOn)="
       C:\Program Files\dotnet\sdk\10.0.302\Sdks\Microsoft.NET.Sdk\targets\Microsoft.NET.DesignerSupport.targets(21,5): message :       
       C:\Program Files\dotnet\sdk\10.0.302\Sdks\Microsoft.NET.Sdk\targets\Microsoft.NET.DesignerSupport.targets(21,5): message :       ;
       C:\Program Files\dotnet\sdk\10.0.302\Sdks\Microsoft.NET.Sdk\targets\Microsoft.NET.DesignerSupport.targets(21,5): message :       
       C:\Program Files\dotnet\sdk\10.0.302\Sdks\Microsoft.NET.Sdk\targets\Microsoft.NET.DesignerSupport.targets(21,5): message :       ;
       C:\Program Files\dotnet\sdk\10.0.302\Sdks\Microsoft.NET.Sdk\targets\Microsoft.NET.DesignerSupport.targets(21,5): message :       BuildOnlySettings;
       C:\Program Files\dotnet\sdk\10.0.302\Sdks\Microsoft.NET.Sdk\targets\Microsoft.NET.DesignerSupport.targets(21,5): message :       PrepareForBuild;
       C:\Program Files\dotnet\sdk\10.0.302\Sdks\Microsoft.NET.Sdk\targets\Microsoft.NET.DesignerSupport.targets(21,5): message :       AssignTargetPaths;
       C:\Program Files\dotnet\sdk\10.0.302\Sdks\Microsoft.NET.Sdk\targets\Microsoft.NET.DesignerSupport.targets(21,5): message :       ResolveReferences
       C:\Program Files\dotnet\sdk\10.0.302\Sdks\Microsoft.NET.Sdk\targets\Microsoft.NET.DesignerSupport.targets(21,5): message :     
       C:\Program Files\dotnet\sdk\10.0.302\Sdks\Microsoft.NET.Sdk\targets\Microsoft.NET.DesignerSupport.targets(21,5): message :     ;
       C:\Program Files\dotnet\sdk\10.0.302\Sdks\Microsoft.NET.Sdk\targets\Microsoft.NET.DesignerSupport.targets(21,5): message :       _GenerateDesignerDepsFile;
       C:\Program Files\dotnet\sdk\10.0.302\Sdks\Microsoft.NET.Sdk\targets\Microsoft.NET.DesignerSupport.targets(21,5): message :       _GenerateDesignerRuntimeConfigFile;
       C:\Program Files\dotnet\sdk\10.0.302\Sdks\Microsoft.NET.Sdk\targets\Microsoft.NET.DesignerSupport.targets(21,5): message :       GetCopyToOutputDirectoryItems;
       C:\Program Files\dotnet\sdk\10.0.302\Sdks\Microsoft.NET.Sdk\targets\Microsoft.NET.DesignerSupport.targets(21,5): message :       _GatherDesignerShadowCopyFiles;
       C:\Program Files\dotnet\sdk\10.0.302\Sdks\Microsoft.NET.Sdk\targets\Microsoft.NET.DesignerSupport.targets(21,5): message :     " (previous value: "
       C:\Program Files\dotnet\sdk\10.0.302\Sdks\Microsoft.NET.Sdk\targets\Microsoft.NET.DesignerSupport.targets(21,5): message :       ;
       C:\Program Files\dotnet\sdk\10.0.302\Sdks\Microsoft.NET.Sdk\targets\Microsoft.NET.DesignerSupport.targets(21,5): message :       
       C:\Program Files\dotnet\sdk\10.0.302\Sdks\Microsoft.NET.Sdk\targets\Microsoft.NET.DesignerSupport.targets(21,5): message :       ;
       C:\Program Files\dotnet\sdk\10.0.302\Sdks\Microsoft.NET.Sdk\targets\Microsoft.NET.DesignerSupport.targets(21,5): message :       BuildOnlySettings;
       C:\Program Files\dotnet\sdk\10.0.302\Sdks\Microsoft.NET.Sdk\targets\Microsoft.NET.DesignerSupport.targets(21,5): message :       PrepareForBuild;
       C:\Program Files\dotnet\sdk\10.0.302\Sdks\Microsoft.NET.Sdk\targets\Microsoft.NET.DesignerSupport.targets(21,5): message :       AssignTargetPaths;
       C:\Program Files\dotnet\sdk\10.0.302\Sdks\Microsoft.NET.Sdk\targets\Microsoft.NET.DesignerSupport.targets(21,5): message :       ResolveReferences
       C:\Program Files\dotnet\sdk\10.0.302\Sdks\Microsoft.NET.Sdk\targets\Microsoft.NET.DesignerSupport.targets(21,5): message :     
       C:\Program Files\dotnet\sdk\10.0.302\Sdks\Microsoft.NET.Sdk\targets\Microsoft.NET.DesignerSupport.targets(21,5): message :     ") at C:\Program Files\dotnet\sdk\10.0.302\Sdks\Microsoft.NET.Sdk\targets\Microsoft.NET.DesignerSupport.targets (21,5)
       C:\Program Files\dotnet\sdk\10.0.302\Sdks\Microsoft.NET.Sdk\targets\Microsoft.NET.Sdk.CSharp.targets(31,5): message : Property reassignment: $(DefineConstants)="TRACE;DEBUG" (previous value: "TRACE") at C:\Program Files\dotnet\sdk\10.0.302\Sdks\Microsoft.NET.Sdk\targets\Microsoft.NET.Sdk.CSharp.targets (31,5)
       C:\Program Files\dotnet\sdk\10.0.302\Sdks\Microsoft.NET.Sdk\targets\Microsoft.NET.Sdk.CSharp.targets(45,5): message : Property reassignment: $(WarningsAsErrors)=";NU1605;SYSLIB0011" (previous value: ";NU1605") at C:\Program Files\dotnet\sdk\10.0.302\Sdks\Microsoft.NET.Sdk\targets\Microsoft.NET.Sdk.CSharp.targets (45,5)
       C:\Program Files\dotnet\sdk\10.0.302\Sdks\Microsoft.NET.Sdk\targets\Microsoft.NET.Windows.targets(239,5): message : Property reassignment: $(_RunCsWinRTGeneratorPropertyInputsCachePath)="C:\Users\quan\Documents\smart_fan_cooling_windows_app\obj\x64\Debug\net9.0-windows10.0.22621.0\win-x64\smart_fan_cooling_windows_app.cswinrtgen.cache" (previous value: "obj\x64\Debug\net9.0-windows10.0.22621.0\win-x64\smart_fan_cooling_windows_app.cswinrtgen.cache") at C:\Program Files\dotnet\sdk\10.0.302\Sdks\Microsoft.NET.Sdk\targets\Microsoft.NET.Windows.targets (239,5)
       C:\Program Files\dotnet\sdk\10.0.302\NuGet.Build.Tasks.Pack.targets(34,5): message : Property reassignment: $(PackageDescription)="Package Description" (previous value: "") at C:\Program Files\dotnet\sdk\10.0.302\NuGet.Build.Tasks.Pack.targets (34,5)
       C:\Program Files\dotnet\sdk\10.0.302\NuGet.Build.Tasks.Pack.targets(59,5): message : Property reassignment: $(GenerateNuspecDependsOn)="Build;_LoadPackInputItems; _GetTargetFrameworksOutput; _WalkEachTargetPerFramework; _GetPackageFiles; " (previous value: "_LoadPackInputItems; _GetTargetFrameworksOutput; _WalkEachTargetPerFramework; _GetPackageFiles; ") at C:\Program Files\dotnet\sdk\10.0.302\NuGet.Build.Tasks.Pack.targets (59,5)
       C:\Program Files\dotnet\sdk\10.0.302\Sdks\Microsoft.NET.Sdk\Sdk\Sdk.targets(59,5): message : Property reassignment: $(_IsNotSetContainersTargetsDir)="true" (previous value: "false") at C:\Program Files\dotnet\sdk\10.0.302\Sdks\Microsoft.NET.Sdk\Sdk\Sdk.targets (59,5)
       C:\Program Files\dotnet\sdk\10.0.302\Containers\build\Microsoft.NET.Build.Containers.targets(5,5): message : Property reassignment: $(_IsSDKContainerAllowedVersion)="true" (previous value: "false") at C:\Program Files\dotnet\sdk\10.0.302\Containers\build\Microsoft.NET.Build.Containers.targets (5,5)
       C:\Program Files\dotnet\sdk\10.0.302\Containers\build\Microsoft.NET.Build.Containers.targets(15,5): message : Property reassignment: $(_ContainerIsTargetingNet8TFM)="true" (previous value: "false") at C:\Program Files\dotnet\sdk\10.0.302\Containers\build\Microsoft.NET.Build.Containers.targets (15,5)
       Overriding target "ResolveFrameworkReferences" in project "C:\Program Files\dotnet\sdk\10.0.302\Microsoft.Common.CurrentVersion.targets" with target "ResolveFrameworkReferences" from project "C:\Program Files\dotnet\sdk\10.0.302\Sdks\Microsoft.NET.Sdk\targets\Microsoft.NET.Sdk.FrameworkReferenceResolution.targets".
       Overriding target "GenerateSupportedTargetFrameworkAlias" in project "C:\Program Files\dotnet\sdk\10.0.302\Microsoft.Common.CurrentVersion.targets" with target "GenerateSupportedTargetFrameworkAlias" from project "C:\Program Files\dotnet\sdk\10.0.302\Sdks\Microsoft.NET.Sdk\targets\Microsoft.NET.Sdk.targets".
       Overriding target "GetReferenceAssemblyPaths" in project "C:\Program Files\dotnet\sdk\10.0.302\Microsoft.Common.CurrentVersion.targets" with target "GetReferenceAssemblyPaths" from project "C:\Program Files\dotnet\sdk\10.0.302\Sdks\Microsoft.NET.Sdk\targets\Microsoft.NET.DisableStandardFrameworkResolution.targets".
       Overriding target "GetFrameworkPaths" in project "C:\Program Files\dotnet\sdk\10.0.302\Microsoft.Common.CurrentVersion.targets" with target "GetFrameworkPaths" from project "C:\Program Files\dotnet\sdk\10.0.302\Sdks\Microsoft.NET.Sdk\targets\Microsoft.NET.DisableStandardFrameworkResolution.targets".
       Overriding target "DesignerRuntimeImplementationProjectOutputGroup" in project "C:\Program Files\dotnet\sdk\10.0.302\Microsoft.Common.CurrentVersion.targets" with target "DesignerRuntimeImplementationProjectOutputGroup" from project "C:\Program Files\dotnet\sdk\10.0.302\Sdks\Microsoft.NET.Sdk\targets\Microsoft.NET.DesignerSupport.targets".
       Overriding target "Publish" in project "C:\Program Files\dotnet\sdk\10.0.302\Microsoft.Common.CurrentVersion.targets" with target "Publish" from project "C:\Program Files\dotnet\sdk\10.0.302\Sdks\Microsoft.NET.Sdk\targets\Microsoft.NET.Publish.targets".
       Overriding target "ResolveReadyToRunCompilers" in project "C:\Program Files\dotnet\sdk\10.0.302\Sdks\Microsoft.NET.Sdk\targets\Microsoft.NET.CrossGen.targets" with target "ResolveReadyToRunCompilers" from project "C:\Program Files\dotnet\sdk\10.0.302\Sdks\Microsoft.NET.Sdk\targets\Microsoft.NET.Publish.targets".
       Overriding target "GetCopyToPublishDirectoryItems" in project "C:\Program Files\dotnet\sdk\10.0.302\Microsoft.Common.CurrentVersion.targets" with target "GetCopyToPublishDirectoryItems" from project "C:\Program Files\dotnet\sdk\10.0.302\Sdks\Microsoft.NET.Sdk\targets\Microsoft.NET.Publish.targets".
       Overriding target "Run" in project "C:\Program Files\dotnet\sdk\10.0.302\Microsoft.Common.CurrentVersion.targets" with target "Run" from project "C:\Program Files\dotnet\sdk\10.0.302\Sdks\Microsoft.NET.Sdk\targets\Microsoft.NET.Sdk.targets".
     1>Project "C:\Users\quan\Documents\smart_fan_cooling_windows_app\smart_fan_cooling_windows_app.csproj" on node 1 (Restore target(s)).
     1>Target "_LoadRestoreGraphEntryPoints" in file "C:\Program Files\dotnet\sdk\10.0.302\NuGet.targets" from project "C:\Users\quan\Documents\smart_fan_cooling_windows_app\smart_fan_cooling_windows_app.csproj" (target "_FilterRestoreGraphProjectInputItems" depends on it):
     1>Done building target "_LoadRestoreGraphEntryPoints" in project "smart_fan_cooling_windows_app.csproj".
     1>Target "_FilterRestoreGraphProjectInputItems" in file "C:\Program Files\dotnet\sdk\10.0.302\NuGet.targets" from project "C:\Users\quan\Documents\smart_fan_cooling_windows_app\smart_fan_cooling_windows_app.csproj" (target "_GenerateRestoreGraph" depends on it):
       Using "RemoveDuplicates" task from assembly "Microsoft.Build.Tasks.Core, Version=15.1.0.0, Culture=neutral, PublicKeyToken=b03f5f7f11d50a3a".
       Task "RemoveDuplicates"
       Done executing task "RemoveDuplicates".
       Using "MSBuild" task from assembly "Microsoft.Build.Tasks.Core, Version=15.1.0.0, Culture=neutral, PublicKeyToken=b03f5f7f11d50a3a".
       Task "MSBuild"
         Global Properties:
           ExcludeRestorePackageImports=true
     0>C:\Program Files\dotnet\sdk\10.0.302\Sdks\Microsoft.NET.Sdk\Sdk\Sdk.props(49,11): message : Property 'MSBuildExtensionsPath' with value 'C:\Program Files\dotnet\sdk\10.0.302\' expanded from the environment.
       C:\Program Files\dotnet\sdk\10.0.302\Current\Microsoft.Common.props(60,5): message : Property reassignment: $(MSBuildProjectExtensionsPath)="C:\Users\quan\Documents\smart_fan_cooling_windows_app\obj\" (previous value: "obj\") at C:\Program Files\dotnet\sdk\10.0.302\Current\Microsoft.Common.props (60,5)
       C:\Program Files\dotnet\sdk\10.0.302\Current\Microsoft.Common.props(84,119): message : Property 'MSBuildUserExtensionsPath' with value 'C:\Users\quan\AppData\Local\Microsoft\MSBuild' expanded from the environment.
       C:\Program Files\dotnet\sdk\10.0.302\Sdks\Microsoft.NET.Sdk\targets\Microsoft.NET.Sdk.props(90,5): message : Property reassignment: $(AssemblySearchPaths)="{CandidateAssemblyFiles};{HintPathFromItem}" (previous value: "{CandidateAssemblyFiles}") at C:\Program Files\dotnet\sdk\10.0.302\Sdks\Microsoft.NET.Sdk\targets\Microsoft.NET.Sdk.props (90,5)
       C:\Program Files\dotnet\sdk\10.0.302\Sdks\Microsoft.NET.Sdk\targets\Microsoft.NET.Sdk.props(91,5): message : Property reassignment: $(AssemblySearchPaths)="{CandidateAssemblyFiles};{HintPathFromItem};{TargetFrameworkDirectory}" (previous value: "{CandidateAssemblyFiles};{HintPathFromItem}") at C:\Program Files\dotnet\sdk\10.0.302\Sdks\Microsoft.NET.Sdk\targets\Microsoft.NET.Sdk.props (91,5)
       C:\Program Files\dotnet\sdk\10.0.302\Sdks\Microsoft.NET.Sdk\targets\Microsoft.NET.Sdk.props(92,5): message : Property reassignment: $(AssemblySearchPaths)="{CandidateAssemblyFiles};{HintPathFromItem};{TargetFrameworkDirectory};{RawFileName}" (previous value: "{CandidateAssemblyFiles};{HintPathFromItem};{TargetFrameworkDirectory}") at C:\Program Files\dotnet\sdk\10.0.302\Sdks\Microsoft.NET.Sdk\targets\Microsoft.NET.Sdk.props (92,5)
       C:\Users\quan\Documents\smart_fan_cooling_windows_app\smart_fan_cooling_windows_app.csproj(3,5): message : Property reassignment: $(OutputType)="WinExe" (previous value: "Library") at C:\Users\quan\Documents\smart_fan_cooling_windows_app\smart_fan_cooling_windows_app.csproj (3,5)
       C:\Users\quan\Documents\smart_fan_cooling_windows_app\smart_fan_cooling_windows_app.csproj(6,5): message : Property reassignment: $(RootNamespace)="SmartFanCooling" (previous value: "smart_fan_cooling_windows_app") at C:\Users\quan\Documents\smart_fan_cooling_windows_app\smart_fan_cooling_windows_app.csproj (6,5)
       C:\Users\quan\Documents\smart_fan_cooling_windows_app\smart_fan_cooling_windows_app.csproj(8,5): message : Property reassignment: $(Platforms)="x64;ARM64" (previous value: "AnyCPU") at C:\Users\quan\Documents\smart_fan_cooling_windows_app\smart_fan_cooling_windows_app.csproj (8,5)
       C:\Users\quan\Documents\smart_fan_cooling_windows_app\smart_fan_cooling_windows_app.csproj(9,5): message : Property reassignment: $(Platform)="x64" (previous value: "AnyCPU") at C:\Users\quan\Documents\smart_fan_cooling_windows_app\smart_fan_cooling_windows_app.csproj (9,5)
       C:\Users\quan\Documents\smart_fan_cooling_windows_app\smart_fan_cooling_windows_app.csproj(18,5): message : Property reassignment: $(AllowUnsafeBlocks)="true" (previous value: "false") at C:\Users\quan\Documents\smart_fan_cooling_windows_app\smart_fan_cooling_windows_app.csproj (18,5)
       C:\Program Files\dotnet\sdk\10.0.302\Sdks\Microsoft.NET.Sdk\targets\Microsoft.NET.Sdk.ImportPublishProfile.targets(28,5): message : Property reassignment: $(PublishProfileImported)="false" (previous value: "true") at C:\Program Files\dotnet\sdk\10.0.302\Sdks\Microsoft.NET.Sdk\targets\Microsoft.NET.Sdk.ImportPublishProfile.targets (28,5)
       C:\Program Files\dotnet\sdk\10.0.302\Sdks\Microsoft.NET.Sdk\targets\Microsoft.NET.TargetFrameworkInference.targets(84,5): message : Property reassignment: $(TargetPlatformIdentifier)="Windows" (previous value: "windows") at C:\Program Files\dotnet\sdk\10.0.302\Sdks\Microsoft.NET.Sdk\targets\Microsoft.NET.TargetFrameworkInference.targets (84,5)
       C:\Program Files\dotnet\sdk\10.0.302\Sdks\Microsoft.NET.Sdk\targets\Microsoft.NET.DefaultOutputPaths.targets(127,5): message : Property reassignment: $(DefaultItemExcludes)=";bin\x64\Debug\/**;obj\x64\Debug\/**" (previous value: ";bin\x64\Debug\/**") at C:\Program Files\dotnet\sdk\10.0.302\Sdks\Microsoft.NET.Sdk\targets\Microsoft.NET.DefaultOutputPaths.targets (127,5)
       C:\Program Files\dotnet\sdk\10.0.302\Sdks\Microsoft.NET.Sdk\targets\Microsoft.NET.DefaultOutputPaths.targets(142,5): message : Property reassignment: $(OutputPath)="bin\x64\Debug\net9.0-windows10.0.22621.0\" (previous value: "bin\x64\Debug\") at C:\Program Files\dotnet\sdk\10.0.302\Sdks\Microsoft.NET.Sdk\targets\Microsoft.NET.DefaultOutputPaths.targets (142,5)
       C:\Program Files\dotnet\sdk\10.0.302\Sdks\Microsoft.NET.Sdk\targets\Microsoft.NET.DefaultOutputPaths.targets(147,5): message : Property reassignment: $(IntermediateOutputPath)="obj\x64\Debug\net9.0-windows10.0.22621.0\" (previous value: "obj\x64\Debug\") at C:\Program Files\dotnet\sdk\10.0.302\Sdks\Microsoft.NET.Sdk\targets\Microsoft.NET.DefaultOutputPaths.targets (147,5)
       C:\Program Files\dotnet\sdk\10.0.302\Sdks\Microsoft.NET.Sdk\targets\Microsoft.NET.RuntimeIdentifierInference.targets(401,5): message : Property reassignment: $(IntermediateOutputPath)="obj\x64\Debug\net9.0-windows10.0.22621.0\win-x64\" (previous value: "obj\x64\Debug\net9.0-windows10.0.22621.0\") at C:\Program Files\dotnet\sdk\10.0.302\Sdks\Microsoft.NET.Sdk\targets\Microsoft.NET.RuntimeIdentifierInference.targets (401,5)
       C:\Program Files\dotnet\sdk\10.0.302\Sdks\Microsoft.NET.Sdk\targets\Microsoft.NET.RuntimeIdentifierInference.targets(402,5): message : Property reassignment: $(OutputPath)="bin\x64\Debug\net9.0-windows10.0.22621.0\win-x64\" (previous value: "bin\x64\Debug\net9.0-windows10.0.22621.0\") at C:\Program Files\dotnet\sdk\10.0.302\Sdks\Microsoft.NET.Sdk\targets\Microsoft.NET.RuntimeIdentifierInference.targets (402,5)
       C:\Program Files\dotnet\sdk\10.0.302\Sdks\Microsoft.NET.Sdk\targets\Microsoft.NET.Sdk.BeforeCommon.targets(379,5): message : Property reassignment: $(RoslynTargetsPath)="C:\Program Files\dotnet\sdk\10.0.302\Sdks\Microsoft.NET.Sdk\targets\..\..\..\Roslyn" (previous value: "C:\Program Files\dotnet\sdk\10.0.302\Roslyn") at C:\Program Files\dotnet\sdk\10.0.302\Sdks\Microsoft.NET.Sdk\targets\Microsoft.NET.Sdk.BeforeCommon.targets (379,5)
       C:\Program Files\dotnet\sdk\10.0.302\Roslyn\Microsoft.Managed.Core.targets(6,5): message : Property reassignment: $(_BuildTasksDirectory)="C:\Program Files\dotnet\sdk\10.0.302\Sdks\Microsoft.NET.Sdk\targets\..\..\..\Roslyn\" (previous value: "C:\Program Files\dotnet\sdk\10.0.302\Roslyn\") at C:\Program Files\dotnet\sdk\10.0.302\Roslyn\Microsoft.Managed.Core.targets (6,5)
       C:\Program Files\dotnet\sdk\10.0.302\Roslyn\Microsoft.CSharp.Core.targets(213,5): message : Property reassignment: $(CommandLineArgsForDesignTimeEvaluation)="-langversion:13.0 -define:TRACE" (previous value: "-langversion:13.0") at C:\Program Files\dotnet\sdk\10.0.302\Roslyn\Microsoft.CSharp.Core.targets (213,5)
       C:\Program Files\dotnet\sdk\10.0.302\Microsoft.Common.CurrentVersion.targets(175,5): message : Property reassignment: $(_DebugSymbolsProduced)="true" (previous value: "false") at C:\Program Files\dotnet\sdk\10.0.302\Microsoft.Common.CurrentVersion.targets (175,5)
       C:\Program Files\dotnet\sdk\10.0.302\Microsoft.Common.CurrentVersion.targets(185,5): message : Property reassignment: $(_DocumentationFileProduced)="false" (previous value: "true") at C:\Program Files\dotnet\sdk\10.0.302\Microsoft.Common.CurrentVersion.targets (185,5)
       C:\Program Files\dotnet\sdk\10.0.302\Microsoft.Common.CurrentVersion.targets(392,5): message : Property reassignment: $(MSBuildCopyMarkerName)="smart_fa.88C809BE" (previous value: "smart_fan_cooling_windows_app.csproj") at C:\Program Files\dotnet\sdk\10.0.302\Microsoft.Common.CurrentVersion.targets (392,5)
       C:\Program Files\dotnet\sdk\10.0.302\Microsoft.Common.CurrentVersion.targets(393,5): message : Property reassignment: $(MSBuildCopyMarkerName)="smart_fa.88C809BE.Up2Date" (previous value: "smart_fa.88C809BE") at C:\Program Files\dotnet\sdk\10.0.302\Microsoft.Common.CurrentVersion.targets (393,5)
       C:\Program Files\dotnet\sdk\10.0.302\Microsoft.Common.CurrentVersion.targets(528,5): message : Property reassignment: $(ProcessorArchitecture)="amd64" (previous value: "x64") at C:\Program Files\dotnet\sdk\10.0.302\Microsoft.Common.CurrentVersion.targets (528,5)
       C:\Program Files\dotnet\sdk\10.0.302\Microsoft.Common.CurrentVersion.targets(580,5): message : Property reassignment: $(DelaySign)="" (previous value: "false") at C:\Program Files\dotnet\sdk\10.0.302\Microsoft.Common.CurrentVersion.targets (580,5)
       C:\Program Files\dotnet\sdk\10.0.302\Microsoft.Common.CurrentVersion.targets(2622,5): message : Property 'LOCALAPPDATA' with value 'C:\Users\quan\AppData\Local' expanded from the environment.
       C:\Program Files\dotnet\sdk\10.0.302\Microsoft.Common.CurrentVersion.targets(3950,5): message : Property reassignment: $(_SGenGenerateSerializationAssembliesConfig)="Auto" (previous value: "") at C:\Program Files\dotnet\sdk\10.0.302\Microsoft.Common.CurrentVersion.targets (3950,5)
       C:\Program Files\dotnet\sdk\10.0.302\Microsoft.Common.CurrentVersion.targets(3951,5): message : Property reassignment: $(_SGenGenerateSerializationAssembliesConfig)="Off" (previous value: "Auto") at C:\Program Files\dotnet\sdk\10.0.302\Microsoft.Common.CurrentVersion.targets (3951,5)
       C:\Program Files\dotnet\sdk\10.0.302\Microsoft.Common.CurrentVersion.targets(5162,5): message : Property reassignment: $(_TargetsThatPrepareProjectReferences)="
       C:\Program Files\dotnet\sdk\10.0.302\Microsoft.Common.CurrentVersion.targets(5162,5): message :       AssignProjectConfiguration;
       C:\Program Files\dotnet\sdk\10.0.302\Microsoft.Common.CurrentVersion.targets(5162,5): message :       _SplitProjectReferencesByFileExistence
       C:\Program Files\dotnet\sdk\10.0.302\Microsoft.Common.CurrentVersion.targets(5162,5): message :     " (previous value: "_SplitProjectReferencesByFileExistence") at C:\Program Files\dotnet\sdk\10.0.302\Microsoft.Common.CurrentVersion.targets (5162,5)
       C:\Program Files\dotnet\sdk\10.0.302\Microsoft.Common.CurrentVersion.targets(6975,5): message : Property 'MSBuildExtensionsPath32' with value 'C:\Program Files\dotnet\sdk\10.0.302' expanded from the environment.
       The "NuGetInteractive" property is a global property, and cannot be modified.
       C:\Program Files\dotnet\sdk\10.0.302\Sdks\Microsoft.NET.Sdk\targets\Microsoft.PackageDependencyResolution.targets(24,5): message : Property reassignment: $(ProjectAssetsFile)="C:\Users\quan\Documents\smart_fan_cooling_windows_app\obj\project.assets.json" (previous value: "C:\Users\quan\Documents\smart_fan_cooling_windows_app\obj\/project.assets.json") at C:\Program Files\dotnet\sdk\10.0.302\Sdks\Microsoft.NET.Sdk\targets\Microsoft.PackageDependencyResolution.targets (24,5)
       C:\Program Files\dotnet\sdk\10.0.302\Sdks\Microsoft.NET.Sdk\targets\Microsoft.PackageDependencyResolution.targets(29,5): message : Property reassignment: $(ProjectAssetsCacheFile)="C:\Users\quan\Documents\smart_fan_cooling_windows_app\obj\x64\Debug\net9.0-windows10.0.22621.0\win-x64\smart_fan_cooling_windows_app.assets.cache" (previous value: "obj\x64\Debug\net9.0-windows10.0.22621.0\win-x64\smart_fan_cooling_windows_app.assets.cache") at C:\Program Files\dotnet\sdk\10.0.302\Sdks\Microsoft.NET.Sdk\targets\Microsoft.PackageDependencyResolution.targets (29,5)
       C:\Program Files\dotnet\sdk\10.0.302\Sdks\Microsoft.NET.Sdk\targets\Microsoft.PackageDependencyResolution.targets(80,5): message : Property reassignment: $(ResolveAssemblyReferencesDependsOn)="
       C:\Program Files\dotnet\sdk\10.0.302\Sdks\Microsoft.NET.Sdk\targets\Microsoft.PackageDependencyResolution.targets(80,5): message :       
       C:\Program Files\dotnet\sdk\10.0.302\Sdks\Microsoft.NET.Sdk\targets\Microsoft.PackageDependencyResolution.targets(80,5): message :       ResolveProjectReferences;
       C:\Program Files\dotnet\sdk\10.0.302\Sdks\Microsoft.NET.Sdk\targets\Microsoft.PackageDependencyResolution.targets(80,5): message :       FindInvalidProjectReferences;
       C:\Program Files\dotnet\sdk\10.0.302\Sdks\Microsoft.NET.Sdk\targets\Microsoft.PackageDependencyResolution.targets(80,5): message :       GetFrameworkPaths;
       C:\Program Files\dotnet\sdk\10.0.302\Sdks\Microsoft.NET.Sdk\targets\Microsoft.PackageDependencyResolution.targets(80,5): message :       GetReferenceAssemblyPaths;
       C:\Program Files\dotnet\sdk\10.0.302\Sdks\Microsoft.NET.Sdk\targets\Microsoft.PackageDependencyResolution.targets(80,5): message :       PrepareForBuild;
       C:\Program Files\dotnet\sdk\10.0.302\Sdks\Microsoft.NET.Sdk\targets\Microsoft.PackageDependencyResolution.targets(80,5): message :       ResolveSDKReferences;
       C:\Program Files\dotnet\sdk\10.0.302\Sdks\Microsoft.NET.Sdk\targets\Microsoft.PackageDependencyResolution.targets(80,5): message :       ExpandSDKReferences;
       C:\Program Files\dotnet\sdk\10.0.302\Sdks\Microsoft.NET.Sdk\targets\Microsoft.PackageDependencyResolution.targets(80,5): message :     ;
       C:\Program Files\dotnet\sdk\10.0.302\Sdks\Microsoft.NET.Sdk\targets\Microsoft.PackageDependencyResolution.targets(80,5): message :       ResolvePackageDependenciesForBuild;
       C:\Program Files\dotnet\sdk\10.0.302\Sdks\Microsoft.NET.Sdk\targets\Microsoft.PackageDependencyResolution.targets(80,5): message :       _HandlePackageFileConflicts;
       C:\Program Files\dotnet\sdk\10.0.302\Sdks\Microsoft.NET.Sdk\targets\Microsoft.PackageDependencyResolution.targets(80,5): message :     " (previous value: "
       C:\Program Files\dotnet\sdk\10.0.302\Sdks\Microsoft.NET.Sdk\targets\Microsoft.PackageDependencyResolution.targets(80,5): message :       ResolveProjectReferences;
       C:\Program Files\dotnet\sdk\10.0.302\Sdks\Microsoft.NET.Sdk\targets\Microsoft.PackageDependencyResolution.targets(80,5): message :       FindInvalidProjectReferences;
       C:\Program Files\dotnet\sdk\10.0.302\Sdks\Microsoft.NET.Sdk\targets\Microsoft.PackageDependencyResolution.targets(80,5): message :       GetFrameworkPaths;
       C:\Program Files\dotnet\sdk\10.0.302\Sdks\Microsoft.NET.Sdk\targets\Microsoft.PackageDependencyResolution.targets(80,5): message :       GetReferenceAssemblyPaths;
       C:\Program Files\dotnet\sdk\10.0.302\Sdks\Microsoft.NET.Sdk\targets\Microsoft.PackageDependencyResolution.targets(80,5): message :       PrepareForBuild;
       C:\Program Files\dotnet\sdk\10.0.302\Sdks\Microsoft.NET.Sdk\targets\Microsoft.PackageDependencyResolution.targets(80,5): message :       ResolveSDKReferences;
       C:\Program Files\dotnet\sdk\10.0.302\Sdks\Microsoft.NET.Sdk\targets\Microsoft.PackageDependencyResolution.targets(80,5): message :       ExpandSDKReferences;
       C:\Program Files\dotnet\sdk\10.0.302\Sdks\Microsoft.NET.Sdk\targets\Microsoft.PackageDependencyResolution.targets(80,5): message :     ") at C:\Program Files\dotnet\sdk\10.0.302\Sdks\Microsoft.NET.Sdk\targets\Microsoft.PackageDependencyResolution.targets (80,5)
       C:\Program Files\dotnet\sdk\10.0.302\Sdks\Microsoft.NET.Sdk\targets\Microsoft.PackageDependencyResolution.targets(86,5): message : Property reassignment: $(PrepareResourcesDependsOn)="
       C:\Program Files\dotnet\sdk\10.0.302\Sdks\Microsoft.NET.Sdk\targets\Microsoft.PackageDependencyResolution.targets(86,5): message :       ResolvePackageDependenciesForBuild;
       C:\Program Files\dotnet\sdk\10.0.302\Sdks\Microsoft.NET.Sdk\targets\Microsoft.PackageDependencyResolution.targets(86,5): message :       _HandlePackageFileConflicts;
       C:\Program Files\dotnet\sdk\10.0.302\Sdks\Microsoft.NET.Sdk\targets\Microsoft.PackageDependencyResolution.targets(86,5): message :       
       C:\Program Files\dotnet\sdk\10.0.302\Sdks\Microsoft.NET.Sdk\targets\Microsoft.PackageDependencyResolution.targets(86,5): message :       ;
       C:\Program Files\dotnet\sdk\10.0.302\Sdks\Microsoft.NET.Sdk\targets\Microsoft.PackageDependencyResolution.targets(86,5): message :       PrepareResourceNames;
       C:\Program Files\dotnet\sdk\10.0.302\Sdks\Microsoft.NET.Sdk\targets\Microsoft.PackageDependencyResolution.targets(86,5): message :       ResGen;
       C:\Program Files\dotnet\sdk\10.0.302\Sdks\Microsoft.NET.Sdk\targets\Microsoft.PackageDependencyResolution.targets(86,5): message :       CompileLicxFiles
       C:\Program Files\dotnet\sdk\10.0.302\Sdks\Microsoft.NET.Sdk\targets\Microsoft.PackageDependencyResolution.targets(86,5): message :     
       C:\Program Files\dotnet\sdk\10.0.302\Sdks\Microsoft.NET.Sdk\targets\Microsoft.PackageDependencyResolution.targets(86,5): message :     " (previous value: "
       C:\Program Files\dotnet\sdk\10.0.302\Sdks\Microsoft.NET.Sdk\targets\Microsoft.PackageDependencyResolution.targets(86,5): message :       ;
       C:\Program Files\dotnet\sdk\10.0.302\Sdks\Microsoft.NET.Sdk\targets\Microsoft.PackageDependencyResolution.targets(86,5): message :       PrepareResourceNames;
       C:\Program Files\dotnet\sdk\10.0.302\Sdks\Microsoft.NET.Sdk\targets\Microsoft.PackageDependencyResolution.targets(86,5): message :       ResGen;
       C:\Program Files\dotnet\sdk\10.0.302\Sdks\Microsoft.NET.Sdk\targets\Microsoft.PackageDependencyResolution.targets(86,5): message :       CompileLicxFiles
       C:\Program Files\dotnet\sdk\10.0.302\Sdks\Microsoft.NET.Sdk\targets\Microsoft.PackageDependencyResolution.targets(86,5): message :     ") at C:\Program Files\dotnet\sdk\10.0.302\Sdks\Microsoft.NET.Sdk\targets\Microsoft.PackageDependencyResolution.targets (86,5)
       The "EnableDefaultCompileItems" property is a global property, and cannot be modified.
       The "EnableDefaultEmbeddedResourceItems" property is a global property, and cannot be modified.
       The "EnableDefaultNoneItems" property is a global property, and cannot be modified.
       C:\Program Files\dotnet\sdk\10.0.302\Sdks\Microsoft.NET.Sdk\targets\Microsoft.NET.Sdk.DefaultItems.targets(35,5): message : Property reassignment: $(DefaultItemExcludes)=";bin\x64\Debug\/**;obj\x64\Debug\/**;bin\/**" (previous value: ";bin\x64\Debug\/**;obj\x64\Debug\/**") at C:\Program Files\dotnet\sdk\10.0.302\Sdks\Microsoft.NET.Sdk\targets\Microsoft.NET.Sdk.DefaultItems.targets (35,5)
       C:\Program Files\dotnet\sdk\10.0.302\Sdks\Microsoft.NET.Sdk\targets\Microsoft.NET.Sdk.DefaultItems.targets(37,5): message : Property reassignment: $(DefaultItemExcludes)=";bin\x64\Debug\/**;obj\x64\Debug\/**;bin\/**;obj\/**" (previous value: ";bin\x64\Debug\/**;obj\x64\Debug\/**;bin\/**") at C:\Program Files\dotnet\sdk\10.0.302\Sdks\Microsoft.NET.Sdk\targets\Microsoft.NET.Sdk.DefaultItems.targets (37,5)
       C:\Program Files\dotnet\sdk\10.0.302\Sdks\Microsoft.NET.Sdk\targets\Microsoft.NET.Sdk.DefaultItems.targets(41,5): message : Property reassignment: $(DefaultItemExcludes)=";bin\x64\Debug\/**;obj\x64\Debug\/**;bin\/**;obj\/**;bin\x64\Debug\net9.0-windows10.0.22621.0\win-x64\publish\/**" (previous value: ";bin\x64\Debug\/**;obj\x64\Debug\/**;bin\/**;obj\/**") at C:\Program Files\dotnet\sdk\10.0.302\Sdks\Microsoft.NET.Sdk\targets\Microsoft.NET.Sdk.DefaultItems.targets (41,5)
       C:\Program Files\dotnet\sdk\10.0.302\Sdks\Microsoft.NET.Sdk\targets\Microsoft.NET.Sdk.DefaultItems.targets(44,5): message : Property reassignment: $(DefaultItemExcludes)=";bin\x64\Debug\/**;obj\x64\Debug\/**;bin\/**;obj\/**;bin\x64\Debug\net9.0-windows10.0.22621.0\win-x64\publish\/**;**/*.user" (previous value: ";bin\x64\Debug\/**;obj\x64\Debug\/**;bin\/**;obj\/**;bin\x64\Debug\net9.0-windows10.0.22621.0\win-x64\publish\/**") at C:\Program Files\dotnet\sdk\10.0.302\Sdks\Microsoft.NET.Sdk\targets\Microsoft.NET.Sdk.DefaultItems.targets (44,5)
       C:\Program Files\dotnet\sdk\10.0.302\Sdks\Microsoft.NET.Sdk\targets\Microsoft.NET.Sdk.DefaultItems.targets(45,5): message : Property reassignment: $(DefaultItemExcludes)=";bin\x64\Debug\/**;obj\x64\Debug\/**;bin\/**;obj\/**;bin\x64\Debug\net9.0-windows10.0.22621.0\win-x64\publish\/**;**/*.user;**/*.*proj" (previous value: ";bin\x64\Debug\/**;obj\x64\Debug\/**;bin\/**;obj\/**;bin\x64\Debug\net9.0-windows10.0.22621.0\win-x64\publish\/**;**/*.user") at C:\Program Files\dotnet\sdk\10.0.302\Sdks\Microsoft.NET.Sdk\targets\Microsoft.NET.Sdk.DefaultItems.targets (45,5)
       C:\Program Files\dotnet\sdk\10.0.302\Sdks\Microsoft.NET.Sdk\targets\Microsoft.NET.Sdk.DefaultItems.targets(46,5): message : Property reassignment: $(DefaultItemExcludes)=";bin\x64\Debug\/**;obj\x64\Debug\/**;bin\/**;obj\/**;bin\x64\Debug\net9.0-windows10.0.22621.0\win-x64\publish\/**;**/*.user;**/*.*proj;**/*.sln" (previous value: ";bin\x64\Debug\/**;obj\x64\Debug\/**;bin\/**;obj\/**;bin\x64\Debug\net9.0-windows10.0.22621.0\win-x64\publish\/**;**/*.user;**/*.*proj") at C:\Program Files\dotnet\sdk\10.0.302\Sdks\Microsoft.NET.Sdk\targets\Microsoft.NET.Sdk.DefaultItems.targets (46,5)
       C:\Program Files\dotnet\sdk\10.0.302\Sdks\Microsoft.NET.Sdk\targets\Microsoft.NET.Sdk.DefaultItems.targets(47,5): message : Property reassignment: $(DefaultItemExcludes)=";bin\x64\Debug\/**;obj\x64\Debug\/**;bin\/**;obj\/**;bin\x64\Debug\net9.0-windows10.0.22621.0\win-x64\publish\/**;**/*.user;**/*.*proj;**/*.sln;**/*.slnx" (previous value: ";bin\x64\Debug\/**;obj\x64\Debug\/**;bin\/**;obj\/**;bin\x64\Debug\net9.0-windows10.0.22621.0\win-x64\publish\/**;**/*.user;**/*.*proj;**/*.sln") at C:\Program Files\dotnet\sdk\10.0.302\Sdks\Microsoft.NET.Sdk\targets\Microsoft.NET.Sdk.DefaultItems.targets (47,5)
       C:\Program Files\dotnet\sdk\10.0.302\Sdks\Microsoft.NET.Sdk\targets\Microsoft.NET.Sdk.DefaultItems.targets(48,5): message : Property reassignment: $(DefaultItemExcludes)=";bin\x64\Debug\/**;obj\x64\Debug\/**;bin\/**;obj\/**;bin\x64\Debug\net9.0-windows10.0.22621.0\win-x64\publish\/**;**/*.user;**/*.*proj;**/*.sln;**/*.slnx;**/*.vssscc" (previous value: ";bin\x64\Debug\/**;obj\x64\Debug\/**;bin\/**;obj\/**;bin\x64\Debug\net9.0-windows10.0.22621.0\win-x64\publish\/**;**/*.user;**/*.*proj;**/*.sln;**/*.slnx") at C:\Program Files\dotnet\sdk\10.0.302\Sdks\Microsoft.NET.Sdk\targets\Microsoft.NET.Sdk.DefaultItems.targets (48,5)
       C:\Program Files\dotnet\sdk\10.0.302\Sdks\Microsoft.NET.Sdk\targets\Microsoft.NET.Sdk.DefaultItems.targets(49,5): message : Property reassignment: $(DefaultItemExcludes)=";bin\x64\Debug\/**;obj\x64\Debug\/**;bin\/**;obj\/**;bin\x64\Debug\net9.0-windows10.0.22621.0\win-x64\publish\/**;**/*.user;**/*.*proj;**/*.sln;**/*.slnx;**/*.vssscc;**/.DS_Store" (previous value: ";bin\x64\Debug\/**;obj\x64\Debug\/**;bin\/**;obj\/**;bin\x64\Debug\net9.0-windows10.0.22621.0\win-x64\publish\/**;**/*.user;**/*.*proj;**/*.sln;**/*.slnx;**/*.vssscc") at C:\Program Files\dotnet\sdk\10.0.302\Sdks\Microsoft.NET.Sdk\targets\Microsoft.NET.Sdk.DefaultItems.targets (49,5)
       C:\Program Files\dotnet\sdk\10.0.302\Sdks\Microsoft.NET.Sdk\targets\Microsoft.NET.Sdk.FrameworkReferenceResolution.targets(14,5): message : Property reassignment: $(ResolveAssemblyReferencesDependsOn)="
       C:\Program Files\dotnet\sdk\10.0.302\Sdks\Microsoft.NET.Sdk\targets\Microsoft.NET.Sdk.FrameworkReferenceResolution.targets(14,5): message :       
       C:\Program Files\dotnet\sdk\10.0.302\Sdks\Microsoft.NET.Sdk\targets\Microsoft.NET.Sdk.FrameworkReferenceResolution.targets(14,5): message :       
       C:\Program Files\dotnet\sdk\10.0.302\Sdks\Microsoft.NET.Sdk\targets\Microsoft.NET.Sdk.FrameworkReferenceResolution.targets(14,5): message :       ResolveProjectReferences;
       C:\Program Files\dotnet\sdk\10.0.302\Sdks\Microsoft.NET.Sdk\targets\Microsoft.NET.Sdk.FrameworkReferenceResolution.targets(14,5): message :       FindInvalidProjectReferences;
       C:\Program Files\dotnet\sdk\10.0.302\Sdks\Microsoft.NET.Sdk\targets\Microsoft.NET.Sdk.FrameworkReferenceResolution.targets(14,5): message :       GetFrameworkPaths;
       C:\Program Files\dotnet\sdk\10.0.302\Sdks\Microsoft.NET.Sdk\targets\Microsoft.NET.Sdk.FrameworkReferenceResolution.targets(14,5): message :       GetReferenceAssemblyPaths;
       C:\Program Files\dotnet\sdk\10.0.302\Sdks\Microsoft.NET.Sdk\targets\Microsoft.NET.Sdk.FrameworkReferenceResolution.targets(14,5): message :       PrepareForBuild;
       C:\Program Files\dotnet\sdk\10.0.302\Sdks\Microsoft.NET.Sdk\targets\Microsoft.NET.Sdk.FrameworkReferenceResolution.targets(14,5): message :       ResolveSDKReferences;
       C:\Program Files\dotnet\sdk\10.0.302\Sdks\Microsoft.NET.Sdk\targets\Microsoft.NET.Sdk.FrameworkReferenceResolution.targets(14,5): message :       ExpandSDKReferences;
       C:\Program Files\dotnet\sdk\10.0.302\Sdks\Microsoft.NET.Sdk\targets\Microsoft.NET.Sdk.FrameworkReferenceResolution.targets(14,5): message :     ;
       C:\Program Files\dotnet\sdk\10.0.302\Sdks\Microsoft.NET.Sdk\targets\Microsoft.NET.Sdk.FrameworkReferenceResolution.targets(14,5): message :       ResolvePackageDependenciesForBuild;
       C:\Program Files\dotnet\sdk\10.0.302\Sdks\Microsoft.NET.Sdk\targets\Microsoft.NET.Sdk.FrameworkReferenceResolution.targets(14,5): message :       _HandlePackageFileConflicts;
       C:\Program Files\dotnet\sdk\10.0.302\Sdks\Microsoft.NET.Sdk\targets\Microsoft.NET.Sdk.FrameworkReferenceResolution.targets(14,5): message :     ;
       C:\Program Files\dotnet\sdk\10.0.302\Sdks\Microsoft.NET.Sdk\targets\Microsoft.NET.Sdk.FrameworkReferenceResolution.targets(14,5): message :       ResolveTargetingPackAssets;
       C:\Program Files\dotnet\sdk\10.0.302\Sdks\Microsoft.NET.Sdk\targets\Microsoft.NET.Sdk.FrameworkReferenceResolution.targets(14,5): message :     " (previous value: "
       C:\Program Files\dotnet\sdk\10.0.302\Sdks\Microsoft.NET.Sdk\targets\Microsoft.NET.Sdk.FrameworkReferenceResolution.targets(14,5): message :       
       C:\Program Files\dotnet\sdk\10.0.302\Sdks\Microsoft.NET.Sdk\targets\Microsoft.NET.Sdk.FrameworkReferenceResolution.targets(14,5): message :       ResolveProjectReferences;
       C:\Program Files\dotnet\sdk\10.0.302\Sdks\Microsoft.NET.Sdk\targets\Microsoft.NET.Sdk.FrameworkReferenceResolution.targets(14,5): message :       FindInvalidProjectReferences;
       C:\Program Files\dotnet\sdk\10.0.302\Sdks\Microsoft.NET.Sdk\targets\Microsoft.NET.Sdk.FrameworkReferenceResolution.targets(14,5): message :       GetFrameworkPaths;
       C:\Program Files\dotnet\sdk\10.0.302\Sdks\Microsoft.NET.Sdk\targets\Microsoft.NET.Sdk.FrameworkReferenceResolution.targets(14,5): message :       GetReferenceAssemblyPaths;
       C:\Program Files\dotnet\sdk\10.0.302\Sdks\Microsoft.NET.Sdk\targets\Microsoft.NET.Sdk.FrameworkReferenceResolution.targets(14,5): message :       PrepareForBuild;
       C:\Program Files\dotnet\sdk\10.0.302\Sdks\Microsoft.NET.Sdk\targets\Microsoft.NET.Sdk.FrameworkReferenceResolution.targets(14,5): message :       ResolveSDKReferences;
       C:\Program Files\dotnet\sdk\10.0.302\Sdks\Microsoft.NET.Sdk\targets\Microsoft.NET.Sdk.FrameworkReferenceResolution.targets(14,5): message :       ExpandSDKReferences;
       C:\Program Files\dotnet\sdk\10.0.302\Sdks\Microsoft.NET.Sdk\targets\Microsoft.NET.Sdk.FrameworkReferenceResolution.targets(14,5): message :     ;
       C:\Program Files\dotnet\sdk\10.0.302\Sdks\Microsoft.NET.Sdk\targets\Microsoft.NET.Sdk.FrameworkReferenceResolution.targets(14,5): message :       ResolvePackageDependenciesForBuild;
       C:\Program Files\dotnet\sdk\10.0.302\Sdks\Microsoft.NET.Sdk\targets\Microsoft.NET.Sdk.FrameworkReferenceResolution.targets(14,5): message :       _HandlePackageFileConflicts;
       C:\Program Files\dotnet\sdk\10.0.302\Sdks\Microsoft.NET.Sdk\targets\Microsoft.NET.Sdk.FrameworkReferenceResolution.targets(14,5): message :     ") at C:\Program Files\dotnet\sdk\10.0.302\Sdks\Microsoft.NET.Sdk\targets\Microsoft.NET.Sdk.FrameworkReferenceResolution.targets (14,5)
       C:\Program Files\dotnet\sdk\10.0.302\Sdks\Microsoft.NET.Sdk\targets\Microsoft.NET.Sdk.targets(44,5): message : Property reassignment: $(_GenerateRuntimeConfigurationPropertyInputsCache)="C:\Users\quan\Documents\smart_fan_cooling_windows_app\obj\x64\Debug\net9.0-windows10.0.22621.0\win-x64\smart_fan_cooling_windows_app.genruntimeconfig.cache" (previous value: "obj\x64\Debug\net9.0-windows10.0.22621.0\win-x64\smart_fan_cooling_windows_app.genruntimeconfig.cache") at C:\Program Files\dotnet\sdk\10.0.302\Sdks\Microsoft.NET.Sdk\targets\Microsoft.NET.Sdk.targets (44,5)
       C:\Program Files\dotnet\sdk\10.0.302\Sdks\Microsoft.NET.Sdk\targets\Microsoft.NET.Sdk.targets(46,5): message : Property reassignment: $(_GeneratePublishDependencyFilePropertyInputsCache)="C:\Users\quan\Documents\smart_fan_cooling_windows_app\obj\x64\Debug\net9.0-windows10.0.22621.0\win-x64\smart_fan_cooling_windows_app.genpublishdeps.cache" (previous value: "obj\x64\Debug\net9.0-windows10.0.22621.0\win-x64\smart_fan_cooling_windows_app.genpublishdeps.cache") at C:\Program Files\dotnet\sdk\10.0.302\Sdks\Microsoft.NET.Sdk\targets\Microsoft.NET.Sdk.targets (46,5)
       C:\Program Files\dotnet\sdk\10.0.302\Sdks\Microsoft.NET.Sdk\targets\Microsoft.NET.Sdk.targets(48,5): message : Property reassignment: $(_GenerateSingleFileBundlePropertyInputsCache)="C:\Users\quan\Documents\smart_fan_cooling_windows_app\obj\x64\Debug\net9.0-windows10.0.22621.0\win-x64\smart_fan_cooling_windows_app.genbundle.cache" (previous value: "obj\x64\Debug\net9.0-windows10.0.22621.0\win-x64\smart_fan_cooling_windows_app.genbundle.cache") at C:\Program Files\dotnet\sdk\10.0.302\Sdks\Microsoft.NET.Sdk\targets\Microsoft.NET.Sdk.targets (48,5)
       C:\Program Files\dotnet\sdk\10.0.302\Sdks\Microsoft.NET.Sdk\targets\Microsoft.NET.Sdk.targets(81,5): message : Property reassignment: $(GenerateRuntimeConfigDevFile)="false" (previous value: "true") at C:\Program Files\dotnet\sdk\10.0.302\Sdks\Microsoft.NET.Sdk\targets\Microsoft.NET.Sdk.targets (81,5)
       C:\Program Files\dotnet\sdk\10.0.302\Sdks\Microsoft.NET.Sdk\targets\Microsoft.NET.Sdk.targets(98,5): message : Property 'USERPROFILE' with value 'C:\Users\quan' expanded from the environment.
       C:\Program Files\dotnet\sdk\10.0.302\Sdks\Microsoft.NET.Sdk\targets\Microsoft.NET.Sdk.targets(98,5): message : Property reassignment: $(_DefaultUserProfileRuntimeStorePath)="C:\Users\quan" (previous value: "") at C:\Program Files\dotnet\sdk\10.0.302\Sdks\Microsoft.NET.Sdk\targets\Microsoft.NET.Sdk.targets (98,5)
       C:\Program Files\dotnet\sdk\10.0.302\Sdks\Microsoft.NET.Sdk\targets\Microsoft.NET.Sdk.targets(99,5): message : Property reassignment: $(_DefaultUserProfileRuntimeStorePath)="C:\Users\quan\.dotnet\store" (previous value: "C:\Users\quan") at C:\Program Files\dotnet\sdk\10.0.302\Sdks\Microsoft.NET.Sdk\targets\Microsoft.NET.Sdk.targets (99,5)
       C:\Program Files\dotnet\sdk\10.0.302\Sdks\Microsoft.NET.Sdk\targets\Microsoft.NET.Sdk.targets(144,5): message : Property reassignment: $(AvailablePlatforms)="Any CPU,x86,x64,ARM32" (previous value: "Any CPU,x86,x64") at C:\Program Files\dotnet\sdk\10.0.302\Sdks\Microsoft.NET.Sdk\targets\Microsoft.NET.Sdk.targets (144,5)
       C:\Program Files\dotnet\sdk\10.0.302\Sdks\Microsoft.NET.Sdk\targets\Microsoft.NET.Sdk.targets(148,5): message : Property reassignment: $(AvailablePlatforms)="Any CPU,x86,x64,ARM32,ARM64" (previous value: "Any CPU,x86,x64,ARM32") at C:\Program Files\dotnet\sdk\10.0.302\Sdks\Microsoft.NET.Sdk\targets\Microsoft.NET.Sdk.targets (148,5)
       C:\Program Files\dotnet\sdk\10.0.302\Sdks\Microsoft.NET.Sdk\targets\Microsoft.NET.Sdk.targets(204,5): message : Property reassignment: $(CoreBuildDependsOn)="
       C:\Program Files\dotnet\sdk\10.0.302\Sdks\Microsoft.NET.Sdk\targets\Microsoft.NET.Sdk.targets(204,5): message :       _CheckForBuildWithNoBuild;
       C:\Program Files\dotnet\sdk\10.0.302\Sdks\Microsoft.NET.Sdk\targets\Microsoft.NET.Sdk.targets(204,5): message :       
       C:\Program Files\dotnet\sdk\10.0.302\Sdks\Microsoft.NET.Sdk\targets\Microsoft.NET.Sdk.targets(204,5): message :       BuildOnlySettings;
       C:\Program Files\dotnet\sdk\10.0.302\Sdks\Microsoft.NET.Sdk\targets\Microsoft.NET.Sdk.targets(204,5): message :       PrepareForBuild;
       C:\Program Files\dotnet\sdk\10.0.302\Sdks\Microsoft.NET.Sdk\targets\Microsoft.NET.Sdk.targets(204,5): message :       PreBuildEvent;
       C:\Program Files\dotnet\sdk\10.0.302\Sdks\Microsoft.NET.Sdk\targets\Microsoft.NET.Sdk.targets(204,5): message :       ResolveReferences;
       C:\Program Files\dotnet\sdk\10.0.302\Sdks\Microsoft.NET.Sdk\targets\Microsoft.NET.Sdk.targets(204,5): message :       PrepareResources;
       C:\Program Files\dotnet\sdk\10.0.302\Sdks\Microsoft.NET.Sdk\targets\Microsoft.NET.Sdk.targets(204,5): message :       ResolveKeySource;
       C:\Program Files\dotnet\sdk\10.0.302\Sdks\Microsoft.NET.Sdk\targets\Microsoft.NET.Sdk.targets(204,5): message :       Compile;
       C:\Program Files\dotnet\sdk\10.0.302\Sdks\Microsoft.NET.Sdk\targets\Microsoft.NET.Sdk.targets(204,5): message :       ExportWindowsMDFile;
       C:\Program Files\dotnet\sdk\10.0.302\Sdks\Microsoft.NET.Sdk\targets\Microsoft.NET.Sdk.targets(204,5): message :       UnmanagedUnregistration;
       C:\Program Files\dotnet\sdk\10.0.302\Sdks\Microsoft.NET.Sdk\targets\Microsoft.NET.Sdk.targets(204,5): message :       GenerateSerializationAssemblies;
       C:\Program Files\dotnet\sdk\10.0.302\Sdks\Microsoft.NET.Sdk\targets\Microsoft.NET.Sdk.targets(204,5): message :       CreateSatelliteAssemblies;
       C:\Program Files\dotnet\sdk\10.0.302\Sdks\Microsoft.NET.Sdk\targets\Microsoft.NET.Sdk.targets(204,5): message :       GenerateManifests;
       C:\Program Files\dotnet\sdk\10.0.302\Sdks\Microsoft.NET.Sdk\targets\Microsoft.NET.Sdk.targets(204,5): message :       GetTargetPath;
       C:\Program Files\dotnet\sdk\10.0.302\Sdks\Microsoft.NET.Sdk\targets\Microsoft.NET.Sdk.targets(204,5): message :       PrepareForRun;
       C:\Program Files\dotnet\sdk\10.0.302\Sdks\Microsoft.NET.Sdk\targets\Microsoft.NET.Sdk.targets(204,5): message :       UnmanagedRegistration;
       C:\Program Files\dotnet\sdk\10.0.302\Sdks\Microsoft.NET.Sdk\targets\Microsoft.NET.Sdk.targets(204,5): message :       IncrementalClean;
       C:\Program Files\dotnet\sdk\10.0.302\Sdks\Microsoft.NET.Sdk\targets\Microsoft.NET.Sdk.targets(204,5): message :       PostBuildEvent
       C:\Program Files\dotnet\sdk\10.0.302\Sdks\Microsoft.NET.Sdk\targets\Microsoft.NET.Sdk.targets(204,5): message :     ;
       C:\Program Files\dotnet\sdk\10.0.302\Sdks\Microsoft.NET.Sdk\targets\Microsoft.NET.Sdk.targets(204,5): message :       GenerateBuildDependencyFile;
       C:\Program Files\dotnet\sdk\10.0.302\Sdks\Microsoft.NET.Sdk\targets\Microsoft.NET.Sdk.targets(204,5): message :       GenerateBuildRuntimeConfigurationFiles
       C:\Program Files\dotnet\sdk\10.0.302\Sdks\Microsoft.NET.Sdk\targets\Microsoft.NET.Sdk.targets(204,5): message :     " (previous value: "
       C:\Program Files\dotnet\sdk\10.0.302\Sdks\Microsoft.NET.Sdk\targets\Microsoft.NET.Sdk.targets(204,5): message :       BuildOnlySettings;
       C:\Program Files\dotnet\sdk\10.0.302\Sdks\Microsoft.NET.Sdk\targets\Microsoft.NET.Sdk.targets(204,5): message :       PrepareForBuild;
       C:\Program Files\dotnet\sdk\10.0.302\Sdks\Microsoft.NET.Sdk\targets\Microsoft.NET.Sdk.targets(204,5): message :       PreBuildEvent;
       C:\Program Files\dotnet\sdk\10.0.302\Sdks\Microsoft.NET.Sdk\targets\Microsoft.NET.Sdk.targets(204,5): message :       ResolveReferences;
       C:\Program Files\dotnet\sdk\10.0.302\Sdks\Microsoft.NET.Sdk\targets\Microsoft.NET.Sdk.targets(204,5): message :       PrepareResources;
       C:\Program Files\dotnet\sdk\10.0.302\Sdks\Microsoft.NET.Sdk\targets\Microsoft.NET.Sdk.targets(204,5): message :       ResolveKeySource;
       C:\Program Files\dotnet\sdk\10.0.302\Sdks\Microsoft.NET.Sdk\targets\Microsoft.NET.Sdk.targets(204,5): message :       Compile;
       C:\Program Files\dotnet\sdk\10.0.302\Sdks\Microsoft.NET.Sdk\targets\Microsoft.NET.Sdk.targets(204,5): message :       ExportWindowsMDFile;
       C:\Program Files\dotnet\sdk\10.0.302\Sdks\Microsoft.NET.Sdk\targets\Microsoft.NET.Sdk.targets(204,5): message :       UnmanagedUnregistration;
       C:\Program Files\dotnet\sdk\10.0.302\Sdks\Microsoft.NET.Sdk\targets\Microsoft.NET.Sdk.targets(204,5): message :       GenerateSerializationAssemblies;
       C:\Program Files\dotnet\sdk\10.0.302\Sdks\Microsoft.NET.Sdk\targets\Microsoft.NET.Sdk.targets(204,5): message :       CreateSatelliteAssemblies;
       C:\Program Files\dotnet\sdk\10.0.302\Sdks\Microsoft.NET.Sdk\targets\Microsoft.NET.Sdk.targets(204,5): message :       GenerateManifests;
       C:\Program Files\dotnet\sdk\10.0.302\Sdks\Microsoft.NET.Sdk\targets\Microsoft.NET.Sdk.targets(204,5): message :       GetTargetPath;
       C:\Program Files\dotnet\sdk\10.0.302\Sdks\Microsoft.NET.Sdk\targets\Microsoft.NET.Sdk.targets(204,5): message :       PrepareForRun;
       C:\Program Files\dotnet\sdk\10.0.302\Sdks\Microsoft.NET.Sdk\targets\Microsoft.NET.Sdk.targets(204,5): message :       UnmanagedRegistration;
       C:\Program Files\dotnet\sdk\10.0.302\Sdks\Microsoft.NET.Sdk\targets\Microsoft.NET.Sdk.targets(204,5): message :       IncrementalClean;
       C:\Program Files\dotnet\sdk\10.0.302\Sdks\Microsoft.NET.Sdk\targets\Microsoft.NET.Sdk.targets(204,5): message :       PostBuildEvent
       C:\Program Files\dotnet\sdk\10.0.302\Sdks\Microsoft.NET.Sdk\targets\Microsoft.NET.Sdk.targets(204,5): message :     ") at C:\Program Files\dotnet\sdk\10.0.302\Sdks\Microsoft.NET.Sdk\targets\Microsoft.NET.Sdk.targets (204,5)
       C:\Program Files\dotnet\sdk\10.0.302\Sdks\Microsoft.NET.Sdk\targets\Microsoft.NET.Sdk.targets(213,5): message : Property reassignment: $(CoreCleanDependsOn)="
       C:\Program Files\dotnet\sdk\10.0.302\Sdks\Microsoft.NET.Sdk\targets\Microsoft.NET.Sdk.targets(213,5): message :       _SdkBeforeClean;
       C:\Program Files\dotnet\sdk\10.0.302\Sdks\Microsoft.NET.Sdk\targets\Microsoft.NET.Sdk.targets(213,5): message :       
       C:\Program Files\dotnet\sdk\10.0.302\Sdks\Microsoft.NET.Sdk\targets\Microsoft.NET.Sdk.targets(213,5): message :     " (previous value: "") at C:\Program Files\dotnet\sdk\10.0.302\Sdks\Microsoft.NET.Sdk\targets\Microsoft.NET.Sdk.targets (213,5)
       C:\Program Files\dotnet\sdk\10.0.302\Sdks\Microsoft.NET.Sdk\targets\Microsoft.NET.Sdk.targets(220,5): message : Property reassignment: $(RebuildDependsOn)="
       C:\Program Files\dotnet\sdk\10.0.302\Sdks\Microsoft.NET.Sdk\targets\Microsoft.NET.Sdk.targets(220,5): message :       _SdkBeforeRebuild;
       C:\Program Files\dotnet\sdk\10.0.302\Sdks\Microsoft.NET.Sdk\targets\Microsoft.NET.Sdk.targets(220,5): message :       
       C:\Program Files\dotnet\sdk\10.0.302\Sdks\Microsoft.NET.Sdk\targets\Microsoft.NET.Sdk.targets(220,5): message :       BeforeRebuild;
       C:\Program Files\dotnet\sdk\10.0.302\Sdks\Microsoft.NET.Sdk\targets\Microsoft.NET.Sdk.targets(220,5): message :       Clean;
       C:\Program Files\dotnet\sdk\10.0.302\Sdks\Microsoft.NET.Sdk\targets\Microsoft.NET.Sdk.targets(220,5): message :       Build;
       C:\Program Files\dotnet\sdk\10.0.302\Sdks\Microsoft.NET.Sdk\targets\Microsoft.NET.Sdk.targets(220,5): message :       AfterRebuild;
       C:\Program Files\dotnet\sdk\10.0.302\Sdks\Microsoft.NET.Sdk\targets\Microsoft.NET.Sdk.targets(220,5): message :     
       C:\Program Files\dotnet\sdk\10.0.302\Sdks\Microsoft.NET.Sdk\targets\Microsoft.NET.Sdk.targets(220,5): message :     " (previous value: "
       C:\Program Files\dotnet\sdk\10.0.302\Sdks\Microsoft.NET.Sdk\targets\Microsoft.NET.Sdk.targets(220,5): message :       BeforeRebuild;
       C:\Program Files\dotnet\sdk\10.0.302\Sdks\Microsoft.NET.Sdk\targets\Microsoft.NET.Sdk.targets(220,5): message :       Clean;
       C:\Program Files\dotnet\sdk\10.0.302\Sdks\Microsoft.NET.Sdk\targets\Microsoft.NET.Sdk.targets(220,5): message :       Build;
       C:\Program Files\dotnet\sdk\10.0.302\Sdks\Microsoft.NET.Sdk\targets\Microsoft.NET.Sdk.targets(220,5): message :       AfterRebuild;
       C:\Program Files\dotnet\sdk\10.0.302\Sdks\Microsoft.NET.Sdk\targets\Microsoft.NET.Sdk.targets(220,5): message :     ") at C:\Program Files\dotnet\sdk\10.0.302\Sdks\Microsoft.NET.Sdk\targets\Microsoft.NET.Sdk.targets (220,5)
       C:\Program Files\dotnet\sdk\10.0.302\Sdks\Microsoft.NET.Sdk\targets\Microsoft.NET.Sdk.targets(799,5): message : Property reassignment: $(CompileDependsOn)="
       C:\Program Files\dotnet\sdk\10.0.302\Sdks\Microsoft.NET.Sdk\targets\Microsoft.NET.Sdk.targets(799,5): message :       
       C:\Program Files\dotnet\sdk\10.0.302\Sdks\Microsoft.NET.Sdk\targets\Microsoft.NET.Sdk.targets(799,5): message :       ResolveReferences;
       C:\Program Files\dotnet\sdk\10.0.302\Sdks\Microsoft.NET.Sdk\targets\Microsoft.NET.Sdk.targets(799,5): message :       ResolveKeySource;
       C:\Program Files\dotnet\sdk\10.0.302\Sdks\Microsoft.NET.Sdk\targets\Microsoft.NET.Sdk.targets(799,5): message :       SetWin32ManifestProperties;
       C:\Program Files\dotnet\sdk\10.0.302\Sdks\Microsoft.NET.Sdk\targets\Microsoft.NET.Sdk.targets(799,5): message :       _SetPreferNativeArm64Win32ManifestProperties;
       C:\Program Files\dotnet\sdk\10.0.302\Sdks\Microsoft.NET.Sdk\targets\Microsoft.NET.Sdk.targets(799,5): message :       FindReferenceAssembliesForReferences;
       C:\Program Files\dotnet\sdk\10.0.302\Sdks\Microsoft.NET.Sdk\targets\Microsoft.NET.Sdk.targets(799,5): message :       _GenerateCompileInputs;
       C:\Program Files\dotnet\sdk\10.0.302\Sdks\Microsoft.NET.Sdk\targets\Microsoft.NET.Sdk.targets(799,5): message :       BeforeCompile;
       C:\Program Files\dotnet\sdk\10.0.302\Sdks\Microsoft.NET.Sdk\targets\Microsoft.NET.Sdk.targets(799,5): message :       _TimeStampBeforeCompile;
       C:\Program Files\dotnet\sdk\10.0.302\Sdks\Microsoft.NET.Sdk\targets\Microsoft.NET.Sdk.targets(799,5): message :       _GenerateCompileDependencyCache;
       C:\Program Files\dotnet\sdk\10.0.302\Sdks\Microsoft.NET.Sdk\targets\Microsoft.NET.Sdk.targets(799,5): message :       CoreCompile;
       C:\Program Files\dotnet\sdk\10.0.302\Sdks\Microsoft.NET.Sdk\targets\Microsoft.NET.Sdk.targets(799,5): message :       _TimeStampAfterCompile;
       C:\Program Files\dotnet\sdk\10.0.302\Sdks\Microsoft.NET.Sdk\targets\Microsoft.NET.Sdk.targets(799,5): message :       AfterCompile;
       C:\Program Files\dotnet\sdk\10.0.302\Sdks\Microsoft.NET.Sdk\targets\Microsoft.NET.Sdk.targets(799,5): message :     ;
       C:\Program Files\dotnet\sdk\10.0.302\Sdks\Microsoft.NET.Sdk\targets\Microsoft.NET.Sdk.targets(799,5): message :       _CreateAppHost;
       C:\Program Files\dotnet\sdk\10.0.302\Sdks\Microsoft.NET.Sdk\targets\Microsoft.NET.Sdk.targets(799,5): message :       _CreateComHost;
       C:\Program Files\dotnet\sdk\10.0.302\Sdks\Microsoft.NET.Sdk\targets\Microsoft.NET.Sdk.targets(799,5): message :       _GetIjwHostPaths;
       C:\Program Files\dotnet\sdk\10.0.302\Sdks\Microsoft.NET.Sdk\targets\Microsoft.NET.Sdk.targets(799,5): message :     " (previous value: "
       C:\Program Files\dotnet\sdk\10.0.302\Sdks\Microsoft.NET.Sdk\targets\Microsoft.NET.Sdk.targets(799,5): message :       ResolveReferences;
       C:\Program Files\dotnet\sdk\10.0.302\Sdks\Microsoft.NET.Sdk\targets\Microsoft.NET.Sdk.targets(799,5): message :       ResolveKeySource;
       C:\Program Files\dotnet\sdk\10.0.302\Sdks\Microsoft.NET.Sdk\targets\Microsoft.NET.Sdk.targets(799,5): message :       SetWin32ManifestProperties;
       C:\Program Files\dotnet\sdk\10.0.302\Sdks\Microsoft.NET.Sdk\targets\Microsoft.NET.Sdk.targets(799,5): message :       _SetPreferNativeArm64Win32ManifestProperties;
       C:\Program Files\dotnet\sdk\10.0.302\Sdks\Microsoft.NET.Sdk\targets\Microsoft.NET.Sdk.targets(799,5): message :       FindReferenceAssembliesForReferences;
       C:\Program Files\dotnet\sdk\10.0.302\Sdks\Microsoft.NET.Sdk\targets\Microsoft.NET.Sdk.targets(799,5): message :       _GenerateCompileInputs;
       C:\Program Files\dotnet\sdk\10.0.302\Sdks\Microsoft.NET.Sdk\targets\Microsoft.NET.Sdk.targets(799,5): message :       BeforeCompile;
       C:\Program Files\dotnet\sdk\10.0.302\Sdks\Microsoft.NET.Sdk\targets\Microsoft.NET.Sdk.targets(799,5): message :       _TimeStampBeforeCompile;
       C:\Program Files\dotnet\sdk\10.0.302\Sdks\Microsoft.NET.Sdk\targets\Microsoft.NET.Sdk.targets(799,5): message :       _GenerateCompileDependencyCache;
       C:\Program Files\dotnet\sdk\10.0.302\Sdks\Microsoft.NET.Sdk\targets\Microsoft.NET.Sdk.targets(799,5): message :       CoreCompile;
       C:\Program Files\dotnet\sdk\10.0.302\Sdks\Microsoft.NET.Sdk\targets\Microsoft.NET.Sdk.targets(799,5): message :       _TimeStampAfterCompile;
       C:\Program Files\dotnet\sdk\10.0.302\Sdks\Microsoft.NET.Sdk\targets\Microsoft.NET.Sdk.targets(799,5): message :       AfterCompile;
       C:\Program Files\dotnet\sdk\10.0.302\Sdks\Microsoft.NET.Sdk\targets\Microsoft.NET.Sdk.targets(799,5): message :     ") at C:\Program Files\dotnet\sdk\10.0.302\Sdks\Microsoft.NET.Sdk\targets\Microsoft.NET.Sdk.targets (799,5)
       C:\Program Files\dotnet\sdk\10.0.302\Sdks\Microsoft.NET.Sdk\targets\Microsoft.NET.Sdk.targets(1131,5): message : Property reassignment: $(CreateSatelliteAssembliesDependsOn)="
       C:\Program Files\dotnet\sdk\10.0.302\Sdks\Microsoft.NET.Sdk\targets\Microsoft.NET.Sdk.targets(1131,5): message :       
       C:\Program Files\dotnet\sdk\10.0.302\Sdks\Microsoft.NET.Sdk\targets\Microsoft.NET.Sdk.targets(1131,5): message :       ;
       C:\Program Files\dotnet\sdk\10.0.302\Sdks\Microsoft.NET.Sdk\targets\Microsoft.NET.Sdk.targets(1131,5): message :       _GenerateSatelliteAssemblyInputs;
       C:\Program Files\dotnet\sdk\10.0.302\Sdks\Microsoft.NET.Sdk\targets\Microsoft.NET.Sdk.targets(1131,5): message :       ComputeIntermediateSatelliteAssemblies;
       C:\Program Files\dotnet\sdk\10.0.302\Sdks\Microsoft.NET.Sdk\targets\Microsoft.NET.Sdk.targets(1131,5): message :       GenerateSatelliteAssemblies
       C:\Program Files\dotnet\sdk\10.0.302\Sdks\Microsoft.NET.Sdk\targets\Microsoft.NET.Sdk.targets(1131,5): message :     ;
       C:\Program Files\dotnet\sdk\10.0.302\Sdks\Microsoft.NET.Sdk\targets\Microsoft.NET.Sdk.targets(1131,5): message :       CoreGenerateSatelliteAssemblies
       C:\Program Files\dotnet\sdk\10.0.302\Sdks\Microsoft.NET.Sdk\targets\Microsoft.NET.Sdk.targets(1131,5): message :     " (previous value: "
       C:\Program Files\dotnet\sdk\10.0.302\Sdks\Microsoft.NET.Sdk\targets\Microsoft.NET.Sdk.targets(1131,5): message :       ;
       C:\Program Files\dotnet\sdk\10.0.302\Sdks\Microsoft.NET.Sdk\targets\Microsoft.NET.Sdk.targets(1131,5): message :       _GenerateSatelliteAssemblyInputs;
       C:\Program Files\dotnet\sdk\10.0.302\Sdks\Microsoft.NET.Sdk\targets\Microsoft.NET.Sdk.targets(1131,5): message :       ComputeIntermediateSatelliteAssemblies;
       C:\Program Files\dotnet\sdk\10.0.302\Sdks\Microsoft.NET.Sdk\targets\Microsoft.NET.Sdk.targets(1131,5): message :       GenerateSatelliteAssemblies
       C:\Program Files\dotnet\sdk\10.0.302\Sdks\Microsoft.NET.Sdk\targets\Microsoft.NET.Sdk.targets(1131,5): message :     ") at C:\Program Files\dotnet\sdk\10.0.302\Sdks\Microsoft.NET.Sdk\targets\Microsoft.NET.Sdk.targets (1131,5)
       C:\Program Files\dotnet\sdk\10.0.302\Sdks\Microsoft.SourceLink.GitLab\build\Microsoft.SourceLink.GitLab.targets(12,5): message : Property reassignment: $(SourceLinkUrlInitializerTargets)=";_InitializeGitHubSourceLinkUrl;_InitializeGitLabSourceLinkUrl" (previous value: ";_InitializeGitHubSourceLinkUrl") at C:\Program Files\dotnet\sdk\10.0.302\Sdks\Microsoft.SourceLink.GitLab\build\Microsoft.SourceLink.GitLab.targets (12,5)
       C:\Program Files\dotnet\sdk\10.0.302\Sdks\Microsoft.SourceLink.GitLab\build\Microsoft.SourceLink.GitLab.targets(13,5): message : Property reassignment: $(SourceControlManagerUrlTranslationTargets)=";TranslateGitHubUrlsInSourceControlInformation;TranslateGitLabUrlsInSourceControlInformation" (previous value: ";TranslateGitHubUrlsInSourceControlInformation") at C:\Program Files\dotnet\sdk\10.0.302\Sdks\Microsoft.SourceLink.GitLab\build\Microsoft.SourceLink.GitLab.targets (13,5)
       C:\Program Files\dotnet\sdk\10.0.302\Sdks\Microsoft.SourceLink.AzureRepos.Git\build\Microsoft.SourceLink.AzureRepos.Git.targets(12,5): message : Property reassignment: $(SourceLinkUrlInitializerTargets)=";_InitializeGitHubSourceLinkUrl;_InitializeGitLabSourceLinkUrl;_InitializeAzureReposGitSourceLinkUrl" (previous value: ";_InitializeGitHubSourceLinkUrl;_InitializeGitLabSourceLinkUrl") at C:\Program Files\dotnet\sdk\10.0.302\Sdks\Microsoft.SourceLink.AzureRepos.Git\build\Microsoft.SourceLink.AzureRepos.Git.targets (12,5)
       C:\Program Files\dotnet\sdk\10.0.302\Sdks\Microsoft.SourceLink.AzureRepos.Git\build\Microsoft.SourceLink.AzureRepos.Git.targets(13,5): message : Property reassignment: $(SourceControlManagerUrlTranslationTargets)=";TranslateGitHubUrlsInSourceControlInformation;TranslateGitLabUrlsInSourceControlInformation;TranslateAzureReposGitUrlsInSourceControlInformation" (previous value: ";TranslateGitHubUrlsInSourceControlInformation;TranslateGitLabUrlsInSourceControlInformation") at C:\Program Files\dotnet\sdk\10.0.302\Sdks\Microsoft.SourceLink.AzureRepos.Git\build\Microsoft.SourceLink.AzureRepos.Git.targets (13,5)
       C:\Program Files\dotnet\sdk\10.0.302\Sdks\Microsoft.SourceLink.Bitbucket.Git\build\Microsoft.SourceLink.Bitbucket.Git.targets(12,5): message : Property reassignment: $(SourceLinkUrlInitializerTargets)=";_InitializeGitHubSourceLinkUrl;_InitializeGitLabSourceLinkUrl;_InitializeAzureReposGitSourceLinkUrl;_InitializeBitbucketGitSourceLinkUrl" (previous value: ";_InitializeGitHubSourceLinkUrl;_InitializeGitLabSourceLinkUrl;_InitializeAzureReposGitSourceLinkUrl") at C:\Program Files\dotnet\sdk\10.0.302\Sdks\Microsoft.SourceLink.Bitbucket.Git\build\Microsoft.SourceLink.Bitbucket.Git.targets (12,5)
       C:\Program Files\dotnet\sdk\10.0.302\Sdks\Microsoft.SourceLink.Bitbucket.Git\build\Microsoft.SourceLink.Bitbucket.Git.targets(13,5): message : Property reassignment: $(SourceControlManagerUrlTranslationTargets)=";TranslateGitHubUrlsInSourceControlInformation;TranslateGitLabUrlsInSourceControlInformation;TranslateAzureReposGitUrlsInSourceControlInformation;TranslateBitbucketGitUrlsInSourceControlInformation" (previous value: ";TranslateGitHubUrlsInSourceControlInformation;TranslateGitLabUrlsInSourceControlInformation;TranslateAzureReposGitUrlsInSourceControlInformation") at C:\Program Files\dotnet\sdk\10.0.302\Sdks\Microsoft.SourceLink.Bitbucket.Git\build\Microsoft.SourceLink.Bitbucket.Git.targets (13,5)
       C:\Program Files\dotnet\sdk\10.0.302\Sdks\Microsoft.NET.Sdk\targets\Microsoft.NET.DesignerSupport.targets(21,5): message : Property reassignment: $(DesignerRuntimeImplementationProjectOutputGroupDependsOn)="
       C:\Program Files\dotnet\sdk\10.0.302\Sdks\Microsoft.NET.Sdk\targets\Microsoft.NET.DesignerSupport.targets(21,5): message :       
       C:\Program Files\dotnet\sdk\10.0.302\Sdks\Microsoft.NET.Sdk\targets\Microsoft.NET.DesignerSupport.targets(21,5): message :       ;
       C:\Program Files\dotnet\sdk\10.0.302\Sdks\Microsoft.NET.Sdk\targets\Microsoft.NET.DesignerSupport.targets(21,5): message :       
       C:\Program Files\dotnet\sdk\10.0.302\Sdks\Microsoft.NET.Sdk\targets\Microsoft.NET.DesignerSupport.targets(21,5): message :       ;
       C:\Program Files\dotnet\sdk\10.0.302\Sdks\Microsoft.NET.Sdk\targets\Microsoft.NET.DesignerSupport.targets(21,5): message :       BuildOnlySettings;
       C:\Program Files\dotnet\sdk\10.0.302\Sdks\Microsoft.NET.Sdk\targets\Microsoft.NET.DesignerSupport.targets(21,5): message :       PrepareForBuild;
       C:\Program Files\dotnet\sdk\10.0.302\Sdks\Microsoft.NET.Sdk\targets\Microsoft.NET.DesignerSupport.targets(21,5): message :       AssignTargetPaths;
       C:\Program Files\dotnet\sdk\10.0.302\Sdks\Microsoft.NET.Sdk\targets\Microsoft.NET.DesignerSupport.targets(21,5): message :       ResolveReferences
       C:\Program Files\dotnet\sdk\10.0.302\Sdks\Microsoft.NET.Sdk\targets\Microsoft.NET.DesignerSupport.targets(21,5): message :     
       C:\Program Files\dotnet\sdk\10.0.302\Sdks\Microsoft.NET.Sdk\targets\Microsoft.NET.DesignerSupport.targets(21,5): message :     ;
       C:\Program Files\dotnet\sdk\10.0.302\Sdks\Microsoft.NET.Sdk\targets\Microsoft.NET.DesignerSupport.targets(21,5): message :       _GenerateDesignerDepsFile;
       C:\Program Files\dotnet\sdk\10.0.302\Sdks\Microsoft.NET.Sdk\targets\Microsoft.NET.DesignerSupport.targets(21,5): message :       _GenerateDesignerRuntimeConfigFile;
       C:\Program Files\dotnet\sdk\10.0.302\Sdks\Microsoft.NET.Sdk\targets\Microsoft.NET.DesignerSupport.targets(21,5): message :       GetCopyToOutputDirectoryItems;
       C:\Program Files\dotnet\sdk\10.0.302\Sdks\Microsoft.NET.Sdk\targets\Microsoft.NET.DesignerSupport.targets(21,5): message :       _GatherDesignerShadowCopyFiles;
       C:\Program Files\dotnet\sdk\10.0.302\Sdks\Microsoft.NET.Sdk\targets\Microsoft.NET.DesignerSupport.targets(21,5): message :     " (previous value: "
       C:\Program Files\dotnet\sdk\10.0.302\Sdks\Microsoft.NET.Sdk\targets\Microsoft.NET.DesignerSupport.targets(21,5): message :       ;
       C:\Program Files\dotnet\sdk\10.0.302\Sdks\Microsoft.NET.Sdk\targets\Microsoft.NET.DesignerSupport.targets(21,5): message :       
       C:\Program Files\dotnet\sdk\10.0.302\Sdks\Microsoft.NET.Sdk\targets\Microsoft.NET.DesignerSupport.targets(21,5): message :       ;
       C:\Program Files\dotnet\sdk\10.0.302\Sdks\Microsoft.NET.Sdk\targets\Microsoft.NET.DesignerSupport.targets(21,5): message :       BuildOnlySettings;
       C:\Program Files\dotnet\sdk\10.0.302\Sdks\Microsoft.NET.Sdk\targets\Microsoft.NET.DesignerSupport.targets(21,5): message :       PrepareForBuild;
       C:\Program Files\dotnet\sdk\10.0.302\Sdks\Microsoft.NET.Sdk\targets\Microsoft.NET.DesignerSupport.targets(21,5): message :       AssignTargetPaths;
       C:\Program Files\dotnet\sdk\10.0.302\Sdks\Microsoft.NET.Sdk\targets\Microsoft.NET.DesignerSupport.targets(21,5): message :       ResolveReferences
       C:\Program Files\dotnet\sdk\10.0.302\Sdks\Microsoft.NET.Sdk\targets\Microsoft.NET.DesignerSupport.targets(21,5): message :     
       C:\Program Files\dotnet\sdk\10.0.302\Sdks\Microsoft.NET.Sdk\targets\Microsoft.NET.DesignerSupport.targets(21,5): message :     ") at C:\Program Files\dotnet\sdk\10.0.302\Sdks\Microsoft.NET.Sdk\targets\Microsoft.NET.DesignerSupport.targets (21,5)
       C:\Program Files\dotnet\sdk\10.0.302\Sdks\Microsoft.NET.Sdk\targets\Microsoft.NET.Sdk.CSharp.targets(31,5): message : Property reassignment: $(DefineConstants)="TRACE;DEBUG" (previous value: "TRACE") at C:\Program Files\dotnet\sdk\10.0.302\Sdks\Microsoft.NET.Sdk\targets\Microsoft.NET.Sdk.CSharp.targets (31,5)
       C:\Program Files\dotnet\sdk\10.0.302\Sdks\Microsoft.NET.Sdk\targets\Microsoft.NET.Sdk.CSharp.targets(45,5): message : Property reassignment: $(WarningsAsErrors)=";NU1605;SYSLIB0011" (previous value: ";NU1605") at C:\Program Files\dotnet\sdk\10.0.302\Sdks\Microsoft.NET.Sdk\targets\Microsoft.NET.Sdk.CSharp.targets (45,5)
       C:\Program Files\dotnet\sdk\10.0.302\Sdks\Microsoft.NET.Sdk\targets\Microsoft.NET.Windows.targets(239,5): message : Property reassignment: $(_RunCsWinRTGeneratorPropertyInputsCachePath)="C:\Users\quan\Documents\smart_fan_cooling_windows_app\obj\x64\Debug\net9.0-windows10.0.22621.0\win-x64\smart_fan_cooling_windows_app.cswinrtgen.cache" (previous value: "obj\x64\Debug\net9.0-windows10.0.22621.0\win-x64\smart_fan_cooling_windows_app.cswinrtgen.cache") at C:\Program Files\dotnet\sdk\10.0.302\Sdks\Microsoft.NET.Sdk\targets\Microsoft.NET.Windows.targets (239,5)
       C:\Program Files\dotnet\sdk\10.0.302\NuGet.Build.Tasks.Pack.targets(34,5): message : Property reassignment: $(PackageDescription)="Package Description" (previous value: "") at C:\Program Files\dotnet\sdk\10.0.302\NuGet.Build.Tasks.Pack.targets (34,5)
       C:\Program Files\dotnet\sdk\10.0.302\NuGet.Build.Tasks.Pack.targets(59,5): message : Property reassignment: $(GenerateNuspecDependsOn)="Build;_LoadPackInputItems; _GetTargetFrameworksOutput; _WalkEachTargetPerFramework; _GetPackageFiles; " (previous value: "_LoadPackInputItems; _GetTargetFrameworksOutput; _WalkEachTargetPerFramework; _GetPackageFiles; ") at C:\Program Files\dotnet\sdk\10.0.302\NuGet.Build.Tasks.Pack.targets (59,5)
       C:\Program Files\dotnet\sdk\10.0.302\Sdks\Microsoft.NET.Sdk\Sdk\Sdk.targets(59,5): message : Property reassignment: $(_IsNotSetContainersTargetsDir)="true" (previous value: "false") at C:\Program Files\dotnet\sdk\10.0.302\Sdks\Microsoft.NET.Sdk\Sdk\Sdk.targets (59,5)
       C:\Program Files\dotnet\sdk\10.0.302\Containers\build\Microsoft.NET.Build.Containers.targets(5,5): message : Property reassignment: $(_IsSDKContainerAllowedVersion)="true" (previous value: "false") at C:\Program Files\dotnet\sdk\10.0.302\Containers\build\Microsoft.NET.Build.Containers.targets (5,5)
       C:\Program Files\dotnet\sdk\10.0.302\Containers\build\Microsoft.NET.Build.Containers.targets(15,5): message : Property reassignment: $(_ContainerIsTargetingNet8TFM)="true" (previous value: "false") at C:\Program Files\dotnet\sdk\10.0.302\Containers\build\Microsoft.NET.Build.Containers.targets (15,5)
       Overriding target "ResolveFrameworkReferences" in project "C:\Program Files\dotnet\sdk\10.0.302\Microsoft.Common.CurrentVersion.targets" with target "ResolveFrameworkReferences" from project "C:\Program Files\dotnet\sdk\10.0.302\Sdks\Microsoft.NET.Sdk\targets\Microsoft.NET.Sdk.FrameworkReferenceResolution.targets".
       Overriding target "GenerateSupportedTargetFrameworkAlias" in project "C:\Program Files\dotnet\sdk\10.0.302\Microsoft.Common.CurrentVersion.targets" with target "GenerateSupportedTargetFrameworkAlias" from project "C:\Program Files\dotnet\sdk\10.0.302\Sdks\Microsoft.NET.Sdk\targets\Microsoft.NET.Sdk.targets".
       Overriding target "GetReferenceAssemblyPaths" in project "C:\Program Files\dotnet\sdk\10.0.302\Microsoft.Common.CurrentVersion.targets" with target "GetReferenceAssemblyPaths" from project "C:\Program Files\dotnet\sdk\10.0.302\Sdks\Microsoft.NET.Sdk\targets\Microsoft.NET.DisableStandardFrameworkResolution.targets".
       Overriding target "GetFrameworkPaths" in project "C:\Program Files\dotnet\sdk\10.0.302\Microsoft.Common.CurrentVersion.targets" with target "GetFrameworkPaths" from project "C:\Program Files\dotnet\sdk\10.0.302\Sdks\Microsoft.NET.Sdk\targets\Microsoft.NET.DisableStandardFrameworkResolution.targets".
       Overriding target "DesignerRuntimeImplementationProjectOutputGroup" in project "C:\Program Files\dotnet\sdk\10.0.302\Microsoft.Common.CurrentVersion.targets" with target "DesignerRuntimeImplementationProjectOutputGroup" from project "C:\Program Files\dotnet\sdk\10.0.302\Sdks\Microsoft.NET.Sdk\targets\Microsoft.NET.DesignerSupport.targets".
       Overriding target "Publish" in project "C:\Program Files\dotnet\sdk\10.0.302\Microsoft.Common.CurrentVersion.targets" with target "Publish" from project "C:\Program Files\dotnet\sdk\10.0.302\Sdks\Microsoft.NET.Sdk\targets\Microsoft.NET.Publish.targets".
       Overriding target "ResolveReadyToRunCompilers" in project "C:\Program Files\dotnet\sdk\10.0.302\Sdks\Microsoft.NET.Sdk\targets\Microsoft.NET.CrossGen.targets" with target "ResolveReadyToRunCompilers" from project "C:\Program Files\dotnet\sdk\10.0.302\Sdks\Microsoft.NET.Sdk\targets\Microsoft.NET.Publish.targets".
       Overriding target "GetCopyToPublishDirectoryItems" in project "C:\Program Files\dotnet\sdk\10.0.302\Microsoft.Common.CurrentVersion.targets" with target "GetCopyToPublishDirectoryItems" from project "C:\Program Files\dotnet\sdk\10.0.302\Sdks\Microsoft.NET.Sdk\targets\Microsoft.NET.Publish.targets".
       Overriding target "Run" in project "C:\Program Files\dotnet\sdk\10.0.302\Microsoft.Common.CurrentVersion.targets" with target "Run" from project "C:\Program Files\dotnet\sdk\10.0.302\Sdks\Microsoft.NET.Sdk\targets\Microsoft.NET.Sdk.targets".
     1>Project "C:\Users\quan\Documents\smart_fan_cooling_windows_app\smart_fan_cooling_windows_app.csproj" (1) is building "C:\Users\quan\Documents\smart_fan_cooling_windows_app\smart_fan_cooling_windows_app.csproj" (1:2) on node 1 (_IsProjectRestoreSupported target(s)).
   1:2>Target "_IsProjectRestoreSupported" in file "C:\Program Files\dotnet\sdk\10.0.302\NuGet.targets" from project "C:\Users\quan\Documents\smart_fan_cooling_windows_app\smart_fan_cooling_windows_app.csproj" (entry point):
   1:2>Done building target "_IsProjectRestoreSupported" in project "smart_fan_cooling_windows_app.csproj".
   1:2>Done Building Project "C:\Users\quan\Documents\smart_fan_cooling_windows_app\smart_fan_cooling_windows_app.csproj" (_IsProjectRestoreSupported target(s)).
     1>Done executing task "MSBuild".
       Assembly loaded during TaskRun: NuGet.Build.Tasks, Version=7.6.0.0, Culture=neutral, PublicKeyToken=31bf3856ad364e35 (location: C:\Program Files\dotnet\sdk\10.0.302\NuGet.Build.Tasks.dll, MVID: 7aa4e34d-a386-4e4e-8563-f305d4e5692d, AssemblyLoadContext: MSBuild plugin C:\Program Files\dotnet\sdk\10.0.302\NuGet.Build.Tasks.dll)
       Assembly loaded during TaskRun: NuGet.Common, Version=7.6.0.0, Culture=neutral, PublicKeyToken=31bf3856ad364e35 (location: C:\Program Files\dotnet\sdk\10.0.302\NuGet.Common.dll, MVID: 1834f060-ca6f-4d84-9849-933ab93b9af3, AssemblyLoadContext: MSBuild plugin C:\Program Files\dotnet\sdk\10.0.302\NuGet.Build.Tasks.dll)
       Assembly loaded during TaskRun: NuGet.Commands, Version=7.6.0.0, Culture=neutral, PublicKeyToken=31bf3856ad364e35 (location: C:\Program Files\dotnet\sdk\10.0.302\NuGet.Commands.dll, MVID: c6c276ac-531f-4950-b440-4a2ebdb9467e, AssemblyLoadContext: MSBuild plugin C:\Program Files\dotnet\sdk\10.0.302\NuGet.Build.Tasks.dll)
       Assembly loaded during TaskRun: NuGet.ProjectModel, Version=7.6.0.0, Culture=neutral, PublicKeyToken=31bf3856ad364e35 (location: C:\Program Files\dotnet\sdk\10.0.302\NuGet.ProjectModel.dll, MVID: 8002dc57-0cd1-405a-b5ba-1c4004e904e2, AssemblyLoadContext: MSBuild plugin C:\Program Files\dotnet\sdk\10.0.302\NuGet.Build.Tasks.dll)
       Using "WarnForInvalidProjectsTask" task from assembly "C:\Program Files\dotnet\sdk\10.0.302\NuGet.Build.Tasks.dll".
       Task "WarnForInvalidProjectsTask"
       Done executing task "WarnForInvalidProjectsTask".
     1>Done building target "_FilterRestoreGraphProjectInputItems" in project "smart_fan_cooling_windows_app.csproj".
       Target "_FilterRestoreGraphProjectInputItems" skipped. Previously built successfully.
     1>Target "_GetAllRestoreProjectPathItems" in file "C:\Program Files\dotnet\sdk\10.0.302\NuGet.targets" from project "C:\Users\quan\Documents\smart_fan_cooling_windows_app\smart_fan_cooling_windows_app.csproj" (target "_GenerateRestoreGraph" depends on it):
       Using "NuGetMessageTask" task from assembly "C:\Program Files\dotnet\sdk\10.0.302\NuGet.Build.Tasks.dll".
       Task "NuGetMessageTask"
         Determining projects to restore...
       Done executing task "NuGetMessageTask".
       Task "MSBuild"
         Global Properties:
           ExcludeRestorePackageImports=true
     1>Project "C:\Users\quan\Documents\smart_fan_cooling_windows_app\smart_fan_cooling_windows_app.csproj" (1) is building "C:\Users\quan\Documents\smart_fan_cooling_windows_app\smart_fan_cooling_windows_app.csproj" (1:3) on node 1 (_GenerateRestoreProjectPathWalk target(s)).
   1:3>Target "_GenerateRestoreProjectPathItemsPerFramework" in file "C:\Program Files\dotnet\sdk\10.0.302\NuGet.targets" from project "C:\Users\quan\Documents\smart_fan_cooling_windows_app\smart_fan_cooling_windows_app.csproj" (target "_GenerateRestoreProjectPathItemsCurrentProject" depends on it):
   1:3>Using "ConvertToAbsolutePath" task from assembly "Microsoft.Build.Tasks.Core, Version=15.1.0.0, Culture=neutral, PublicKeyToken=b03f5f7f11d50a3a".
       Task "ConvertToAbsolutePath"
       Done executing task "ConvertToAbsolutePath".
   1:3>Done building target "_GenerateRestoreProjectPathItemsPerFramework" in project "smart_fan_cooling_windows_app.csproj".
   1:3>Target "_GenerateRestoreProjectPathItemsCurrentProject" in file "C:\Program Files\dotnet\sdk\10.0.302\NuGet.targets" from project "C:\Users\quan\Documents\smart_fan_cooling_windows_app\smart_fan_cooling_windows_app.csproj" (target "_GenerateRestoreProjectPathItems" depends on it):
   1:3>Done building target "_GenerateRestoreProjectPathItemsCurrentProject" in project "smart_fan_cooling_windows_app.csproj".
   1:3>Target "_GenerateRestoreProjectPathItems" in file "C:\Program Files\dotnet\sdk\10.0.302\NuGet.targets" from project "C:\Users\quan\Documents\smart_fan_cooling_windows_app\smart_fan_cooling_windows_app.csproj" (target "_GenerateRestoreProjectPathWalk" depends on it):
       Task "RemoveDuplicates"
       Done executing task "RemoveDuplicates".
   1:3>Done building target "_GenerateRestoreProjectPathItems" in project "smart_fan_cooling_windows_app.csproj".
   1:3>Target "_GenerateRestoreProjectPathWalk" in file "C:\Program Files\dotnet\sdk\10.0.302\NuGet.targets" from project "C:\Users\quan\Documents\smart_fan_cooling_windows_app\smart_fan_cooling_windows_app.csproj" (entry point):
       Task "MSBuild"
       Done executing task "MSBuild".
       Task "RemoveDuplicates"
       Done executing task "RemoveDuplicates".
   1:3>Done building target "_GenerateRestoreProjectPathWalk" in project "smart_fan_cooling_windows_app.csproj".
   1:3>Done Building Project "C:\Users\quan\Documents\smart_fan_cooling_windows_app\smart_fan_cooling_windows_app.csproj" (_GenerateRestoreProjectPathWalk target(s)).
     1>Done executing task "MSBuild".
       Task "RemoveDuplicates"
       Done executing task "RemoveDuplicates".
       Task "MSBuild"
         Global Properties:
           ExcludeRestorePackageImports=true
     1>Project "C:\Users\quan\Documents\smart_fan_cooling_windows_app\smart_fan_cooling_windows_app.csproj" (1) is building "C:\Users\quan\Documents\smart_fan_cooling_windows_app\smart_fan_cooling_windows_app.csproj" (1:4) on node 1 (_IsProjectRestoreSupported target(s)).
   1:4>Target "_IsProjectRestoreSupported" skipped. Previously built successfully.
   1:4>Done Building Project "C:\Users\quan\Documents\smart_fan_cooling_windows_app\smart_fan_cooling_windows_app.csproj" (_IsProjectRestoreSupported target(s)).
     1>Done executing task "MSBuild".
     1>Done building target "_GetAllRestoreProjectPathItems" in project "smart_fan_cooling_windows_app.csproj".
     1>Target "_GenerateRestoreGraph" in file "C:\Program Files\dotnet\sdk\10.0.302\NuGet.targets" from project "C:\Users\quan\Documents\smart_fan_cooling_windows_app\smart_fan_cooling_windows_app.csproj" (target "Restore" depends on it):
       Using "Message" task from assembly "Microsoft.Build.Tasks.Core, Version=15.1.0.0, Culture=neutral, PublicKeyToken=b03f5f7f11d50a3a".
       Task "Message"
         Generating dg file
       Done executing task "Message".
       Task "Message"
         C:\Users\quan\Documents\smart_fan_cooling_windows_app\smart_fan_cooling_windows_app.csproj
       Done executing task "Message".
       Task "MSBuild"
         Global Properties:
           ExcludeRestorePackageImports=true
     1>Project "C:\Users\quan\Documents\smart_fan_cooling_windows_app\smart_fan_cooling_windows_app.csproj" (1) is building "C:\Users\quan\Documents\smart_fan_cooling_windows_app\smart_fan_cooling_windows_app.csproj" (1:5) on node 1 (_GenerateRestoreGraphProjectEntry target(s)).
   1:5>Target "_CheckForUnsupportedTargetPlatformIdentifier" in file "C:\Program Files\dotnet\sdk\10.0.302\Sdks\Microsoft.NET.Sdk\targets\Microsoft.NET.TargetFrameworkInference.targets" from project "C:\Users\quan\Documents\smart_fan_cooling_windows_app\smart_fan_cooling_windows_app.csproj" (target "CollectPackageReferences" depends on it):
   1:5>Done building target "_CheckForUnsupportedTargetPlatformIdentifier" in project "smart_fan_cooling_windows_app.csproj".
   1:5>Target "_CheckForUnsupportedNETCoreVersion" in file "C:\Program Files\dotnet\sdk\10.0.302\Sdks\Microsoft.NET.Sdk\targets\Microsoft.NET.TargetFrameworkInference.targets" from project "C:\Users\quan\Documents\smart_fan_cooling_windows_app\smart_fan_cooling_windows_app.csproj" (target "CollectPackageReferences" depends on it):
   1:5>Done building target "_CheckForUnsupportedNETCoreVersion" in project "smart_fan_cooling_windows_app.csproj".
   1:5>Target "_CheckForUnsupportedCppNETCoreVersion" in file "C:\Program Files\dotnet\sdk\10.0.302\Sdks\Microsoft.NET.Sdk\targets\Microsoft.NET.TargetFrameworkInference.targets" from project "C:\Users\quan\Documents\smart_fan_cooling_windows_app\smart_fan_cooling_windows_app.csproj" (target "CollectPackageReferences" depends on it):
   1:5>Done building target "_CheckForUnsupportedCppNETCoreVersion" in project "smart_fan_cooling_windows_app.csproj".
   1:5>Target "UpdateAspNetToFrameworkReference" in file "C:\Program Files\dotnet\sdk\10.0.302\Sdks\Microsoft.NET.Sdk\targets\Microsoft.NET.Sdk.DefaultItems.Shared.targets" from project "C:\Users\quan\Documents\smart_fan_cooling_windows_app\smart_fan_cooling_windows_app.csproj" (target "ApplyImplicitVersions" depends on it):
       Using "CheckIfPackageReferenceShouldBeFrameworkReference" task from assembly "C:\Program Files\dotnet\sdk\10.0.302\Sdks\Microsoft.NET.Sdk\targets\..\tools\net10.0\Microsoft.NET.Build.Tasks.dll".
       Task "CheckIfPackageReferenceShouldBeFrameworkReference"
       Done executing task "CheckIfPackageReferenceShouldBeFrameworkReference".
       Task "CheckIfPackageReferenceShouldBeFrameworkReference"
       Done executing task "CheckIfPackageReferenceShouldBeFrameworkReference".
   1:5>Done building target "UpdateAspNetToFrameworkReference" in project "smart_fan_cooling_windows_app.csproj".
   1:5>Target "CheckForImplicitPackageReferenceOverrides" in file "C:\Program Files\dotnet\sdk\10.0.302\Sdks\Microsoft.NET.Sdk\targets\Microsoft.NET.Sdk.DefaultItems.Shared.targets" from project "C:\Users\quan\Documents\smart_fan_cooling_windows_app\smart_fan_cooling_windows_app.csproj" (target "ApplyImplicitVersions" depends on it):
       Using "CheckForImplicitPackageReferenceOverrides" task from assembly "C:\Program Files\dotnet\sdk\10.0.302\Sdks\Microsoft.NET.Sdk\targets\..\tools\net10.0\Microsoft.NET.Build.Tasks.dll".
       Task "CheckForImplicitPackageReferenceOverrides"
       Done executing task "CheckForImplicitPackageReferenceOverrides".
   1:5>Done building target "CheckForImplicitPackageReferenceOverrides" in project "smart_fan_cooling_windows_app.csproj".
   1:5>Target "ApplyImplicitVersions" in file "C:\Program Files\dotnet\sdk\10.0.302\Sdks\Microsoft.NET.Sdk\targets\Microsoft.NET.Sdk.DefaultItems.Shared.targets" from project "C:\Users\quan\Documents\smart_fan_cooling_windows_app\smart_fan_cooling_windows_app.csproj" (target "CollectPackageReferences" depends on it):
       Using "ApplyImplicitVersions" task from assembly "C:\Program Files\dotnet\sdk\10.0.302\Sdks\Microsoft.NET.Sdk\targets\..\tools\net10.0\Microsoft.NET.Build.Tasks.dll".
       Task "ApplyImplicitVersions"
       Done executing task "ApplyImplicitVersions".
   1:5>Done building target "ApplyImplicitVersions" in project "smart_fan_cooling_windows_app.csproj".
       Target "CheckForImplicitPackageReferenceOverrides" skipped. Previously built successfully.
   1:5>Target "AddWindowsSdkKnownFrameworkReferences" in file "C:\Program Files\dotnet\sdk\10.0.302\Sdks\Microsoft.NET.Sdk\targets\Microsoft.NET.Sdk.FrameworkReferenceResolution.targets" from project "C:\Users\quan\Documents\smart_fan_cooling_windows_app\smart_fan_cooling_windows_app.csproj" (target "ProcessFrameworkReferences" depends on it):
       Using "CreateWindowsSdkKnownFrameworkReferences" task from assembly "C:\Program Files\dotnet\sdk\10.0.302\Sdks\Microsoft.NET.Sdk\targets\..\tools\net10.0\Microsoft.NET.Build.Tasks.dll".
       Task "CreateWindowsSdkKnownFrameworkReferences"
       Done executing task "CreateWindowsSdkKnownFrameworkReferences".
   1:5>Done building target "AddWindowsSdkKnownFrameworkReferences" in project "smart_fan_cooling_windows_app.csproj".
   1:5>Target "_NormalizeTargetPlatformVersion" in file "C:\Program Files\dotnet\sdk\10.0.302\Sdks\Microsoft.NET.Sdk\targets\Microsoft.NET.TargetFrameworkInference.targets" from project "C:\Users\quan\Documents\smart_fan_cooling_windows_app\smart_fan_cooling_windows_app.csproj" (target "ProcessFrameworkReferences" depends on it):
   1:5>Done building target "_NormalizeTargetPlatformVersion" in project "smart_fan_cooling_windows_app.csproj".
   1:5>Target "_CheckForLanguageAndFeatureCombinationSupport" in file "C:\Program Files\dotnet\sdk\10.0.302\Sdks\Microsoft.NET.Sdk\targets\Microsoft.NET.RuntimeIdentifierInference.targets" from project "C:\Users\quan\Documents\smart_fan_cooling_windows_app\smart_fan_cooling_windows_app.csproj" (target "ProcessFrameworkReferences" depends on it):
   1:5>Done building target "_CheckForLanguageAndFeatureCombinationSupport" in project "smart_fan_cooling_windows_app.csproj".
   1:5>Target "_ComputeToolPackInputsToProcessFrameworkReferences" in file "C:\Program Files\dotnet\sdk\10.0.302\Sdks\Microsoft.NET.Sdk\targets\Microsoft.NET.Publish.targets" from project "C:\Users\quan\Documents\smart_fan_cooling_windows_app\smart_fan_cooling_windows_app.csproj" (target "ProcessFrameworkReferences" depends on it):
   1:5>Done building target "_ComputeToolPackInputsToProcessFrameworkReferences" in project "smart_fan_cooling_windows_app.csproj".
   1:5>Target "ProcessFrameworkReferences" in file "C:\Program Files\dotnet\sdk\10.0.302\Sdks\Microsoft.NET.Sdk\targets\Microsoft.NET.Sdk.FrameworkReferenceResolution.targets" from project "C:\Users\quan\Documents\smart_fan_cooling_windows_app\smart_fan_cooling_windows_app.csproj" (target "CollectPackageReferences" depends on it):
       Using "CheckForDuplicateFrameworkReferences" task from assembly "C:\Program Files\dotnet\sdk\10.0.302\Sdks\Microsoft.NET.Sdk\targets\..\tools\net10.0\Microsoft.NET.Build.Tasks.dll".
       Task "CheckForDuplicateFrameworkReferences"
       Done executing task "CheckForDuplicateFrameworkReferences".
       Using "ProcessFrameworkReferences" task from assembly "C:\Program Files\dotnet\sdk\10.0.302\Sdks\Microsoft.NET.Sdk\targets\..\tools\net10.0\Microsoft.NET.Build.Tasks.dll".
       Task "ProcessFrameworkReferences"
         Found 2 known framework references for target framework .NETCoreApp
         Found 6 known runtime packs for target framework .NETCoreApp
         Selected Microsoft.NETCore.App with RIDs 'linux-arm;linux-arm64;linux-musl-arm64;linux-musl-x64;linux-x64;osx-x64;tizen.4.0.0-armel;tizen.5.0.0-armel;win-arm64;win-x64;win-x86;linux-musl-arm;osx-arm64;linux-s390x;linux-loongarch64;linux-bionic-arm;linux-bionic-arm64;linux-bionic-x64;linux-bionic-x86;linux-ppc64le;freebsd-x64;freebsd-arm64;linux-riscv64;linux-musl-riscv64;linux-musl-loongarch64'
         Selected targeting pack 'Microsoft.NETCore.App@9.0.18'
         Added runtime framework 'Microsoft.NETCore.App@9.0.0'
         Selected Microsoft.WindowsDesktop.App with RIDs 'win-x64;win-x86;win-arm64'
         Selected targeting pack 'Microsoft.WindowsDesktop.App@9.0.18'
         Added runtime framework 'Microsoft.WindowsDesktop.App@9.0.0'
         Selected Microsoft.WindowsDesktop.App with RIDs 'win-x64;win-x86;win-arm64'
         Selected targeting pack 'Microsoft.WindowsDesktop.App.WPF@9.0.18'
         Added runtime framework 'Microsoft.WindowsDesktop.App@9.0.0'
         Selected Microsoft.WindowsDesktop.App with RIDs 'win-x64;win-x86;win-arm64'
         Selected targeting pack 'Microsoft.WindowsDesktop.App.WindowsForms@9.0.18'
         Added runtime framework 'Microsoft.WindowsDesktop.App@9.0.0'
         Selected Microsoft.AspNetCore.App with RIDs 'win-x64;win-x86;osx-x64;linux-musl-x64;linux-musl-arm64;linux-x64;linux-arm;linux-arm64;linux-musl-arm;win-arm64;osx-arm64;linux-s390x;linux-loongarch64;linux-ppc64le;freebsd-x64;freebsd-arm64;linux-riscv64;linux-musl-riscv64;linux-loongarch64;linux-musl-loongarch64'
         Selected targeting pack 'Microsoft.AspNetCore.App@9.0.18'
         Added runtime framework 'Microsoft.AspNetCore.App@9.0.0'
         Selected Microsoft.Windows.SDK.NET.Ref with RIDs 'any'
         Selected targeting pack 'Microsoft.Windows.SDK.NET.Ref@10.0.22621.57'
         Finding best RID match for pack Microsoft.Windows.SDK.NET.Ref@10.0.22621.57 for target RID 'win-x64' from 'any' excluding ''
         Selected Microsoft.Windows.SDK.NET.Ref with RIDs 'any'
         Selected targeting pack 'Microsoft.Windows.SDK.NET.Ref.Windows@10.0.22621.57'
         Finding best RID match for pack Microsoft.Windows.SDK.NET.Ref.Windows@10.0.22621.57 for target RID 'win-x64' from 'any' excluding ''
         Selected Microsoft.Windows.SDK.NET.Ref with RIDs 'any'
         Selected targeting pack 'Microsoft.Windows.SDK.NET.Ref.Xaml@10.0.22621.57'
         Finding best RID match for pack Microsoft.Windows.SDK.NET.Ref.Xaml@10.0.22621.57 for target RID 'win-x64' from 'any' excluding ''
         Selected Microsoft.Windows.SDK.NET.Ref with RIDs 'any'
         Selected targeting pack 'Microsoft.Windows.SDK.NET.Ref.CsWinRT3.Windows@10.0.22621.57'
         Finding best RID match for pack Microsoft.Windows.SDK.NET.Ref.CsWinRT3.Windows@10.0.22621.57 for target RID 'win-x64' from 'any' excluding ''
         Selected Microsoft.Windows.SDK.NET.Ref with RIDs 'any'
         Selected targeting pack 'Microsoft.Windows.SDK.NET.Ref.CsWinRT3.Xaml@10.0.22621.57'
         Finding best RID match for pack Microsoft.Windows.SDK.NET.Ref.CsWinRT3.Xaml@10.0.22621.57 for target RID 'win-x64' from 'any' excluding ''
       Done executing task "ProcessFrameworkReferences".
       Using "ResolveAppHosts" task from assembly "C:\Program Files\dotnet\sdk\10.0.302\Sdks\Microsoft.NET.Sdk\targets\..\tools\net10.0\Microsoft.NET.Build.Tasks.dll".
       Task "ResolveAppHosts"
       Done executing task "ResolveAppHosts".
   1:5>Done building target "ProcessFrameworkReferences" in project "smart_fan_cooling_windows_app.csproj".
   1:5>Target "_CheckForObsoleteDotNetCliToolReferences" in file "C:\Program Files\dotnet\sdk\10.0.302\Sdks\Microsoft.NET.Sdk\targets\Microsoft.NET.ObsoleteReferences.targets" from project "C:\Users\quan\Documents\smart_fan_cooling_windows_app\smart_fan_cooling_windows_app.csproj" (target "CollectPackageReferences" depends on it):
   1:5>Done building target "_CheckForObsoleteDotNetCliToolReferences" in project "smart_fan_cooling_windows_app.csproj".
   1:5>Target "CollectPackageReferences" in file "C:\Program Files\dotnet\sdk\10.0.302\NuGet.targets" from project "C:\Users\quan\Documents\smart_fan_cooling_windows_app\smart_fan_cooling_windows_app.csproj" (target "_GetRestoreProjectStyle" depends on it):
       Using "CheckForDuplicateNuGetItemsTask" task from assembly "C:\Program Files\dotnet\sdk\10.0.302\NuGet.Build.Tasks.dll".
       Task "CheckForDuplicateNuGetItemsTask"
       Done executing task "CheckForDuplicateNuGetItemsTask".
   1:5>Done building target "CollectPackageReferences" in project "smart_fan_cooling_windows_app.csproj".
   1:5>Target "_GetRestoreProjectStyle" in file "C:\Program Files\dotnet\sdk\10.0.302\NuGet.targets" from project "C:\Users\quan\Documents\smart_fan_cooling_windows_app\smart_fan_cooling_windows_app.csproj" (target "_GenerateRestoreSpecs" depends on it):
       Using "GetRestoreProjectStyleTask" task from assembly "C:\Program Files\dotnet\sdk\10.0.302\NuGet.Build.Tasks.dll".
       Task "GetRestoreProjectStyleTask"
       Done executing task "GetRestoreProjectStyleTask".
   1:5>Done building target "_GetRestoreProjectStyle" in project "smart_fan_cooling_windows_app.csproj".
   1:5>Target "_GenerateRestoreSpecs" in file "C:\Program Files\dotnet\sdk\10.0.302\NuGet.targets" from project "C:\Users\quan\Documents\smart_fan_cooling_windows_app\smart_fan_cooling_windows_app.csproj" (target "_GenerateRestoreGraphProjectEntry" depends on it):
       Task "Message"
         Restore entry point C:\Users\quan\Documents\smart_fan_cooling_windows_app\smart_fan_cooling_windows_app.csproj
       Done executing task "Message".
   1:5>Done building target "_GenerateRestoreSpecs" in project "smart_fan_cooling_windows_app.csproj".
   1:5>Target "_GetRestoreSettingsOverrides" in file "C:\Program Files\dotnet\sdk\10.0.302\NuGet.targets" from project "C:\Users\quan\Documents\smart_fan_cooling_windows_app\smart_fan_cooling_windows_app.csproj" (target "_GetRestoreSettings" depends on it):
   1:5>Done building target "_GetRestoreSettingsOverrides" in project "smart_fan_cooling_windows_app.csproj".
   1:5>Target "_GetRestoreSettingsPerFramework" in file "C:\Program Files\dotnet\sdk\10.0.302\NuGet.targets" from project "C:\Users\quan\Documents\smart_fan_cooling_windows_app\smart_fan_cooling_windows_app.csproj" (target "_GetRestoreSettingsCurrentProject" depends on it):
   1:5>Done building target "_GetRestoreSettingsPerFramework" in project "smart_fan_cooling_windows_app.csproj".
   1:5>Target "_GetRestoreSettingsCurrentProject" in file "C:\Program Files\dotnet\sdk\10.0.302\NuGet.targets" from project "C:\Users\quan\Documents\smart_fan_cooling_windows_app\smart_fan_cooling_windows_app.csproj" (target "_GetRestoreSettings" depends on it):
   1:5>Done building target "_GetRestoreSettingsCurrentProject" in project "smart_fan_cooling_windows_app.csproj".
   1:5>Target "_GetRestoreSettings" in file "C:\Program Files\dotnet\sdk\10.0.302\NuGet.targets" from project "C:\Users\quan\Documents\smart_fan_cooling_windows_app\smart_fan_cooling_windows_app.csproj" (target "_GenerateDotnetCliToolReferenceSpecs" depends on it):
       Using "GetRestoreSettingsTask" task from assembly "C:\Program Files\dotnet\sdk\10.0.302\NuGet.Build.Tasks.dll".
       Task "GetRestoreSettingsTask"
         Assembly loaded during TaskRun (NuGet.Build.Tasks.GetRestoreSettingsTask): NuGet.Configuration, Version=7.6.0.0, Culture=neutral, PublicKeyToken=31bf3856ad364e35 (location: C:\Program Files\dotnet\sdk\10.0.302\NuGet.Configuration.dll, MVID: f776aaf7-493c-4f93-aca3-2802294014aa, AssemblyLoadContext: MSBuild plugin C:\Program Files\dotnet\sdk\10.0.302\NuGet.Build.Tasks.dll)
       Done executing task "GetRestoreSettingsTask".
   1:5>Done building target "_GetRestoreSettings" in project "smart_fan_cooling_windows_app.csproj".
   1:5>Target "_GenerateDotnetCliToolReferenceSpecs" in file "C:\Program Files\dotnet\sdk\10.0.302\NuGet.targets" from project "C:\Users\quan\Documents\smart_fan_cooling_windows_app\smart_fan_cooling_windows_app.csproj" (target "_GenerateRestoreGraphProjectEntry" depends on it):
       Using "GetRestoreDotnetCliToolsTask" task from assembly "C:\Program Files\dotnet\sdk\10.0.302\NuGet.Build.Tasks.dll".
       Task "GetRestoreDotnetCliToolsTask"
       Done executing task "GetRestoreDotnetCliToolsTask".
   1:5>Done building target "_GenerateDotnetCliToolReferenceSpecs" in project "smart_fan_cooling_windows_app.csproj".
   1:5>Target "_GenerateRestoreGraphProjectEntry" in file "C:\Program Files\dotnet\sdk\10.0.302\NuGet.targets" from project "C:\Users\quan\Documents\smart_fan_cooling_windows_app\smart_fan_cooling_windows_app.csproj" (entry point):
   1:5>Done building target "_GenerateRestoreGraphProjectEntry" in project "smart_fan_cooling_windows_app.csproj".
   1:5>Done Building Project "C:\Users\quan\Documents\smart_fan_cooling_windows_app\smart_fan_cooling_windows_app.csproj" (_GenerateRestoreGraphProjectEntry target(s)).
     1>Done executing task "MSBuild".
       Task "MSBuild"
         Global Properties:
           ExcludeRestorePackageImports=true
     1>Project "C:\Users\quan\Documents\smart_fan_cooling_windows_app\smart_fan_cooling_windows_app.csproj" (1) is building "C:\Users\quan\Documents\smart_fan_cooling_windows_app\smart_fan_cooling_windows_app.csproj" (1:6) on node 1 (_GenerateProjectRestoreGraph target(s)).
   1:6>Target "_GetRestoreProjectStyle" skipped. Previously built successfully.
       Target "_GetRestoreProjectStyle" skipped. Previously built successfully.
       Target "_GetRestoreProjectStyle" skipped. Previously built successfully.
   1:6>Target "_GetRestoreTargetFrameworkOverride" in file "C:\Program Files\dotnet\sdk\10.0.302\NuGet.targets" from project "C:\Users\quan\Documents\smart_fan_cooling_windows_app\smart_fan_cooling_windows_app.csproj" (target "_GetRestoreTargetFrameworksOutput" depends on it):
   1:6>Done building target "_GetRestoreTargetFrameworkOverride" in project "smart_fan_cooling_windows_app.csproj".
   1:6>Target "_GetRestoreTargetFrameworksOutput" in file "C:\Program Files\dotnet\sdk\10.0.302\NuGet.targets" from project "C:\Users\quan\Documents\smart_fan_cooling_windows_app\smart_fan_cooling_windows_app.csproj" (target "_GenerateRestoreProjectSpec" depends on it):
       Using "GetProjectTargetFrameworksTask" task from assembly "C:\Program Files\dotnet\sdk\10.0.302\NuGet.Build.Tasks.dll".
       Task "GetProjectTargetFrameworksTask"
       Done executing task "GetProjectTargetFrameworksTask".
   1:6>Done building target "_GetRestoreTargetFrameworksOutput" in project "smart_fan_cooling_windows_app.csproj".
       Target "_GetRestoreSettings" skipped. Previously built successfully.
   1:6>Target "_GenerateRestoreProjectSpec" in file "C:\Program Files\dotnet\sdk\10.0.302\NuGet.targets" from project "C:\Users\quan\Documents\smart_fan_cooling_windows_app\smart_fan_cooling_windows_app.csproj" (target "_GenerateProjectRestoreGraph" depends on it):
       Task "ConvertToAbsolutePath"
       Done executing task "ConvertToAbsolutePath".
   1:6>Done building target "_GenerateRestoreProjectSpec" in project "smart_fan_cooling_windows_app.csproj".
       Target "_GetRestoreProjectStyle" skipped. Previously built successfully.
       Target "CollectPackageReferences" skipped. Previously built successfully.
   1:6>Target "CollectPackageDownloads" in file "C:\Program Files\dotnet\sdk\10.0.302\NuGet.targets" from project "C:\Users\quan\Documents\smart_fan_cooling_windows_app\smart_fan_cooling_windows_app.csproj" (target "_CollectRestoreInputs" depends on it):
       Task "CheckForDuplicateNuGetItemsTask"
       Done executing task "CheckForDuplicateNuGetItemsTask".
   1:6>Done building target "CollectPackageDownloads" in project "smart_fan_cooling_windows_app.csproj".
   1:6>Target "CollectFrameworkReferences" in file "C:\Program Files\dotnet\sdk\10.0.302\NuGet.targets" from project "C:\Users\quan\Documents\smart_fan_cooling_windows_app\smart_fan_cooling_windows_app.csproj" (target "_CollectRestoreInputs" depends on it):
   1:6>Done building target "CollectFrameworkReferences" in project "smart_fan_cooling_windows_app.csproj".
   1:6>Target "CollectCentralPackageVersions" in file "C:\Program Files\dotnet\sdk\10.0.302\NuGet.targets" from project "C:\Users\quan\Documents\smart_fan_cooling_windows_app\smart_fan_cooling_windows_app.csproj" (target "_CollectRestoreInputs" depends on it):
       Task "CheckForDuplicateNuGetItemsTask"
       Done executing task "CheckForDuplicateNuGetItemsTask".
   1:6>Done building target "CollectCentralPackageVersions" in project "smart_fan_cooling_windows_app.csproj".
   1:6>Target "CollectNuGetAuditSuppressions" in file "C:\Program Files\dotnet\sdk\10.0.302\NuGet.targets" from project "C:\Users\quan\Documents\smart_fan_cooling_windows_app\smart_fan_cooling_windows_app.csproj" (target "_CollectRestoreInputs" depends on it):
       Task "CheckForDuplicateNuGetItemsTask"
       Done executing task "CheckForDuplicateNuGetItemsTask".
   1:6>Done building target "CollectNuGetAuditSuppressions" in project "smart_fan_cooling_windows_app.csproj".
   1:6>Target "CollectPrunePackageReferences" in file "C:\Program Files\dotnet\sdk\10.0.302\NuGet.targets" from project "C:\Users\quan\Documents\smart_fan_cooling_windows_app\smart_fan_cooling_windows_app.csproj" (target "_CollectRestoreInputs" depends on it):
       Task "CheckForDuplicateNuGetItemsTask"
       Done executing task "CheckForDuplicateNuGetItemsTask".
   1:6>Done building target "CollectPrunePackageReferences" in project "smart_fan_cooling_windows_app.csproj".
   1:6>Target "_CollectRestoreInputs" in file "C:\Program Files\dotnet\sdk\10.0.302\NuGet.targets" from project "C:\Users\quan\Documents\smart_fan_cooling_windows_app\smart_fan_cooling_windows_app.csproj" (target "_GenerateProjectRestoreGraphPerFramework" depends on it):
   1:6>Done building target "_CollectRestoreInputs" in project "smart_fan_cooling_windows_app.csproj".
   1:6>Target "_GenerateProjectRestoreGraphPerFramework" in file "C:\Program Files\dotnet\sdk\10.0.302\NuGet.targets" from project "C:\Users\quan\Documents\smart_fan_cooling_windows_app\smart_fan_cooling_windows_app.csproj" (target "_GenerateProjectRestoreGraphCurrentProject" depends on it):
       Using "GetRestoreProjectReferencesTask" task from assembly "C:\Program Files\dotnet\sdk\10.0.302\NuGet.Build.Tasks.dll".
       Task "GetRestoreProjectReferencesTask"
       Done executing task "GetRestoreProjectReferencesTask".
       Using "GetRestorePackageReferencesTask" task from assembly "C:\Program Files\dotnet\sdk\10.0.302\NuGet.Build.Tasks.dll".
       Task "GetRestorePackageReferencesTask"
       Done executing task "GetRestorePackageReferencesTask".
       Using "GetRestorePackageDownloadsTask" task from assembly "C:\Program Files\dotnet\sdk\10.0.302\NuGet.Build.Tasks.dll".
       Task "GetRestorePackageDownloadsTask"
       Done executing task "GetRestorePackageDownloadsTask".
       Using "GetRestoreFrameworkReferencesTask" task from assembly "C:\Program Files\dotnet\sdk\10.0.302\NuGet.Build.Tasks.dll".
       Task "GetRestoreFrameworkReferencesTask"
       Done executing task "GetRestoreFrameworkReferencesTask".
       Using "GetRestoreNuGetAuditSuppressionsTask" task from assembly "C:\Program Files\dotnet\sdk\10.0.302\NuGet.Build.Tasks.dll".
       Task "GetRestoreNuGetAuditSuppressionsTask"
       Done executing task "GetRestoreNuGetAuditSuppressionsTask".
       Using "GetRestorePrunePackageReferencesTask" task from assembly "C:\Program Files\dotnet\sdk\10.0.302\NuGet.Build.Tasks.dll".
       Task "GetRestorePrunePackageReferencesTask"
       Done executing task "GetRestorePrunePackageReferencesTask".
   1:6>Done building target "_GenerateProjectRestoreGraphPerFramework" in project "smart_fan_cooling_windows_app.csproj".
   1:6>Target "_GenerateProjectRestoreGraphCurrentProject" in file "C:\Program Files\dotnet\sdk\10.0.302\NuGet.targets" from project "C:\Users\quan\Documents\smart_fan_cooling_windows_app\smart_fan_cooling_windows_app.csproj" (target "_GenerateRestoreDependencies" depends on it):
   1:6>Done building target "_GenerateProjectRestoreGraphCurrentProject" in project "smart_fan_cooling_windows_app.csproj".
   1:6>Target "_GenerateRestoreDependencies" in file "C:\Program Files\dotnet\sdk\10.0.302\NuGet.targets" from project "C:\Users\quan\Documents\smart_fan_cooling_windows_app\smart_fan_cooling_windows_app.csproj" (target "_GenerateProjectRestoreGraph" depends on it):
   1:6>Done building target "_GenerateRestoreDependencies" in project "smart_fan_cooling_windows_app.csproj".
   1:6>Target "_GenerateProjectRestoreGraph" in file "C:\Program Files\dotnet\sdk\10.0.302\NuGet.targets" from project "C:\Users\quan\Documents\smart_fan_cooling_windows_app\smart_fan_cooling_windows_app.csproj" (entry point):
   1:6>Done building target "_GenerateProjectRestoreGraph" in project "smart_fan_cooling_windows_app.csproj".
   1:6>Done Building Project "C:\Users\quan\Documents\smart_fan_cooling_windows_app\smart_fan_cooling_windows_app.csproj" (_GenerateProjectRestoreGraph target(s)).
     1>Done executing task "MSBuild".
     1>Done building target "_GenerateRestoreGraph" in project "smart_fan_cooling_windows_app.csproj".
     1>Target "_CollectTargetFrameworkForTelemetry" in file "C:\Program Files\dotnet\sdk\10.0.302\Sdks\Microsoft.NET.Sdk\targets\Microsoft.NET.TargetFrameworkInference.targets" from project "C:\Users\quan\Documents\smart_fan_cooling_windows_app\smart_fan_cooling_windows_app.csproj" (target "Restore" depends on it):
       Using "AllowEmptyTelemetry" task from assembly "C:\Program Files\dotnet\sdk\10.0.302\Sdks\Microsoft.NET.Sdk\targets\..\tools\net10.0\Microsoft.NET.Build.Tasks.dll".
       Task "AllowEmptyTelemetry"
       Done executing task "AllowEmptyTelemetry".
     1>Done building target "_CollectTargetFrameworkForTelemetry" in project "smart_fan_cooling_windows_app.csproj".
     1>Target "_CheckForUnsupportedNETCoreVersion" in file "C:\Program Files\dotnet\sdk\10.0.302\Sdks\Microsoft.NET.Sdk\targets\Microsoft.NET.TargetFrameworkInference.targets" from project "C:\Users\quan\Documents\smart_fan_cooling_windows_app\smart_fan_cooling_windows_app.csproj" (target "Restore" depends on it):
     1>Done building target "_CheckForUnsupportedNETCoreVersion" in project "smart_fan_cooling_windows_app.csproj".
     1>Target "_CheckForUnsupportedCppNETCoreVersion" in file "C:\Program Files\dotnet\sdk\10.0.302\Sdks\Microsoft.NET.Sdk\targets\Microsoft.NET.TargetFrameworkInference.targets" from project "C:\Users\quan\Documents\smart_fan_cooling_windows_app\smart_fan_cooling_windows_app.csproj" (target "Restore" depends on it):
     1>Done building target "_CheckForUnsupportedCppNETCoreVersion" in project "smart_fan_cooling_windows_app.csproj".
     1>Target "Restore" in file "C:\Program Files\dotnet\sdk\10.0.302\NuGet.targets" from project "C:\Users\quan\Documents\smart_fan_cooling_windows_app\smart_fan_cooling_windows_app.csproj" (entry point):
       Task "RemoveDuplicates"
       Done executing task "RemoveDuplicates".
       Using "RestoreTask" task from assembly "C:\Program Files\dotnet\sdk\10.0.302\NuGet.Build.Tasks.dll".
       Task "RestoreTask"
         Assembly loaded during TaskRun (NuGet.Build.Tasks.RestoreTask): NuGet.Packaging, Version=7.6.0.0, Culture=neutral, PublicKeyToken=31bf3856ad364e35 (location: C:\Program Files\dotnet\sdk\10.0.302\NuGet.Packaging.dll, MVID: c5b3a909-8b21-4845-bdec-35329bbde5d5, AssemblyLoadContext: MSBuild plugin C:\Program Files\dotnet\sdk\10.0.302\NuGet.Build.Tasks.dll)
         Assembly loaded during TaskRun (NuGet.Build.Tasks.RestoreTask): NuGet.Versioning, Version=7.6.0.0, Culture=neutral, PublicKeyToken=31bf3856ad364e35 (location: C:\Program Files\dotnet\sdk\10.0.302\NuGet.Versioning.dll, MVID: 12f68cff-b14e-467d-abeb-e6815fa40bed, AssemblyLoadContext: MSBuild plugin C:\Program Files\dotnet\sdk\10.0.302\NuGet.Build.Tasks.dll)
         Assembly loaded during TaskRun (NuGet.Build.Tasks.RestoreTask): NuGet.Frameworks, Version=7.6.0.0, Culture=neutral, PublicKeyToken=31bf3856ad364e35 (location: C:\Program Files\dotnet\sdk\10.0.302\NuGet.Frameworks.dll, MVID: c8b2514d-8266-46e2-97cf-2b258b56265b, AssemblyLoadContext: MSBuild plugin C:\Program Files\dotnet\sdk\10.0.302\NuGet.Build.Tasks.dll)
         Assembly loaded during TaskRun (NuGet.Build.Tasks.RestoreTask): NuGet.LibraryModel, Version=7.6.0.0, Culture=neutral, PublicKeyToken=31bf3856ad364e35 (location: C:\Program Files\dotnet\sdk\10.0.302\NuGet.LibraryModel.dll, MVID: d15489dc-1b1d-40b8-87ad-8d265eb94dbd, AssemblyLoadContext: MSBuild plugin C:\Program Files\dotnet\sdk\10.0.302\NuGet.Build.Tasks.dll)
         Assembly loaded during TaskRun (NuGet.Build.Tasks.RestoreTask): NuGet.Protocol, Version=7.6.0.0, Culture=neutral, PublicKeyToken=31bf3856ad364e35 (location: C:\Program Files\dotnet\sdk\10.0.302\NuGet.Protocol.dll, MVID: 3a4ae892-2faa-4624-bd8e-63efa2e7074f, AssemblyLoadContext: MSBuild plugin C:\Program Files\dotnet\sdk\10.0.302\NuGet.Build.Tasks.dll)
         Assembly loaded during TaskRun (NuGet.Build.Tasks.RestoreTask): NuGet.Credentials, Version=7.6.0.0, Culture=neutral, PublicKeyToken=31bf3856ad364e35 (location: C:\Program Files\dotnet\sdk\10.0.302\NuGet.Credentials.dll, MVID: bc8d0130-50d6-4c02-ab11-9601e79aac05, AssemblyLoadContext: MSBuild plugin C:\Program Files\dotnet\sdk\10.0.302\NuGet.Build.Tasks.dll)
         Assembly loaded during TaskRun (NuGet.Build.Tasks.RestoreTask): System.Collections.NonGeneric, Version=10.0.0.0, Culture=neutral, PublicKeyToken=b03f5f7f11d50a3a (location: C:\Program Files\dotnet\shared\Microsoft.NETCore.App\10.0.10\System.Collections.NonGeneric.dll, MVID: 40865248-f046-4986-a11b-0d4857ef5462, AssemblyLoadContext: Default)
         X.509 certificate chain validation will use the default trust store selected by .NET for code signing.
         X.509 certificate chain validation will use the default trust store selected by .NET for timestamping.
         Assembly loaded during TaskRun (NuGet.Build.Tasks.RestoreTask): NuGet.DependencyResolver.Core, Version=7.6.0.0, Culture=neutral, PublicKeyToken=31bf3856ad364e35 (location: C:\Program Files\dotnet\sdk\10.0.302\NuGet.DependencyResolver.Core.dll, MVID: 8797b76a-b359-4ded-998b-b7df1f8cf214, AssemblyLoadContext: MSBuild plugin C:\Program Files\dotnet\sdk\10.0.302\NuGet.Build.Tasks.dll)
         Running restore with 20 concurrent jobs.
         Reading project file C:\Users\quan\Documents\smart_fan_cooling_windows_app\smart_fan_cooling_windows_app.csproj.
         Assembly loaded during TaskRun (NuGet.Build.Tasks.RestoreTask): Newtonsoft.Json, Version=13.0.0.0, Culture=neutral, PublicKeyToken=30ad4fe6b2a6aeed (location: C:\Program Files\dotnet\sdk\10.0.302\Newtonsoft.Json.dll, MVID: 7e62198b-eab2-4380-bbac-29171862d1d8, AssemblyLoadContext: MSBuild plugin C:\Program Files\dotnet\sdk\10.0.302\NuGet.Build.Tasks.dll)
         Assembly loaded during TaskRun (NuGet.Build.Tasks.RestoreTask): System.Runtime.Serialization.Primitives, Version=10.0.0.0, Culture=neutral, PublicKeyToken=b03f5f7f11d50a3a (location: C:\Program Files\dotnet\shared\Microsoft.NETCore.App\10.0.10\System.Runtime.Serialization.Primitives.dll, MVID: 66f08e00-722e-4266-91a4-4a9d38b0d062, AssemblyLoadContext: Default)
         Assembly loaded during TaskRun (NuGet.Build.Tasks.RestoreTask): System.Runtime.Numerics, Version=10.0.0.0, Culture=neutral, PublicKeyToken=b03f5f7f11d50a3a (location: C:\Program Files\dotnet\shared\Microsoft.NETCore.App\10.0.10\System.Runtime.Numerics.dll, MVID: 1825e3b2-b31a-4d4d-8d82-46b728049442, AssemblyLoadContext: Default)
         Assembly loaded during TaskRun (NuGet.Build.Tasks.RestoreTask): System.Text.Encodings.Web, Version=10.0.0.0, Culture=neutral, PublicKeyToken=cc7b13ffcd2ddd51 (location: C:\Program Files\dotnet\shared\Microsoft.NETCore.App\10.0.10\System.Text.Encodings.Web.dll, MVID: 43a68aa8-997d-4335-b4e7-46670437a748, AssemblyLoadContext: Default)
         The restore inputs for 'smart_fan_cooling_windows_app' have not changed. No further actions are required to complete the restore.
         Committing restore...
         Assets file has not changed. Skipping assets file writing. Path: C:\Users\quan\Documents\smart_fan_cooling_windows_app\obj\project.assets.json
         No-Op restore. The cache will not be updated. Path: C:\Users\quan\Documents\smart_fan_cooling_windows_app\obj\project.nuget.cache
         Restored C:\Users\quan\Documents\smart_fan_cooling_windows_app\smart_fan_cooling_windows_app.csproj (in 34 ms).
         
         NuGet Config files used:
             C:\Users\quan\AppData\Roaming\NuGet\NuGet.Config
         
         Feeds used:
             https://api.nuget.org/v3/index.json
         All projects are up-to-date for restore.
       Done executing task "RestoreTask".
     1>Done building target "Restore" in project "smart_fan_cooling_windows_app.csproj".
     1>Done Building Project "C:\Users\quan\Documents\smart_fan_cooling_windows_app\smart_fan_cooling_windows_app.csproj" (Restore target(s)).
     0>The SDK "Microsoft.NET.Sdk" was successfully resolved by the "DefaultSdkResolver" resolver to location "C:\Program Files\dotnet\sdk\10.0.302\Sdks\Microsoft.NET.Sdk\Sdk" and version "".
       C:\Program Files\dotnet\sdk\10.0.302\Sdks\Microsoft.NET.Sdk\Sdk\Sdk.props(49,11): message : Property 'MSBuildExtensionsPath' with value 'C:\Program Files\dotnet\sdk\10.0.302\' expanded from the environment.
       C:\Program Files\dotnet\sdk\10.0.302\Current\Microsoft.Common.props(60,5): message : Property reassignment: $(MSBuildProjectExtensionsPath)="C:\Users\quan\Documents\smart_fan_cooling_windows_app\obj\" (previous value: "obj\") at C:\Program Files\dotnet\sdk\10.0.302\Current\Microsoft.Common.props (60,5)
       C:\Users\quan\Documents\smart_fan_cooling_windows_app\obj\smart_fan_cooling_windows_app.csproj.nuget.g.props(7,5): message : Property 'USERPROFILE' with value 'C:\Users\quan' expanded from the environment.
       C:\Users\quan\.nuget\packages\microsoft.windows.sdk.buildtools\10.0.26100.1742\buildTransitive\Microsoft.Windows.SDK.BuildTools.props(4,37): message : Property 'PROCESSOR_ARCHITECTURE' with value 'AMD64' expanded from the environment.
       C:\Users\quan\.nuget\packages\microsoft.windowsappsdk\1.6.241114003\buildTransitive\Microsoft.UI.Xaml.Markup.Compiler.props(15,5): message : Property reassignment: $(CustomBeforeMicrosoftCommonTargets)="C:\Users\quan\.nuget\packages\microsoft.windowsappsdk\1.6.241114003\buildTransitive\Microsoft.UI.Xaml.Markup.Compiler.BeforeCommon.targets" (previous value: "C:\Users\quan\.nuget\packages\microsoft.windowsappsdk\1.6.241114003\buildTransitive\Microsoft.Build.Msix.props") at C:\Users\quan\.nuget\packages\microsoft.windowsappsdk\1.6.241114003\buildTransitive\Microsoft.UI.Xaml.Markup.Compiler.props (15,5)
       C:\Program Files\dotnet\sdk\10.0.302\Current\Microsoft.Common.props(84,119): message : Property 'MSBuildUserExtensionsPath' with value 'C:\Users\quan\AppData\Local\Microsoft\MSBuild' expanded from the environment.
       C:\Program Files\dotnet\sdk\10.0.302\Sdks\Microsoft.NET.Sdk\targets\Microsoft.NET.Sdk.props(90,5): message : Property reassignment: $(AssemblySearchPaths)="{CandidateAssemblyFiles};{HintPathFromItem}" (previous value: "{CandidateAssemblyFiles}") at C:\Program Files\dotnet\sdk\10.0.302\Sdks\Microsoft.NET.Sdk\targets\Microsoft.NET.Sdk.props (90,5)
       C:\Program Files\dotnet\sdk\10.0.302\Sdks\Microsoft.NET.Sdk\targets\Microsoft.NET.Sdk.props(91,5): message : Property reassignment: $(AssemblySearchPaths)="{CandidateAssemblyFiles};{HintPathFromItem};{TargetFrameworkDirectory}" (previous value: "{CandidateAssemblyFiles};{HintPathFromItem}") at C:\Program Files\dotnet\sdk\10.0.302\Sdks\Microsoft.NET.Sdk\targets\Microsoft.NET.Sdk.props (91,5)
       C:\Program Files\dotnet\sdk\10.0.302\Sdks\Microsoft.NET.Sdk\targets\Microsoft.NET.Sdk.props(92,5): message : Property reassignment: $(AssemblySearchPaths)="{CandidateAssemblyFiles};{HintPathFromItem};{TargetFrameworkDirectory};{RawFileName}" (previous value: "{CandidateAssemblyFiles};{HintPathFromItem};{TargetFrameworkDirectory}") at C:\Program Files\dotnet\sdk\10.0.302\Sdks\Microsoft.NET.Sdk\targets\Microsoft.NET.Sdk.props (92,5)
       The "DefaultSdkResolver" resolver attempted to resolve the SDK "Microsoft.NET.SDK.WorkloadAutoImportPropsLocator".
       Warnings: null
       Errors: MSB4276: The default SDK resolver failed to resolve SDK "Microsoft.NET.SDK.WorkloadAutoImportPropsLocator" because directory "C:\Program Files\dotnet\sdk\10.0.302\Sdks\Microsoft.NET.SDK.WorkloadAutoImportPropsLocator\Sdk" did not exist.
       The SDK "Microsoft.NET.SDK.WorkloadAutoImportPropsLocator" was successfully resolved by the "Microsoft.DotNet.MSBuildWorkloadSdkResolver" resolver to location "null" and version "null".
       C:\Users\quan\Documents\smart_fan_cooling_windows_app\smart_fan_cooling_windows_app.csproj(3,5): message : Property reassignment: $(OutputType)="WinExe" (previous value: "Library") at C:\Users\quan\Documents\smart_fan_cooling_windows_app\smart_fan_cooling_windows_app.csproj (3,5)
       C:\Users\quan\Documents\smart_fan_cooling_windows_app\smart_fan_cooling_windows_app.csproj(6,5): message : Property reassignment: $(RootNamespace)="SmartFanCooling" (previous value: "smart_fan_cooling_windows_app") at C:\Users\quan\Documents\smart_fan_cooling_windows_app\smart_fan_cooling_windows_app.csproj (6,5)
       C:\Users\quan\Documents\smart_fan_cooling_windows_app\smart_fan_cooling_windows_app.csproj(8,5): message : Property reassignment: $(Platforms)="x64;ARM64" (previous value: "AnyCPU") at C:\Users\quan\Documents\smart_fan_cooling_windows_app\smart_fan_cooling_windows_app.csproj (8,5)
       C:\Users\quan\Documents\smart_fan_cooling_windows_app\smart_fan_cooling_windows_app.csproj(9,5): message : Property reassignment: $(Platform)="x64" (previous value: "AnyCPU") at C:\Users\quan\Documents\smart_fan_cooling_windows_app\smart_fan_cooling_windows_app.csproj (9,5)
       C:\Users\quan\Documents\smart_fan_cooling_windows_app\smart_fan_cooling_windows_app.csproj(18,5): message : Property reassignment: $(AllowUnsafeBlocks)="true" (previous value: "false") at C:\Users\quan\Documents\smart_fan_cooling_windows_app\smart_fan_cooling_windows_app.csproj (18,5)
       C:\Program Files\dotnet\sdk\10.0.302\Sdks\Microsoft.NET.Sdk\targets\Microsoft.NET.Sdk.ImportPublishProfile.targets(28,5): message : Property reassignment: $(PublishProfileImported)="false" (previous value: "true") at C:\Program Files\dotnet\sdk\10.0.302\Sdks\Microsoft.NET.Sdk\targets\Microsoft.NET.Sdk.ImportPublishProfile.targets (28,5)
       C:\Program Files\dotnet\sdk\10.0.302\Sdks\Microsoft.NET.Sdk\targets\Microsoft.NET.TargetFrameworkInference.targets(84,5): message : Property reassignment: $(TargetPlatformIdentifier)="Windows" (previous value: "windows") at C:\Program Files\dotnet\sdk\10.0.302\Sdks\Microsoft.NET.Sdk\targets\Microsoft.NET.TargetFrameworkInference.targets (84,5)
       C:\Program Files\dotnet\sdk\10.0.302\Sdks\Microsoft.NET.Sdk\targets\Microsoft.NET.DefaultOutputPaths.targets(127,5): message : Property reassignment: $(DefaultItemExcludes)=";bin\x64\Debug\/**;obj\x64\Debug\/**" (previous value: ";bin\x64\Debug\/**") at C:\Program Files\dotnet\sdk\10.0.302\Sdks\Microsoft.NET.Sdk\targets\Microsoft.NET.DefaultOutputPaths.targets (127,5)
       C:\Program Files\dotnet\sdk\10.0.302\Sdks\Microsoft.NET.Sdk\targets\Microsoft.NET.DefaultOutputPaths.targets(142,5): message : Property reassignment: $(OutputPath)="bin\x64\Debug\net9.0-windows10.0.22621.0\" (previous value: "bin\x64\Debug\") at C:\Program Files\dotnet\sdk\10.0.302\Sdks\Microsoft.NET.Sdk\targets\Microsoft.NET.DefaultOutputPaths.targets (142,5)
       C:\Program Files\dotnet\sdk\10.0.302\Sdks\Microsoft.NET.Sdk\targets\Microsoft.NET.DefaultOutputPaths.targets(147,5): message : Property reassignment: $(IntermediateOutputPath)="obj\x64\Debug\net9.0-windows10.0.22621.0\" (previous value: "obj\x64\Debug\") at C:\Program Files\dotnet\sdk\10.0.302\Sdks\Microsoft.NET.Sdk\targets\Microsoft.NET.DefaultOutputPaths.targets (147,5)
       The "DefaultSdkResolver" resolver attempted to resolve the SDK "Microsoft.NET.SDK.WorkloadManifestTargetsLocator".
       Warnings: null
       Errors: MSB4276: The default SDK resolver failed to resolve SDK "Microsoft.NET.SDK.WorkloadManifestTargetsLocator" because directory "C:\Program Files\dotnet\sdk\10.0.302\Sdks\Microsoft.NET.SDK.WorkloadManifestTargetsLocator\Sdk" did not exist.
       The SDK "Microsoft.NET.SDK.WorkloadManifestTargetsLocator" was successfully resolved by the "Microsoft.DotNet.MSBuildWorkloadSdkResolver" resolver to location "C:\Program Files\dotnet\sdk-manifests\10.0.100\microsoft.net.sdk.android\36.1.2" and version "null".
       C:\Program Files\dotnet\sdk\10.0.302\Sdks\Microsoft.NET.Sdk\targets\Microsoft.NET.RuntimeIdentifierInference.targets(401,5): message : Property reassignment: $(IntermediateOutputPath)="obj\x64\Debug\net9.0-windows10.0.22621.0\win-x64\" (previous value: "obj\x64\Debug\net9.0-windows10.0.22621.0\") at C:\Program Files\dotnet\sdk\10.0.302\Sdks\Microsoft.NET.Sdk\targets\Microsoft.NET.RuntimeIdentifierInference.targets (401,5)
       C:\Program Files\dotnet\sdk\10.0.302\Sdks\Microsoft.NET.Sdk\targets\Microsoft.NET.RuntimeIdentifierInference.targets(402,5): message : Property reassignment: $(OutputPath)="bin\x64\Debug\net9.0-windows10.0.22621.0\win-x64\" (previous value: "bin\x64\Debug\net9.0-windows10.0.22621.0\") at C:\Program Files\dotnet\sdk\10.0.302\Sdks\Microsoft.NET.Sdk\targets\Microsoft.NET.RuntimeIdentifierInference.targets (402,5)
       C:\Program Files\dotnet\sdk\10.0.302\Sdks\Microsoft.NET.Sdk\targets\Microsoft.NET.Sdk.BeforeCommon.targets(379,5): message : Property reassignment: $(RoslynTargetsPath)="C:\Program Files\dotnet\sdk\10.0.302\Sdks\Microsoft.NET.Sdk\targets\..\..\..\Roslyn" (previous value: "C:\Program Files\dotnet\sdk\10.0.302\Roslyn") at C:\Program Files\dotnet\sdk\10.0.302\Sdks\Microsoft.NET.Sdk\targets\Microsoft.NET.Sdk.BeforeCommon.targets (379,5)
       C:\Program Files\dotnet\sdk\10.0.302\Roslyn\Microsoft.Managed.Core.targets(6,5): message : Property reassignment: $(_BuildTasksDirectory)="C:\Program Files\dotnet\sdk\10.0.302\Sdks\Microsoft.NET.Sdk\targets\..\..\..\Roslyn\" (previous value: "C:\Program Files\dotnet\sdk\10.0.302\Roslyn\") at C:\Program Files\dotnet\sdk\10.0.302\Roslyn\Microsoft.Managed.Core.targets (6,5)
       C:\Program Files\dotnet\sdk\10.0.302\Roslyn\Microsoft.CSharp.Core.targets(213,5): message : Property reassignment: $(CommandLineArgsForDesignTimeEvaluation)="-langversion:13.0 -define:TRACE" (previous value: "-langversion:13.0") at C:\Program Files\dotnet\sdk\10.0.302\Roslyn\Microsoft.CSharp.Core.targets (213,5)
       C:\Users\quan\.nuget\packages\microsoft.windowsappsdk\1.6.241114003\buildTransitive\Microsoft.Build.Msix.Common.props(4,5): message : Property reassignment: $(MsAppxPackageTargets)="Dont-Use-MsAppxPackageTargets" (previous value: "WinUI3-NET5-Projects-Dont-Use-MsAppxPackageTargets") at C:\Users\quan\.nuget\packages\microsoft.windowsappsdk\1.6.241114003\buildTransitive\Microsoft.Build.Msix.Common.props (4,5)
       C:\Program Files\dotnet\sdk\10.0.302\Microsoft.Common.CurrentVersion.targets(175,5): message : Property reassignment: $(_DebugSymbolsProduced)="true" (previous value: "false") at C:\Program Files\dotnet\sdk\10.0.302\Microsoft.Common.CurrentVersion.targets (175,5)
       C:\Program Files\dotnet\sdk\10.0.302\Microsoft.Common.CurrentVersion.targets(185,5): message : Property reassignment: $(_DocumentationFileProduced)="false" (previous value: "true") at C:\Program Files\dotnet\sdk\10.0.302\Microsoft.Common.CurrentVersion.targets (185,5)
       C:\Program Files\dotnet\sdk\10.0.302\Microsoft.Common.CurrentVersion.targets(392,5): message : Property reassignment: $(MSBuildCopyMarkerName)="smart_fa.88C809BE" (previous value: "smart_fan_cooling_windows_app.csproj") at C:\Program Files\dotnet\sdk\10.0.302\Microsoft.Common.CurrentVersion.targets (392,5)
       C:\Program Files\dotnet\sdk\10.0.302\Microsoft.Common.CurrentVersion.targets(393,5): message : Property reassignment: $(MSBuildCopyMarkerName)="smart_fa.88C809BE.Up2Date" (previous value: "smart_fa.88C809BE") at C:\Program Files\dotnet\sdk\10.0.302\Microsoft.Common.CurrentVersion.targets (393,5)
       C:\Program Files\dotnet\sdk\10.0.302\Microsoft.Common.CurrentVersion.targets(528,5): message : Property reassignment: $(ProcessorArchitecture)="amd64" (previous value: "x64") at C:\Program Files\dotnet\sdk\10.0.302\Microsoft.Common.CurrentVersion.targets (528,5)
       C:\Program Files\dotnet\sdk\10.0.302\Microsoft.Common.CurrentVersion.targets(580,5): message : Property reassignment: $(DelaySign)="" (previous value: "false") at C:\Program Files\dotnet\sdk\10.0.302\Microsoft.Common.CurrentVersion.targets (580,5)
       C:\Program Files\dotnet\sdk\10.0.302\Microsoft.Common.CurrentVersion.targets(1188,5): message : Property reassignment: $(PrepareForBuildDependsOn)=";WindowsAppSDKVerifyKitVersion;GetFrameworkPaths;GetReferenceAssemblyPaths;AssignLinkMetadata" (previous value: ";WindowsAppSDKVerifyKitVersion") at C:\Program Files\dotnet\sdk\10.0.302\Microsoft.Common.CurrentVersion.targets (1188,5)
       C:\Program Files\dotnet\sdk\10.0.302\Microsoft.Common.CurrentVersion.targets(2622,5): message : Property 'LOCALAPPDATA' with value 'C:\Users\quan\AppData\Local' expanded from the environment.
       C:\Program Files\dotnet\sdk\10.0.302\Microsoft.Common.CurrentVersion.targets(3950,5): message : Property reassignment: $(_SGenGenerateSerializationAssembliesConfig)="Auto" (previous value: "") at C:\Program Files\dotnet\sdk\10.0.302\Microsoft.Common.CurrentVersion.targets (3950,5)
       C:\Program Files\dotnet\sdk\10.0.302\Microsoft.Common.CurrentVersion.targets(3951,5): message : Property reassignment: $(_SGenGenerateSerializationAssembliesConfig)="Off" (previous value: "Auto") at C:\Program Files\dotnet\sdk\10.0.302\Microsoft.Common.CurrentVersion.targets (3951,5)
       C:\Program Files\dotnet\sdk\10.0.302\Microsoft.Common.CurrentVersion.targets(5162,5): message : Property reassignment: $(_TargetsThatPrepareProjectReferences)="
       C:\Program Files\dotnet\sdk\10.0.302\Microsoft.Common.CurrentVersion.targets(5162,5): message :       AssignProjectConfiguration;
       C:\Program Files\dotnet\sdk\10.0.302\Microsoft.Common.CurrentVersion.targets(5162,5): message :       _SplitProjectReferencesByFileExistence
       C:\Program Files\dotnet\sdk\10.0.302\Microsoft.Common.CurrentVersion.targets(5162,5): message :     " (previous value: "_SplitProjectReferencesByFileExistence") at C:\Program Files\dotnet\sdk\10.0.302\Microsoft.Common.CurrentVersion.targets (5162,5)
       C:\Program Files\dotnet\sdk\10.0.302\Microsoft.Common.CurrentVersion.targets(6975,5): message : Property 'MSBuildExtensionsPath32' with value 'C:\Program Files\dotnet\sdk\10.0.302' expanded from the environment.
       The "NuGetInteractive" property is a global property, and cannot be modified.
       C:\Users\quan\.nuget\packages\microsoft.windowsappsdk\1.6.241114003\buildTransitive\Microsoft.WinUI.AppX.targets(7,5): message : Property reassignment: $(MSBuildWarningsAsMessages)="
       C:\Users\quan\.nuget\packages\microsoft.windowsappsdk\1.6.241114003\buildTransitive\Microsoft.WinUI.AppX.targets(7,5): message :        ;1701;1702;
       C:\Users\quan\.nuget\packages\microsoft.windowsappsdk\1.6.241114003\buildTransitive\Microsoft.WinUI.AppX.targets(7,5): message : 
       C:\Users\quan\.nuget\packages\microsoft.windowsappsdk\1.6.241114003\buildTransitive\Microsoft.WinUI.AppX.targets(7,5): message :        
       C:\Users\quan\.nuget\packages\microsoft.windowsappsdk\1.6.241114003\buildTransitive\Microsoft.WinUI.AppX.targets(7,5): message :        APPX1707;
       C:\Users\quan\.nuget\packages\microsoft.windowsappsdk\1.6.241114003\buildTransitive\Microsoft.WinUI.AppX.targets(7,5): message :     " (previous value: ";1701;1702") at C:\Users\quan\.nuget\packages\microsoft.windowsappsdk\1.6.241114003\buildTransitive\Microsoft.WinUI.AppX.targets (7,5)
       C:\Users\quan\.nuget\packages\microsoft.windowsappsdk\1.6.241114003\buildTransitive\Microsoft.WinUI.AppX.targets(29,5): message : Property reassignment: $(MSBuildWarningsAsMessages)="
       C:\Users\quan\.nuget\packages\microsoft.windowsappsdk\1.6.241114003\buildTransitive\Microsoft.WinUI.AppX.targets(29,5): message :       
       C:\Users\quan\.nuget\packages\microsoft.windowsappsdk\1.6.241114003\buildTransitive\Microsoft.WinUI.AppX.targets(29,5): message :        ;1701;1702;
       C:\Users\quan\.nuget\packages\microsoft.windowsappsdk\1.6.241114003\buildTransitive\Microsoft.WinUI.AppX.targets(29,5): message : 
       C:\Users\quan\.nuget\packages\microsoft.windowsappsdk\1.6.241114003\buildTransitive\Microsoft.WinUI.AppX.targets(29,5): message :        
       C:\Users\quan\.nuget\packages\microsoft.windowsappsdk\1.6.241114003\buildTransitive\Microsoft.WinUI.AppX.targets(29,5): message :        APPX1707;
       C:\Users\quan\.nuget\packages\microsoft.windowsappsdk\1.6.241114003\buildTransitive\Microsoft.WinUI.AppX.targets(29,5): message :     ;
       C:\Users\quan\.nuget\packages\microsoft.windowsappsdk\1.6.241114003\buildTransitive\Microsoft.WinUI.AppX.targets(29,5): message :       MSB3842;
       C:\Users\quan\.nuget\packages\microsoft.windowsappsdk\1.6.241114003\buildTransitive\Microsoft.WinUI.AppX.targets(29,5): message :       MSB3843;
       C:\Users\quan\.nuget\packages\microsoft.windowsappsdk\1.6.241114003\buildTransitive\Microsoft.WinUI.AppX.targets(29,5): message :     " (previous value: "
       C:\Users\quan\.nuget\packages\microsoft.windowsappsdk\1.6.241114003\buildTransitive\Microsoft.WinUI.AppX.targets(29,5): message :        ;1701;1702;
       C:\Users\quan\.nuget\packages\microsoft.windowsappsdk\1.6.241114003\buildTransitive\Microsoft.WinUI.AppX.targets(29,5): message : 
       C:\Users\quan\.nuget\packages\microsoft.windowsappsdk\1.6.241114003\buildTransitive\Microsoft.WinUI.AppX.targets(29,5): message :        
       C:\Users\quan\.nuget\packages\microsoft.windowsappsdk\1.6.241114003\buildTransitive\Microsoft.WinUI.AppX.targets(29,5): message :        APPX1707;
       C:\Users\quan\.nuget\packages\microsoft.windowsappsdk\1.6.241114003\buildTransitive\Microsoft.WinUI.AppX.targets(29,5): message :     ") at C:\Users\quan\.nuget\packages\microsoft.windowsappsdk\1.6.241114003\buildTransitive\Microsoft.WinUI.AppX.targets (29,5)
       C:\Users\quan\.nuget\packages\microsoft.windowsappsdk\1.6.241114003\buildTransitive\Microsoft.UI.Xaml.Markup.Compiler.interop.targets(27,9): message : Property reassignment: $(UseXamlCompilerExecutable)="true" (previous value: "false") at C:\Users\quan\.nuget\packages\microsoft.windowsappsdk\1.6.241114003\buildTransitive\Microsoft.UI.Xaml.Markup.Compiler.interop.targets (27,9)
       C:\Users\quan\.nuget\packages\microsoft.windowsappsdk\1.6.241114003\buildTransitive\Microsoft.UI.Xaml.Markup.Compiler.interop.targets(148,9): message : Property reassignment: $(PrepareResourcesDependsOn)="
       C:\Users\quan\.nuget\packages\microsoft.windowsappsdk\1.6.241114003\buildTransitive\Microsoft.UI.Xaml.Markup.Compiler.interop.targets(148,9): message :             ResolveKeySource;
       C:\Users\quan\.nuget\packages\microsoft.windowsappsdk\1.6.241114003\buildTransitive\Microsoft.UI.Xaml.Markup.Compiler.interop.targets(148,9): message :             AddImplicitDefineConstants;
       C:\Users\quan\.nuget\packages\microsoft.windowsappsdk\1.6.241114003\buildTransitive\Microsoft.UI.Xaml.Markup.Compiler.interop.targets(148,9): message :             MarkupCompilePass1;
       C:\Users\quan\.nuget\packages\microsoft.windowsappsdk\1.6.241114003\buildTransitive\Microsoft.UI.Xaml.Markup.Compiler.interop.targets(148,9): message :             XamlPreCompile;
       C:\Users\quan\.nuget\packages\microsoft.windowsappsdk\1.6.241114003\buildTransitive\Microsoft.UI.Xaml.Markup.Compiler.interop.targets(148,9): message :             MarkupCompilePass2;
       C:\Users\quan\.nuget\packages\microsoft.windowsappsdk\1.6.241114003\buildTransitive\Microsoft.UI.Xaml.Markup.Compiler.interop.targets(148,9): message :             
       C:\Users\quan\.nuget\packages\microsoft.windowsappsdk\1.6.241114003\buildTransitive\Microsoft.UI.Xaml.Markup.Compiler.interop.targets(148,9): message :       ;
       C:\Users\quan\.nuget\packages\microsoft.windowsappsdk\1.6.241114003\buildTransitive\Microsoft.UI.Xaml.Markup.Compiler.interop.targets(148,9): message :       PrepareResourceNames;
       C:\Users\quan\.nuget\packages\microsoft.windowsappsdk\1.6.241114003\buildTransitive\Microsoft.UI.Xaml.Markup.Compiler.interop.targets(148,9): message :       ResGen;
       C:\Users\quan\.nuget\packages\microsoft.windowsappsdk\1.6.241114003\buildTransitive\Microsoft.UI.Xaml.Markup.Compiler.interop.targets(148,9): message :       CompileLicxFiles
       C:\Users\quan\.nuget\packages\microsoft.windowsappsdk\1.6.241114003\buildTransitive\Microsoft.UI.Xaml.Markup.Compiler.interop.targets(148,9): message :     
       C:\Users\quan\.nuget\packages\microsoft.windowsappsdk\1.6.241114003\buildTransitive\Microsoft.UI.Xaml.Markup.Compiler.interop.targets(148,9): message :         " (previous value: "
       C:\Users\quan\.nuget\packages\microsoft.windowsappsdk\1.6.241114003\buildTransitive\Microsoft.UI.Xaml.Markup.Compiler.interop.targets(148,9): message :       ;
       C:\Users\quan\.nuget\packages\microsoft.windowsappsdk\1.6.241114003\buildTransitive\Microsoft.UI.Xaml.Markup.Compiler.interop.targets(148,9): message :       PrepareResourceNames;
       C:\Users\quan\.nuget\packages\microsoft.windowsappsdk\1.6.241114003\buildTransitive\Microsoft.UI.Xaml.Markup.Compiler.interop.targets(148,9): message :       ResGen;
       C:\Users\quan\.nuget\packages\microsoft.windowsappsdk\1.6.241114003\buildTransitive\Microsoft.UI.Xaml.Markup.Compiler.interop.targets(148,9): message :       CompileLicxFiles
       C:\Users\quan\.nuget\packages\microsoft.windowsappsdk\1.6.241114003\buildTransitive\Microsoft.UI.Xaml.Markup.Compiler.interop.targets(148,9): message :     ") at C:\Users\quan\.nuget\packages\microsoft.windowsappsdk\1.6.241114003\buildTransitive\Microsoft.UI.Xaml.Markup.Compiler.interop.targets (148,9)
       C:\Users\quan\.nuget\packages\microsoft.windowsappsdk\1.6.241114003\buildTransitive\Microsoft.UI.Xaml.Markup.Compiler.interop.targets(1027,9): message : Property reassignment: $(ResolveReferencesDependsOn)="
       C:\Users\quan\.nuget\packages\microsoft.windowsappsdk\1.6.241114003\buildTransitive\Microsoft.UI.Xaml.Markup.Compiler.interop.targets(1027,9): message :             
       C:\Users\quan\.nuget\packages\microsoft.windowsappsdk\1.6.241114003\buildTransitive\Microsoft.UI.Xaml.Markup.Compiler.interop.targets(1027,9): message :       BeforeResolveReferences;
       C:\Users\quan\.nuget\packages\microsoft.windowsappsdk\1.6.241114003\buildTransitive\Microsoft.UI.Xaml.Markup.Compiler.interop.targets(1027,9): message :       AssignProjectConfiguration;
       C:\Users\quan\.nuget\packages\microsoft.windowsappsdk\1.6.241114003\buildTransitive\Microsoft.UI.Xaml.Markup.Compiler.interop.targets(1027,9): message :       ResolveProjectReferences;
       C:\Users\quan\.nuget\packages\microsoft.windowsappsdk\1.6.241114003\buildTransitive\Microsoft.UI.Xaml.Markup.Compiler.interop.targets(1027,9): message :       FindInvalidProjectReferences;
       C:\Users\quan\.nuget\packages\microsoft.windowsappsdk\1.6.241114003\buildTransitive\Microsoft.UI.Xaml.Markup.Compiler.interop.targets(1027,9): message :       ResolveNativeReferences;
       C:\Users\quan\.nuget\packages\microsoft.windowsappsdk\1.6.241114003\buildTransitive\Microsoft.UI.Xaml.Markup.Compiler.interop.targets(1027,9): message :       ResolveAssemblyReferences;
       C:\Users\quan\.nuget\packages\microsoft.windowsappsdk\1.6.241114003\buildTransitive\Microsoft.UI.Xaml.Markup.Compiler.interop.targets(1027,9): message :       GenerateBindingRedirects;
       C:\Users\quan\.nuget\packages\microsoft.windowsappsdk\1.6.241114003\buildTransitive\Microsoft.UI.Xaml.Markup.Compiler.interop.targets(1027,9): message :       GenerateBindingRedirectsUpdateAppConfig;
       C:\Users\quan\.nuget\packages\microsoft.windowsappsdk\1.6.241114003\buildTransitive\Microsoft.UI.Xaml.Markup.Compiler.interop.targets(1027,9): message :       ResolveComReferences;
       C:\Users\quan\.nuget\packages\microsoft.windowsappsdk\1.6.241114003\buildTransitive\Microsoft.UI.Xaml.Markup.Compiler.interop.targets(1027,9): message :       AfterResolveReferences
       C:\Users\quan\.nuget\packages\microsoft.windowsappsdk\1.6.241114003\buildTransitive\Microsoft.UI.Xaml.Markup.Compiler.interop.targets(1027,9): message :     ;
       C:\Users\quan\.nuget\packages\microsoft.windowsappsdk\1.6.241114003\buildTransitive\Microsoft.UI.Xaml.Markup.Compiler.interop.targets(1027,9): message :             ImplicitlyExpandTargetFramework;
       C:\Users\quan\.nuget\packages\microsoft.windowsappsdk\1.6.241114003\buildTransitive\Microsoft.UI.Xaml.Markup.Compiler.interop.targets(1027,9): message :             ImplicitlyExpandTargetPlatform
       C:\Users\quan\.nuget\packages\microsoft.windowsappsdk\1.6.241114003\buildTransitive\Microsoft.UI.Xaml.Markup.Compiler.interop.targets(1027,9): message :         " (previous value: "
       C:\Users\quan\.nuget\packages\microsoft.windowsappsdk\1.6.241114003\buildTransitive\Microsoft.UI.Xaml.Markup.Compiler.interop.targets(1027,9): message :       BeforeResolveReferences;
       C:\Users\quan\.nuget\packages\microsoft.windowsappsdk\1.6.241114003\buildTransitive\Microsoft.UI.Xaml.Markup.Compiler.interop.targets(1027,9): message :       AssignProjectConfiguration;
       C:\Users\quan\.nuget\packages\microsoft.windowsappsdk\1.6.241114003\buildTransitive\Microsoft.UI.Xaml.Markup.Compiler.interop.targets(1027,9): message :       ResolveProjectReferences;
       C:\Users\quan\.nuget\packages\microsoft.windowsappsdk\1.6.241114003\buildTransitive\Microsoft.UI.Xaml.Markup.Compiler.interop.targets(1027,9): message :       FindInvalidProjectReferences;
       C:\Users\quan\.nuget\packages\microsoft.windowsappsdk\1.6.241114003\buildTransitive\Microsoft.UI.Xaml.Markup.Compiler.interop.targets(1027,9): message :       ResolveNativeReferences;
       C:\Users\quan\.nuget\packages\microsoft.windowsappsdk\1.6.241114003\buildTransitive\Microsoft.UI.Xaml.Markup.Compiler.interop.targets(1027,9): message :       ResolveAssemblyReferences;
       C:\Users\quan\.nuget\packages\microsoft.windowsappsdk\1.6.241114003\buildTransitive\Microsoft.UI.Xaml.Markup.Compiler.interop.targets(1027,9): message :       GenerateBindingRedirects;
       C:\Users\quan\.nuget\packages\microsoft.windowsappsdk\1.6.241114003\buildTransitive\Microsoft.UI.Xaml.Markup.Compiler.interop.targets(1027,9): message :       GenerateBindingRedirectsUpdateAppConfig;
       C:\Users\quan\.nuget\packages\microsoft.windowsappsdk\1.6.241114003\buildTransitive\Microsoft.UI.Xaml.Markup.Compiler.interop.targets(1027,9): message :       ResolveComReferences;
       C:\Users\quan\.nuget\packages\microsoft.windowsappsdk\1.6.241114003\buildTransitive\Microsoft.UI.Xaml.Markup.Compiler.interop.targets(1027,9): message :       AfterResolveReferences
       C:\Users\quan\.nuget\packages\microsoft.windowsappsdk\1.6.241114003\buildTransitive\Microsoft.UI.Xaml.Markup.Compiler.interop.targets(1027,9): message :     ") at C:\Users\quan\.nuget\packages\microsoft.windowsappsdk\1.6.241114003\buildTransitive\Microsoft.UI.Xaml.Markup.Compiler.interop.targets (1027,9)
       C:\Users\quan\.nuget\packages\microsoft.windowsappsdk\1.6.241114003\buildTransitive\Microsoft.Build.Msix.Packaging.targets(86,5): message : Property reassignment: $(AppxHashAlgorithmId)="sha256" (previous value: "") at C:\Users\quan\.nuget\packages\microsoft.windowsappsdk\1.6.241114003\buildTransitive\Microsoft.Build.Msix.Packaging.targets (86,5)
       C:\Users\quan\.nuget\packages\microsoft.windowsappsdk\1.6.241114003\buildTransitive\Microsoft.Build.Msix.Packaging.targets(162,5): message : Property reassignment: $(PrepareForBuildDependsOn)="
       C:\Users\quan\.nuget\packages\microsoft.windowsappsdk\1.6.241114003\buildTransitive\Microsoft.Build.Msix.Packaging.targets(162,5): message :       ;WindowsAppSDKVerifyKitVersion;GetFrameworkPaths;GetReferenceAssemblyPaths;AssignLinkMetadata;
       C:\Users\quan\.nuget\packages\microsoft.windowsappsdk\1.6.241114003\buildTransitive\Microsoft.Build.Msix.Packaging.targets(162,5): message :       _ValidateWindowsPackageType;
       C:\Users\quan\.nuget\packages\microsoft.windowsappsdk\1.6.241114003\buildTransitive\Microsoft.Build.Msix.Packaging.targets(162,5): message :     " (previous value: ";WindowsAppSDKVerifyKitVersion;GetFrameworkPaths;GetReferenceAssemblyPaths;AssignLinkMetadata") at C:\Users\quan\.nuget\packages\microsoft.windowsappsdk\1.6.241114003\buildTransitive\Microsoft.Build.Msix.Packaging.targets (162,5)
       C:\Users\quan\.nuget\packages\microsoft.windowsappsdk\1.6.241114003\buildTransitive\Microsoft.Build.Msix.Packaging.targets(271,5): message : Property reassignment: $(PrepareForRunDependsOn)="
       C:\Users\quan\.nuget\packages\microsoft.windowsappsdk\1.6.241114003\buildTransitive\Microsoft.Build.Msix.Packaging.targets(271,5): message :       PrepareMsixPackage;
       C:\Users\quan\.nuget\packages\microsoft.windowsappsdk\1.6.241114003\buildTransitive\Microsoft.Build.Msix.Packaging.targets(271,5): message :       
       C:\Users\quan\.nuget\packages\microsoft.windowsappsdk\1.6.241114003\buildTransitive\Microsoft.Build.Msix.Packaging.targets(271,5): message :       CopyFilesToOutputDirectory
       C:\Users\quan\.nuget\packages\microsoft.windowsappsdk\1.6.241114003\buildTransitive\Microsoft.Build.Msix.Packaging.targets(271,5): message :     ;
       C:\Users\quan\.nuget\packages\microsoft.windowsappsdk\1.6.241114003\buildTransitive\Microsoft.Build.Msix.Packaging.targets(271,5): message :     " (previous value: "
       C:\Users\quan\.nuget\packages\microsoft.windowsappsdk\1.6.241114003\buildTransitive\Microsoft.Build.Msix.Packaging.targets(271,5): message :       CopyFilesToOutputDirectory
       C:\Users\quan\.nuget\packages\microsoft.windowsappsdk\1.6.241114003\buildTransitive\Microsoft.Build.Msix.Packaging.targets(271,5): message :     ") at C:\Users\quan\.nuget\packages\microsoft.windowsappsdk\1.6.241114003\buildTransitive\Microsoft.Build.Msix.Packaging.targets (271,5)
       C:\Users\quan\.nuget\packages\microsoft.windowsappsdk\1.6.241114003\buildTransitive\Microsoft.Build.Msix.Packaging.targets(301,5): message : Property reassignment: $(_GenerateAppxPackageDependsOn)="
       C:\Users\quan\.nuget\packages\microsoft.windowsappsdk\1.6.241114003\buildTransitive\Microsoft.Build.Msix.Packaging.targets(301,5): message :       Build;
       C:\Users\quan\.nuget\packages\microsoft.windowsappsdk\1.6.241114003\buildTransitive\Microsoft.Build.Msix.Packaging.targets(301,5): message :       
       C:\Users\quan\.nuget\packages\microsoft.windowsappsdk\1.6.241114003\buildTransitive\Microsoft.Build.Msix.Packaging.targets(301,5): message :       
       C:\Users\quan\.nuget\packages\microsoft.windowsappsdk\1.6.241114003\buildTransitive\Microsoft.Build.Msix.Packaging.targets(301,5): message :       ;
       C:\Users\quan\.nuget\packages\microsoft.windowsappsdk\1.6.241114003\buildTransitive\Microsoft.Build.Msix.Packaging.targets(301,5): message :       PrepareMsixPackage;
       C:\Users\quan\.nuget\packages\microsoft.windowsappsdk\1.6.241114003\buildTransitive\Microsoft.Build.Msix.Packaging.targets(301,5): message :       _EnsurePdbCmfExeFullPath;
       C:\Users\quan\.nuget\packages\microsoft.windowsappsdk\1.6.241114003\buildTransitive\Microsoft.Build.Msix.Packaging.targets(301,5): message :       _ComputeAppxPackageOutput;
       C:\Users\quan\.nuget\packages\microsoft.windowsappsdk\1.6.241114003\buildTransitive\Microsoft.Build.Msix.Packaging.targets(301,5): message :       _GenerateAppxPackageFile;
       C:\Users\quan\.nuget\packages\microsoft.windowsappsdk\1.6.241114003\buildTransitive\Microsoft.Build.Msix.Packaging.targets(301,5): message :       _GenerateAppxSymbolPackage;
       C:\Users\quan\.nuget\packages\microsoft.windowsappsdk\1.6.241114003\buildTransitive\Microsoft.Build.Msix.Packaging.targets(301,5): message :       _CreateTestLayout;
       C:\Users\quan\.nuget\packages\microsoft.windowsappsdk\1.6.241114003\buildTransitive\Microsoft.Build.Msix.Packaging.targets(301,5): message : 
       C:\Users\quan\.nuget\packages\microsoft.windowsappsdk\1.6.241114003\buildTransitive\Microsoft.Build.Msix.Packaging.targets(301,5): message :       
       C:\Users\quan\.nuget\packages\microsoft.windowsappsdk\1.6.241114003\buildTransitive\Microsoft.Build.Msix.Packaging.targets(301,5): message :       GenerateAppInstallerForPackage;
       C:\Users\quan\.nuget\packages\microsoft.windowsappsdk\1.6.241114003\buildTransitive\Microsoft.Build.Msix.Packaging.targets(301,5): message : 
       C:\Users\quan\.nuget\packages\microsoft.windowsappsdk\1.6.241114003\buildTransitive\Microsoft.Build.Msix.Packaging.targets(301,5): message :       _AddWindowsInstallScriptToTestLayout;
       C:\Users\quan\.nuget\packages\microsoft.windowsappsdk\1.6.241114003\buildTransitive\Microsoft.Build.Msix.Packaging.targets(301,5): message :     
       C:\Users\quan\.nuget\packages\microsoft.windowsappsdk\1.6.241114003\buildTransitive\Microsoft.Build.Msix.Packaging.targets(301,5): message :     ;
       C:\Users\quan\.nuget\packages\microsoft.windowsappsdk\1.6.241114003\buildTransitive\Microsoft.Build.Msix.Packaging.targets(301,5): message :     " (previous value: "
       C:\Users\quan\.nuget\packages\microsoft.windowsappsdk\1.6.241114003\buildTransitive\Microsoft.Build.Msix.Packaging.targets(301,5): message :       
       C:\Users\quan\.nuget\packages\microsoft.windowsappsdk\1.6.241114003\buildTransitive\Microsoft.Build.Msix.Packaging.targets(301,5): message :       ;
       C:\Users\quan\.nuget\packages\microsoft.windowsappsdk\1.6.241114003\buildTransitive\Microsoft.Build.Msix.Packaging.targets(301,5): message :       PrepareMsixPackage;
       C:\Users\quan\.nuget\packages\microsoft.windowsappsdk\1.6.241114003\buildTransitive\Microsoft.Build.Msix.Packaging.targets(301,5): message :       _EnsurePdbCmfExeFullPath;
       C:\Users\quan\.nuget\packages\microsoft.windowsappsdk\1.6.241114003\buildTransitive\Microsoft.Build.Msix.Packaging.targets(301,5): message :       _ComputeAppxPackageOutput;
       C:\Users\quan\.nuget\packages\microsoft.windowsappsdk\1.6.241114003\buildTransitive\Microsoft.Build.Msix.Packaging.targets(301,5): message :       _GenerateAppxPackageFile;
       C:\Users\quan\.nuget\packages\microsoft.windowsappsdk\1.6.241114003\buildTransitive\Microsoft.Build.Msix.Packaging.targets(301,5): message :       _GenerateAppxSymbolPackage;
       C:\Users\quan\.nuget\packages\microsoft.windowsappsdk\1.6.241114003\buildTransitive\Microsoft.Build.Msix.Packaging.targets(301,5): message :       _CreateTestLayout;
       C:\Users\quan\.nuget\packages\microsoft.windowsappsdk\1.6.241114003\buildTransitive\Microsoft.Build.Msix.Packaging.targets(301,5): message : 
       C:\Users\quan\.nuget\packages\microsoft.windowsappsdk\1.6.241114003\buildTransitive\Microsoft.Build.Msix.Packaging.targets(301,5): message :       
       C:\Users\quan\.nuget\packages\microsoft.windowsappsdk\1.6.241114003\buildTransitive\Microsoft.Build.Msix.Packaging.targets(301,5): message :       GenerateAppInstallerForPackage;
       C:\Users\quan\.nuget\packages\microsoft.windowsappsdk\1.6.241114003\buildTransitive\Microsoft.Build.Msix.Packaging.targets(301,5): message : 
       C:\Users\quan\.nuget\packages\microsoft.windowsappsdk\1.6.241114003\buildTransitive\Microsoft.Build.Msix.Packaging.targets(301,5): message :       _AddWindowsInstallScriptToTestLayout;
       C:\Users\quan\.nuget\packages\microsoft.windowsappsdk\1.6.241114003\buildTransitive\Microsoft.Build.Msix.Packaging.targets(301,5): message :     
       C:\Users\quan\.nuget\packages\microsoft.windowsappsdk\1.6.241114003\buildTransitive\Microsoft.Build.Msix.Packaging.targets(301,5): message :     ") at C:\Users\quan\.nuget\packages\microsoft.windowsappsdk\1.6.241114003\buildTransitive\Microsoft.Build.Msix.Packaging.targets (301,5)
       C:\Users\quan\.nuget\packages\microsoft.windowsappsdk\1.6.241114003\buildTransitive\Microsoft.Build.Msix.Pri.targets(61,5): message : Property reassignment: $(GenerateProjectPriFileDependsOn)="
       C:\Users\quan\.nuget\packages\microsoft.windowsappsdk\1.6.241114003\buildTransitive\Microsoft.Build.Msix.Pri.targets(61,5): message :       
       C:\Users\quan\.nuget\packages\microsoft.windowsappsdk\1.6.241114003\buildTransitive\Microsoft.Build.Msix.Pri.targets(61,5): message :       ;
       C:\Users\quan\.nuget\packages\microsoft.windowsappsdk\1.6.241114003\buildTransitive\Microsoft.Build.Msix.Pri.targets(61,5): message :       CopyFilesToOutputDirectory;
       C:\Users\quan\.nuget\packages\microsoft.windowsappsdk\1.6.241114003\buildTransitive\Microsoft.Build.Msix.Pri.targets(61,5): message :       BeforeGenerateProjectPriFile;
       C:\Users\quan\.nuget\packages\microsoft.windowsappsdk\1.6.241114003\buildTransitive\Microsoft.Build.Msix.Pri.targets(61,5): message :     ;
       C:\Users\quan\.nuget\packages\microsoft.windowsappsdk\1.6.241114003\buildTransitive\Microsoft.Build.Msix.Pri.targets(61,5): message :       GetPriOutputs;
       C:\Users\quan\.nuget\packages\microsoft.windowsappsdk\1.6.241114003\buildTransitive\Microsoft.Build.Msix.Pri.targets(61,5): message :       _GetPriFilesFromPayload;
       C:\Users\quan\.nuget\packages\microsoft.windowsappsdk\1.6.241114003\buildTransitive\Microsoft.Build.Msix.Pri.targets(61,5): message :       _ComputeInputPriFiles;
       C:\Users\quan\.nuget\packages\microsoft.windowsappsdk\1.6.241114003\buildTransitive\Microsoft.Build.Msix.Pri.targets(61,5): message :       _GenerateProjectPriConfigurationFiles;
       C:\Users\quan\.nuget\packages\microsoft.windowsappsdk\1.6.241114003\buildTransitive\Microsoft.Build.Msix.Pri.targets(61,5): message :       _GenerateProjectPriFileCore;
       C:\Users\quan\.nuget\packages\microsoft.windowsappsdk\1.6.241114003\buildTransitive\Microsoft.Build.Msix.Pri.targets(61,5): message :       _AddFileReadsAndFileWritesForProjectPri;
       C:\Users\quan\.nuget\packages\microsoft.windowsappsdk\1.6.241114003\buildTransitive\Microsoft.Build.Msix.Pri.targets(61,5): message :       _CalculateUseResourceIndexerApi;
       C:\Users\quan\.nuget\packages\microsoft.windowsappsdk\1.6.241114003\buildTransitive\Microsoft.Build.Msix.Pri.targets(61,5): message :       _ExpandProjectPriFile;
       C:\Users\quan\.nuget\packages\microsoft.windowsappsdk\1.6.241114003\buildTransitive\Microsoft.Build.Msix.Pri.targets(61,5): message :       AfterGenerateProjectPriFile
       C:\Users\quan\.nuget\packages\microsoft.windowsappsdk\1.6.241114003\buildTransitive\Microsoft.Build.Msix.Pri.targets(61,5): message :     " (previous value: "
       C:\Users\quan\.nuget\packages\microsoft.windowsappsdk\1.6.241114003\buildTransitive\Microsoft.Build.Msix.Pri.targets(61,5): message :       ;
       C:\Users\quan\.nuget\packages\microsoft.windowsappsdk\1.6.241114003\buildTransitive\Microsoft.Build.Msix.Pri.targets(61,5): message :       CopyFilesToOutputDirectory;
       C:\Users\quan\.nuget\packages\microsoft.windowsappsdk\1.6.241114003\buildTransitive\Microsoft.Build.Msix.Pri.targets(61,5): message :       BeforeGenerateProjectPriFile;
       C:\Users\quan\.nuget\packages\microsoft.windowsappsdk\1.6.241114003\buildTransitive\Microsoft.Build.Msix.Pri.targets(61,5): message :     ") at C:\Users\quan\.nuget\packages\microsoft.windowsappsdk\1.6.241114003\buildTransitive\Microsoft.Build.Msix.Pri.targets (61,5)
       C:\Users\quan\.nuget\packages\microsoft.windowsappsdk\1.6.241114003\buildTransitive\Microsoft.Build.Msix.Pri.targets(76,5): message : Property reassignment: $(PrepareMsixPackageDependsOn)="
       C:\Users\quan\.nuget\packages\microsoft.windowsappsdk\1.6.241114003\buildTransitive\Microsoft.Build.Msix.Pri.targets(76,5): message :       GenerateProjectPriFile;
       C:\Users\quan\.nuget\packages\microsoft.windowsappsdk\1.6.241114003\buildTransitive\Microsoft.Build.Msix.Pri.targets(76,5): message :       
       C:\Users\quan\.nuget\packages\microsoft.windowsappsdk\1.6.241114003\buildTransitive\Microsoft.Build.Msix.Pri.targets(76,5): message :       ;
       C:\Users\quan\.nuget\packages\microsoft.windowsappsdk\1.6.241114003\buildTransitive\Microsoft.Build.Msix.Pri.targets(76,5): message :       _ValidatePresenceOfAppxManifestItems;
       C:\Users\quan\.nuget\packages\microsoft.windowsappsdk\1.6.241114003\buildTransitive\Microsoft.Build.Msix.Pri.targets(76,5): message :       GetPackagingOutputs;
       C:\Users\quan\.nuget\packages\microsoft.windowsappsdk\1.6.241114003\buildTransitive\Microsoft.Build.Msix.Pri.targets(76,5): message :       _GetPackageProperties;
       C:\Users\quan\.nuget\packages\microsoft.windowsappsdk\1.6.241114003\buildTransitive\Microsoft.Build.Msix.Pri.targets(76,5): message :       _ComputeAppxPackagePayload;
       C:\Users\quan\.nuget\packages\microsoft.windowsappsdk\1.6.241114003\buildTransitive\Microsoft.Build.Msix.Pri.targets(76,5): message :       _GenerateAppxManifest;
       C:\Users\quan\.nuget\packages\microsoft.windowsappsdk\1.6.241114003\buildTransitive\Microsoft.Build.Msix.Pri.targets(76,5): message :       _GenerateAppxPackageRecipe;
       C:\Users\quan\.nuget\packages\microsoft.windowsappsdk\1.6.241114003\buildTransitive\Microsoft.Build.Msix.Pri.targets(76,5): message :     ;
       C:\Users\quan\.nuget\packages\microsoft.windowsappsdk\1.6.241114003\buildTransitive\Microsoft.Build.Msix.Pri.targets(76,5): message :     " (previous value: "
       C:\Users\quan\.nuget\packages\microsoft.windowsappsdk\1.6.241114003\buildTransitive\Microsoft.Build.Msix.Pri.targets(76,5): message :       ;
       C:\Users\quan\.nuget\packages\microsoft.windowsappsdk\1.6.241114003\buildTransitive\Microsoft.Build.Msix.Pri.targets(76,5): message :       _ValidatePresenceOfAppxManifestItems;
       C:\Users\quan\.nuget\packages\microsoft.windowsappsdk\1.6.241114003\buildTransitive\Microsoft.Build.Msix.Pri.targets(76,5): message :       GetPackagingOutputs;
       C:\Users\quan\.nuget\packages\microsoft.windowsappsdk\1.6.241114003\buildTransitive\Microsoft.Build.Msix.Pri.targets(76,5): message :       _GetPackageProperties;
       C:\Users\quan\.nuget\packages\microsoft.windowsappsdk\1.6.241114003\buildTransitive\Microsoft.Build.Msix.Pri.targets(76,5): message :       _ComputeAppxPackagePayload;
       C:\Users\quan\.nuget\packages\microsoft.windowsappsdk\1.6.241114003\buildTransitive\Microsoft.Build.Msix.Pri.targets(76,5): message :       _GenerateAppxManifest;
       C:\Users\quan\.nuget\packages\microsoft.windowsappsdk\1.6.241114003\buildTransitive\Microsoft.Build.Msix.Pri.targets(76,5): message :       _GenerateAppxPackageRecipe;
       C:\Users\quan\.nuget\packages\microsoft.windowsappsdk\1.6.241114003\buildTransitive\Microsoft.Build.Msix.Pri.targets(76,5): message :     ") at C:\Users\quan\.nuget\packages\microsoft.windowsappsdk\1.6.241114003\buildTransitive\Microsoft.Build.Msix.Pri.targets (76,5)
       C:\Users\quan\.nuget\packages\microsoft.windowsappsdk\1.6.241114003\buildTransitive\Microsoft.Build.Msix.Pri.targets(126,5): message : Property reassignment: $(PrepareForRunDependsOn)="
       C:\Users\quan\.nuget\packages\microsoft.windowsappsdk\1.6.241114003\buildTransitive\Microsoft.Build.Msix.Pri.targets(126,5): message :       GenerateProjectPriFile;
       C:\Users\quan\.nuget\packages\microsoft.windowsappsdk\1.6.241114003\buildTransitive\Microsoft.Build.Msix.Pri.targets(126,5): message :       
       C:\Users\quan\.nuget\packages\microsoft.windowsappsdk\1.6.241114003\buildTransitive\Microsoft.Build.Msix.Pri.targets(126,5): message :       PrepareMsixPackage;
       C:\Users\quan\.nuget\packages\microsoft.windowsappsdk\1.6.241114003\buildTransitive\Microsoft.Build.Msix.Pri.targets(126,5): message :       
       C:\Users\quan\.nuget\packages\microsoft.windowsappsdk\1.6.241114003\buildTransitive\Microsoft.Build.Msix.Pri.targets(126,5): message :       CopyFilesToOutputDirectory
       C:\Users\quan\.nuget\packages\microsoft.windowsappsdk\1.6.241114003\buildTransitive\Microsoft.Build.Msix.Pri.targets(126,5): message :     ;
       C:\Users\quan\.nuget\packages\microsoft.windowsappsdk\1.6.241114003\buildTransitive\Microsoft.Build.Msix.Pri.targets(126,5): message :     ;
       C:\Users\quan\.nuget\packages\microsoft.windowsappsdk\1.6.241114003\buildTransitive\Microsoft.Build.Msix.Pri.targets(126,5): message :     " (previous value: "
       C:\Users\quan\.nuget\packages\microsoft.windowsappsdk\1.6.241114003\buildTransitive\Microsoft.Build.Msix.Pri.targets(126,5): message :       PrepareMsixPackage;
       C:\Users\quan\.nuget\packages\microsoft.windowsappsdk\1.6.241114003\buildTransitive\Microsoft.Build.Msix.Pri.targets(126,5): message :       
       C:\Users\quan\.nuget\packages\microsoft.windowsappsdk\1.6.241114003\buildTransitive\Microsoft.Build.Msix.Pri.targets(126,5): message :       CopyFilesToOutputDirectory
       C:\Users\quan\.nuget\packages\microsoft.windowsappsdk\1.6.241114003\buildTransitive\Microsoft.Build.Msix.Pri.targets(126,5): message :     ;
       C:\Users\quan\.nuget\packages\microsoft.windowsappsdk\1.6.241114003\buildTransitive\Microsoft.Build.Msix.Pri.targets(126,5): message :     ") at C:\Users\quan\.nuget\packages\microsoft.windowsappsdk\1.6.241114003\buildTransitive\Microsoft.Build.Msix.Pri.targets (126,5)
       C:\Users\quan\.nuget\packages\microsoft.windowsappsdk\1.6.241114003\buildTransitive\Microsoft.Build.Msix.Pri.targets(413,5): message : Property reassignment: $(GetCopyToOutputDirectoryItemsDependsOn)="
       C:\Users\quan\.nuget\packages\microsoft.windowsappsdk\1.6.241114003\buildTransitive\Microsoft.Build.Msix.Pri.targets(413,5): message :       GetPriOutputs;
       C:\Users\quan\.nuget\packages\microsoft.windowsappsdk\1.6.241114003\buildTransitive\Microsoft.Build.Msix.Pri.targets(413,5): message :       
       C:\Users\quan\.nuget\packages\microsoft.windowsappsdk\1.6.241114003\buildTransitive\Microsoft.Build.Msix.Pri.targets(413,5): message :       AssignTargetPaths;
       C:\Users\quan\.nuget\packages\microsoft.windowsappsdk\1.6.241114003\buildTransitive\Microsoft.Build.Msix.Pri.targets(413,5): message :       
       C:\Users\quan\.nuget\packages\microsoft.windowsappsdk\1.6.241114003\buildTransitive\Microsoft.Build.Msix.Pri.targets(413,5): message :       AssignProjectConfiguration;
       C:\Users\quan\.nuget\packages\microsoft.windowsappsdk\1.6.241114003\buildTransitive\Microsoft.Build.Msix.Pri.targets(413,5): message :       _SplitProjectReferencesByFileExistence
       C:\Users\quan\.nuget\packages\microsoft.windowsappsdk\1.6.241114003\buildTransitive\Microsoft.Build.Msix.Pri.targets(413,5): message :     ;
       C:\Users\quan\.nuget\packages\microsoft.windowsappsdk\1.6.241114003\buildTransitive\Microsoft.Build.Msix.Pri.targets(413,5): message :       _GetProjectReferenceTargetFrameworkProperties;
       C:\Users\quan\.nuget\packages\microsoft.windowsappsdk\1.6.241114003\buildTransitive\Microsoft.Build.Msix.Pri.targets(413,5): message :       _PopulateCommonStateForGetCopyToOutputDirectoryItems
       C:\Users\quan\.nuget\packages\microsoft.windowsappsdk\1.6.241114003\buildTransitive\Microsoft.Build.Msix.Pri.targets(413,5): message :     ;
       C:\Users\quan\.nuget\packages\microsoft.windowsappsdk\1.6.241114003\buildTransitive\Microsoft.Build.Msix.Pri.targets(413,5): message :     " (previous value: "
       C:\Users\quan\.nuget\packages\microsoft.windowsappsdk\1.6.241114003\buildTransitive\Microsoft.Build.Msix.Pri.targets(413,5): message :       AssignTargetPaths;
       C:\Users\quan\.nuget\packages\microsoft.windowsappsdk\1.6.241114003\buildTransitive\Microsoft.Build.Msix.Pri.targets(413,5): message :       
       C:\Users\quan\.nuget\packages\microsoft.windowsappsdk\1.6.241114003\buildTransitive\Microsoft.Build.Msix.Pri.targets(413,5): message :       AssignProjectConfiguration;
       C:\Users\quan\.nuget\packages\microsoft.windowsappsdk\1.6.241114003\buildTransitive\Microsoft.Build.Msix.Pri.targets(413,5): message :       _SplitProjectReferencesByFileExistence
       C:\Users\quan\.nuget\packages\microsoft.windowsappsdk\1.6.241114003\buildTransitive\Microsoft.Build.Msix.Pri.targets(413,5): message :     ;
       C:\Users\quan\.nuget\packages\microsoft.windowsappsdk\1.6.241114003\buildTransitive\Microsoft.Build.Msix.Pri.targets(413,5): message :       _GetProjectReferenceTargetFrameworkProperties;
       C:\Users\quan\.nuget\packages\microsoft.windowsappsdk\1.6.241114003\buildTransitive\Microsoft.Build.Msix.Pri.targets(413,5): message :       _PopulateCommonStateForGetCopyToOutputDirectoryItems
       C:\Users\quan\.nuget\packages\microsoft.windowsappsdk\1.6.241114003\buildTransitive\Microsoft.Build.Msix.Pri.targets(413,5): message :     ") at C:\Users\quan\.nuget\packages\microsoft.windowsappsdk\1.6.241114003\buildTransitive\Microsoft.Build.Msix.Pri.targets (413,5)
       C:\Users\quan\.nuget\packages\microsoft.windowsappsdk\1.6.241114003\buildTransitive\Microsoft.Build.Msix.Pri.targets(422,5): message : Property reassignment: $(GetCopyToOutputDirectoryItemsDependsOn)="
       C:\Users\quan\.nuget\packages\microsoft.windowsappsdk\1.6.241114003\buildTransitive\Microsoft.Build.Msix.Pri.targets(422,5): message :       AddProcessedXamlFilesToCopyLocal;
       C:\Users\quan\.nuget\packages\microsoft.windowsappsdk\1.6.241114003\buildTransitive\Microsoft.Build.Msix.Pri.targets(422,5): message :       
       C:\Users\quan\.nuget\packages\microsoft.windowsappsdk\1.6.241114003\buildTransitive\Microsoft.Build.Msix.Pri.targets(422,5): message :       GetPriOutputs;
       C:\Users\quan\.nuget\packages\microsoft.windowsappsdk\1.6.241114003\buildTransitive\Microsoft.Build.Msix.Pri.targets(422,5): message :       
       C:\Users\quan\.nuget\packages\microsoft.windowsappsdk\1.6.241114003\buildTransitive\Microsoft.Build.Msix.Pri.targets(422,5): message :       AssignTargetPaths;
       C:\Users\quan\.nuget\packages\microsoft.windowsappsdk\1.6.241114003\buildTransitive\Microsoft.Build.Msix.Pri.targets(422,5): message :       
       C:\Users\quan\.nuget\packages\microsoft.windowsappsdk\1.6.241114003\buildTransitive\Microsoft.Build.Msix.Pri.targets(422,5): message :       AssignProjectConfiguration;
       C:\Users\quan\.nuget\packages\microsoft.windowsappsdk\1.6.241114003\buildTransitive\Microsoft.Build.Msix.Pri.targets(422,5): message :       _SplitProjectReferencesByFileExistence
       C:\Users\quan\.nuget\packages\microsoft.windowsappsdk\1.6.241114003\buildTransitive\Microsoft.Build.Msix.Pri.targets(422,5): message :     ;
       C:\Users\quan\.nuget\packages\microsoft.windowsappsdk\1.6.241114003\buildTransitive\Microsoft.Build.Msix.Pri.targets(422,5): message :       _GetProjectReferenceTargetFrameworkProperties;
       C:\Users\quan\.nuget\packages\microsoft.windowsappsdk\1.6.241114003\buildTransitive\Microsoft.Build.Msix.Pri.targets(422,5): message :       _PopulateCommonStateForGetCopyToOutputDirectoryItems
       C:\Users\quan\.nuget\packages\microsoft.windowsappsdk\1.6.241114003\buildTransitive\Microsoft.Build.Msix.Pri.targets(422,5): message :     ;
       C:\Users\quan\.nuget\packages\microsoft.windowsappsdk\1.6.241114003\buildTransitive\Microsoft.Build.Msix.Pri.targets(422,5): message :     ;
       C:\Users\quan\.nuget\packages\microsoft.windowsappsdk\1.6.241114003\buildTransitive\Microsoft.Build.Msix.Pri.targets(422,5): message :     " (previous value: "
       C:\Users\quan\.nuget\packages\microsoft.windowsappsdk\1.6.241114003\buildTransitive\Microsoft.Build.Msix.Pri.targets(422,5): message :       GetPriOutputs;
       C:\Users\quan\.nuget\packages\microsoft.windowsappsdk\1.6.241114003\buildTransitive\Microsoft.Build.Msix.Pri.targets(422,5): message :       
       C:\Users\quan\.nuget\packages\microsoft.windowsappsdk\1.6.241114003\buildTransitive\Microsoft.Build.Msix.Pri.targets(422,5): message :       AssignTargetPaths;
       C:\Users\quan\.nuget\packages\microsoft.windowsappsdk\1.6.241114003\buildTransitive\Microsoft.Build.Msix.Pri.targets(422,5): message :       
       C:\Users\quan\.nuget\packages\microsoft.windowsappsdk\1.6.241114003\buildTransitive\Microsoft.Build.Msix.Pri.targets(422,5): message :       AssignProjectConfiguration;
       C:\Users\quan\.nuget\packages\microsoft.windowsappsdk\1.6.241114003\buildTransitive\Microsoft.Build.Msix.Pri.targets(422,5): message :       _SplitProjectReferencesByFileExistence
       C:\Users\quan\.nuget\packages\microsoft.windowsappsdk\1.6.241114003\buildTransitive\Microsoft.Build.Msix.Pri.targets(422,5): message :     ;
       C:\Users\quan\.nuget\packages\microsoft.windowsappsdk\1.6.241114003\buildTransitive\Microsoft.Build.Msix.Pri.targets(422,5): message :       _GetProjectReferenceTargetFrameworkProperties;
       C:\Users\quan\.nuget\packages\microsoft.windowsappsdk\1.6.241114003\buildTransitive\Microsoft.Build.Msix.Pri.targets(422,5): message :       _PopulateCommonStateForGetCopyToOutputDirectoryItems
       C:\Users\quan\.nuget\packages\microsoft.windowsappsdk\1.6.241114003\buildTransitive\Microsoft.Build.Msix.Pri.targets(422,5): message :     ;
       C:\Users\quan\.nuget\packages\microsoft.windowsappsdk\1.6.241114003\buildTransitive\Microsoft.Build.Msix.Pri.targets(422,5): message :     ") at C:\Users\quan\.nuget\packages\microsoft.windowsappsdk\1.6.241114003\buildTransitive\Microsoft.Build.Msix.Pri.targets (422,5)
       C:\Users\quan\.nuget\packages\microsoft.windowsappsdk\1.6.241114003\buildTransitive\Microsoft.WindowsAppSDK.SelfContained.targets(22,9): message : Property reassignment: $(GetCopyToOutputDirectoryItemsDependsOn)="
       C:\Users\quan\.nuget\packages\microsoft.windowsappsdk\1.6.241114003\buildTransitive\Microsoft.WindowsAppSDK.SelfContained.targets(22,9): message :             
       C:\Users\quan\.nuget\packages\microsoft.windowsappsdk\1.6.241114003\buildTransitive\Microsoft.WindowsAppSDK.SelfContained.targets(22,9): message :       AddProcessedXamlFilesToCopyLocal;
       C:\Users\quan\.nuget\packages\microsoft.windowsappsdk\1.6.241114003\buildTransitive\Microsoft.WindowsAppSDK.SelfContained.targets(22,9): message :       
       C:\Users\quan\.nuget\packages\microsoft.windowsappsdk\1.6.241114003\buildTransitive\Microsoft.WindowsAppSDK.SelfContained.targets(22,9): message :       GetPriOutputs;
       C:\Users\quan\.nuget\packages\microsoft.windowsappsdk\1.6.241114003\buildTransitive\Microsoft.WindowsAppSDK.SelfContained.targets(22,9): message :       
       C:\Users\quan\.nuget\packages\microsoft.windowsappsdk\1.6.241114003\buildTransitive\Microsoft.WindowsAppSDK.SelfContained.targets(22,9): message :       AssignTargetPaths;
       C:\Users\quan\.nuget\packages\microsoft.windowsappsdk\1.6.241114003\buildTransitive\Microsoft.WindowsAppSDK.SelfContained.targets(22,9): message :       
       C:\Users\quan\.nuget\packages\microsoft.windowsappsdk\1.6.241114003\buildTransitive\Microsoft.WindowsAppSDK.SelfContained.targets(22,9): message :       AssignProjectConfiguration;
       C:\Users\quan\.nuget\packages\microsoft.windowsappsdk\1.6.241114003\buildTransitive\Microsoft.WindowsAppSDK.SelfContained.targets(22,9): message :       _SplitProjectReferencesByFileExistence
       C:\Users\quan\.nuget\packages\microsoft.windowsappsdk\1.6.241114003\buildTransitive\Microsoft.WindowsAppSDK.SelfContained.targets(22,9): message :     ;
       C:\Users\quan\.nuget\packages\microsoft.windowsappsdk\1.6.241114003\buildTransitive\Microsoft.WindowsAppSDK.SelfContained.targets(22,9): message :       _GetProjectReferenceTargetFrameworkProperties;
       C:\Users\quan\.nuget\packages\microsoft.windowsappsdk\1.6.241114003\buildTransitive\Microsoft.WindowsAppSDK.SelfContained.targets(22,9): message :       _PopulateCommonStateForGetCopyToOutputDirectoryItems
       C:\Users\quan\.nuget\packages\microsoft.windowsappsdk\1.6.241114003\buildTransitive\Microsoft.WindowsAppSDK.SelfContained.targets(22,9): message :     ;
       C:\Users\quan\.nuget\packages\microsoft.windowsappsdk\1.6.241114003\buildTransitive\Microsoft.WindowsAppSDK.SelfContained.targets(22,9): message :     ;
       C:\Users\quan\.nuget\packages\microsoft.windowsappsdk\1.6.241114003\buildTransitive\Microsoft.WindowsAppSDK.SelfContained.targets(22,9): message :     ;
       C:\Users\quan\.nuget\packages\microsoft.windowsappsdk\1.6.241114003\buildTransitive\Microsoft.WindowsAppSDK.SelfContained.targets(22,9): message :             AddMicrosoftWindowsAppSDKPayloadFiles
       C:\Users\quan\.nuget\packages\microsoft.windowsappsdk\1.6.241114003\buildTransitive\Microsoft.WindowsAppSDK.SelfContained.targets(22,9): message :         " (previous value: "
       C:\Users\quan\.nuget\packages\microsoft.windowsappsdk\1.6.241114003\buildTransitive\Microsoft.WindowsAppSDK.SelfContained.targets(22,9): message :       AddProcessedXamlFilesToCopyLocal;
       C:\Users\quan\.nuget\packages\microsoft.windowsappsdk\1.6.241114003\buildTransitive\Microsoft.WindowsAppSDK.SelfContained.targets(22,9): message :       
       C:\Users\quan\.nuget\packages\microsoft.windowsappsdk\1.6.241114003\buildTransitive\Microsoft.WindowsAppSDK.SelfContained.targets(22,9): message :       GetPriOutputs;
       C:\Users\quan\.nuget\packages\microsoft.windowsappsdk\1.6.241114003\buildTransitive\Microsoft.WindowsAppSDK.SelfContained.targets(22,9): message :       
       C:\Users\quan\.nuget\packages\microsoft.windowsappsdk\1.6.241114003\buildTransitive\Microsoft.WindowsAppSDK.SelfContained.targets(22,9): message :       AssignTargetPaths;
       C:\Users\quan\.nuget\packages\microsoft.windowsappsdk\1.6.241114003\buildTransitive\Microsoft.WindowsAppSDK.SelfContained.targets(22,9): message :       
       C:\Users\quan\.nuget\packages\microsoft.windowsappsdk\1.6.241114003\buildTransitive\Microsoft.WindowsAppSDK.SelfContained.targets(22,9): message :       AssignProjectConfiguration;
       C:\Users\quan\.nuget\packages\microsoft.windowsappsdk\1.6.241114003\buildTransitive\Microsoft.WindowsAppSDK.SelfContained.targets(22,9): message :       _SplitProjectReferencesByFileExistence
       C:\Users\quan\.nuget\packages\microsoft.windowsappsdk\1.6.241114003\buildTransitive\Microsoft.WindowsAppSDK.SelfContained.targets(22,9): message :     ;
       C:\Users\quan\.nuget\packages\microsoft.windowsappsdk\1.6.241114003\buildTransitive\Microsoft.WindowsAppSDK.SelfContained.targets(22,9): message :       _GetProjectReferenceTargetFrameworkProperties;
       C:\Users\quan\.nuget\packages\microsoft.windowsappsdk\1.6.241114003\buildTransitive\Microsoft.WindowsAppSDK.SelfContained.targets(22,9): message :       _PopulateCommonStateForGetCopyToOutputDirectoryItems
       C:\Users\quan\.nuget\packages\microsoft.windowsappsdk\1.6.241114003\buildTransitive\Microsoft.WindowsAppSDK.SelfContained.targets(22,9): message :     ;
       C:\Users\quan\.nuget\packages\microsoft.windowsappsdk\1.6.241114003\buildTransitive\Microsoft.WindowsAppSDK.SelfContained.targets(22,9): message :     ;
       C:\Users\quan\.nuget\packages\microsoft.windowsappsdk\1.6.241114003\buildTransitive\Microsoft.WindowsAppSDK.SelfContained.targets(22,9): message :     ") at C:\Users\quan\.nuget\packages\microsoft.windowsappsdk\1.6.241114003\buildTransitive\Microsoft.WindowsAppSDK.SelfContained.targets (22,9)
       C:\Users\quan\.nuget\packages\microsoft.windowsappsdk\1.6.241114003\buildTransitive\Microsoft.WindowsAppSDK.SelfContained.targets(293,9): message : Property reassignment: $(DefineConstants)="TRACE;MICROSOFT_WINDOWSAPPSDK_SELFCONTAINED" (previous value: "TRACE") at C:\Users\quan\.nuget\packages\microsoft.windowsappsdk\1.6.241114003\buildTransitive\Microsoft.WindowsAppSDK.SelfContained.targets (293,9)
       C:\Users\quan\.nuget\packages\microsoft.windowsappsdk\1.6.241114003\buildTransitive\Microsoft.WindowsAppSDK.targets(47,9): message : Property reassignment: $(ResolveReferencesDependsOn)="
       C:\Users\quan\.nuget\packages\microsoft.windowsappsdk\1.6.241114003\buildTransitive\Microsoft.WindowsAppSDK.targets(47,9): message :             
       C:\Users\quan\.nuget\packages\microsoft.windowsappsdk\1.6.241114003\buildTransitive\Microsoft.WindowsAppSDK.targets(47,9): message :             
       C:\Users\quan\.nuget\packages\microsoft.windowsappsdk\1.6.241114003\buildTransitive\Microsoft.WindowsAppSDK.targets(47,9): message :       BeforeResolveReferences;
       C:\Users\quan\.nuget\packages\microsoft.windowsappsdk\1.6.241114003\buildTransitive\Microsoft.WindowsAppSDK.targets(47,9): message :       AssignProjectConfiguration;
       C:\Users\quan\.nuget\packages\microsoft.windowsappsdk\1.6.241114003\buildTransitive\Microsoft.WindowsAppSDK.targets(47,9): message :       ResolveProjectReferences;
       C:\Users\quan\.nuget\packages\microsoft.windowsappsdk\1.6.241114003\buildTransitive\Microsoft.WindowsAppSDK.targets(47,9): message :       FindInvalidProjectReferences;
       C:\Users\quan\.nuget\packages\microsoft.windowsappsdk\1.6.241114003\buildTransitive\Microsoft.WindowsAppSDK.targets(47,9): message :       ResolveNativeReferences;
       C:\Users\quan\.nuget\packages\microsoft.windowsappsdk\1.6.241114003\buildTransitive\Microsoft.WindowsAppSDK.targets(47,9): message :       ResolveAssemblyReferences;
       C:\Users\quan\.nuget\packages\microsoft.windowsappsdk\1.6.241114003\buildTransitive\Microsoft.WindowsAppSDK.targets(47,9): message :       GenerateBindingRedirects;
       C:\Users\quan\.nuget\packages\microsoft.windowsappsdk\1.6.241114003\buildTransitive\Microsoft.WindowsAppSDK.targets(47,9): message :       GenerateBindingRedirectsUpdateAppConfig;
       C:\Users\quan\.nuget\packages\microsoft.windowsappsdk\1.6.241114003\buildTransitive\Microsoft.WindowsAppSDK.targets(47,9): message :       ResolveComReferences;
       C:\Users\quan\.nuget\packages\microsoft.windowsappsdk\1.6.241114003\buildTransitive\Microsoft.WindowsAppSDK.targets(47,9): message :       AfterResolveReferences
       C:\Users\quan\.nuget\packages\microsoft.windowsappsdk\1.6.241114003\buildTransitive\Microsoft.WindowsAppSDK.targets(47,9): message :     ;
       C:\Users\quan\.nuget\packages\microsoft.windowsappsdk\1.6.241114003\buildTransitive\Microsoft.WindowsAppSDK.targets(47,9): message :             ImplicitlyExpandTargetFramework;
       C:\Users\quan\.nuget\packages\microsoft.windowsappsdk\1.6.241114003\buildTransitive\Microsoft.WindowsAppSDK.targets(47,9): message :             ImplicitlyExpandTargetPlatform
       C:\Users\quan\.nuget\packages\microsoft.windowsappsdk\1.6.241114003\buildTransitive\Microsoft.WindowsAppSDK.targets(47,9): message :         ;WindowsAppSDKVerifyCsWinRtVersions
       C:\Users\quan\.nuget\packages\microsoft.windowsappsdk\1.6.241114003\buildTransitive\Microsoft.WindowsAppSDK.targets(47,9): message :         " (previous value: "
       C:\Users\quan\.nuget\packages\microsoft.windowsappsdk\1.6.241114003\buildTransitive\Microsoft.WindowsAppSDK.targets(47,9): message :             
       C:\Users\quan\.nuget\packages\microsoft.windowsappsdk\1.6.241114003\buildTransitive\Microsoft.WindowsAppSDK.targets(47,9): message :       BeforeResolveReferences;
       C:\Users\quan\.nuget\packages\microsoft.windowsappsdk\1.6.241114003\buildTransitive\Microsoft.WindowsAppSDK.targets(47,9): message :       AssignProjectConfiguration;
       C:\Users\quan\.nuget\packages\microsoft.windowsappsdk\1.6.241114003\buildTransitive\Microsoft.WindowsAppSDK.targets(47,9): message :       ResolveProjectReferences;
       C:\Users\quan\.nuget\packages\microsoft.windowsappsdk\1.6.241114003\buildTransitive\Microsoft.WindowsAppSDK.targets(47,9): message :       FindInvalidProjectReferences;
       C:\Users\quan\.nuget\packages\microsoft.windowsappsdk\1.6.241114003\buildTransitive\Microsoft.WindowsAppSDK.targets(47,9): message :       ResolveNativeReferences;
       C:\Users\quan\.nuget\packages\microsoft.windowsappsdk\1.6.241114003\buildTransitive\Microsoft.WindowsAppSDK.targets(47,9): message :       ResolveAssemblyReferences;
       C:\Users\quan\.nuget\packages\microsoft.windowsappsdk\1.6.241114003\buildTransitive\Microsoft.WindowsAppSDK.targets(47,9): message :       GenerateBindingRedirects;
       C:\Users\quan\.nuget\packages\microsoft.windowsappsdk\1.6.241114003\buildTransitive\Microsoft.WindowsAppSDK.targets(47,9): message :       GenerateBindingRedirectsUpdateAppConfig;
       C:\Users\quan\.nuget\packages\microsoft.windowsappsdk\1.6.241114003\buildTransitive\Microsoft.WindowsAppSDK.targets(47,9): message :       ResolveComReferences;
       C:\Users\quan\.nuget\packages\microsoft.windowsappsdk\1.6.241114003\buildTransitive\Microsoft.WindowsAppSDK.targets(47,9): message :       AfterResolveReferences
       C:\Users\quan\.nuget\packages\microsoft.windowsappsdk\1.6.241114003\buildTransitive\Microsoft.WindowsAppSDK.targets(47,9): message :     ;
       C:\Users\quan\.nuget\packages\microsoft.windowsappsdk\1.6.241114003\buildTransitive\Microsoft.WindowsAppSDK.targets(47,9): message :             ImplicitlyExpandTargetFramework;
       C:\Users\quan\.nuget\packages\microsoft.windowsappsdk\1.6.241114003\buildTransitive\Microsoft.WindowsAppSDK.targets(47,9): message :             ImplicitlyExpandTargetPlatform
       C:\Users\quan\.nuget\packages\microsoft.windowsappsdk\1.6.241114003\buildTransitive\Microsoft.WindowsAppSDK.targets(47,9): message :         ") at C:\Users\quan\.nuget\packages\microsoft.windowsappsdk\1.6.241114003\buildTransitive\Microsoft.WindowsAppSDK.targets (47,9)
       C:\Users\quan\.nuget\packages\communitytoolkit.mvvm\8.3.2\buildTransitive\CommunityToolkit.Mvvm.WindowsSdk.targets(12,5): message : Property reassignment: $(ResolveReferencesDependsOn)="
       C:\Users\quan\.nuget\packages\communitytoolkit.mvvm\8.3.2\buildTransitive\CommunityToolkit.Mvvm.WindowsSdk.targets(12,5): message :       
       C:\Users\quan\.nuget\packages\communitytoolkit.mvvm\8.3.2\buildTransitive\CommunityToolkit.Mvvm.WindowsSdk.targets(12,5): message :             
       C:\Users\quan\.nuget\packages\communitytoolkit.mvvm\8.3.2\buildTransitive\CommunityToolkit.Mvvm.WindowsSdk.targets(12,5): message :             
       C:\Users\quan\.nuget\packages\communitytoolkit.mvvm\8.3.2\buildTransitive\CommunityToolkit.Mvvm.WindowsSdk.targets(12,5): message :       BeforeResolveReferences;
       C:\Users\quan\.nuget\packages\communitytoolkit.mvvm\8.3.2\buildTransitive\CommunityToolkit.Mvvm.WindowsSdk.targets(12,5): message :       AssignProjectConfiguration;
       C:\Users\quan\.nuget\packages\communitytoolkit.mvvm\8.3.2\buildTransitive\CommunityToolkit.Mvvm.WindowsSdk.targets(12,5): message :       ResolveProjectReferences;
       C:\Users\quan\.nuget\packages\communitytoolkit.mvvm\8.3.2\buildTransitive\CommunityToolkit.Mvvm.WindowsSdk.targets(12,5): message :       FindInvalidProjectReferences;
       C:\Users\quan\.nuget\packages\communitytoolkit.mvvm\8.3.2\buildTransitive\CommunityToolkit.Mvvm.WindowsSdk.targets(12,5): message :       ResolveNativeReferences;
       C:\Users\quan\.nuget\packages\communitytoolkit.mvvm\8.3.2\buildTransitive\CommunityToolkit.Mvvm.WindowsSdk.targets(12,5): message :       ResolveAssemblyReferences;
       C:\Users\quan\.nuget\packages\communitytoolkit.mvvm\8.3.2\buildTransitive\CommunityToolkit.Mvvm.WindowsSdk.targets(12,5): message :       GenerateBindingRedirects;
       C:\Users\quan\.nuget\packages\communitytoolkit.mvvm\8.3.2\buildTransitive\CommunityToolkit.Mvvm.WindowsSdk.targets(12,5): message :       GenerateBindingRedirectsUpdateAppConfig;
       C:\Users\quan\.nuget\packages\communitytoolkit.mvvm\8.3.2\buildTransitive\CommunityToolkit.Mvvm.WindowsSdk.targets(12,5): message :       ResolveComReferences;
       C:\Users\quan\.nuget\packages\communitytoolkit.mvvm\8.3.2\buildTransitive\CommunityToolkit.Mvvm.WindowsSdk.targets(12,5): message :       AfterResolveReferences
       C:\Users\quan\.nuget\packages\communitytoolkit.mvvm\8.3.2\buildTransitive\CommunityToolkit.Mvvm.WindowsSdk.targets(12,5): message :     ;
       C:\Users\quan\.nuget\packages\communitytoolkit.mvvm\8.3.2\buildTransitive\CommunityToolkit.Mvvm.WindowsSdk.targets(12,5): message :             ImplicitlyExpandTargetFramework;
       C:\Users\quan\.nuget\packages\communitytoolkit.mvvm\8.3.2\buildTransitive\CommunityToolkit.Mvvm.WindowsSdk.targets(12,5): message :             ImplicitlyExpandTargetPlatform
       C:\Users\quan\.nuget\packages\communitytoolkit.mvvm\8.3.2\buildTransitive\CommunityToolkit.Mvvm.WindowsSdk.targets(12,5): message :         ;WindowsAppSDKVerifyCsWinRtVersions
       C:\Users\quan\.nuget\packages\communitytoolkit.mvvm\8.3.2\buildTransitive\CommunityToolkit.Mvvm.WindowsSdk.targets(12,5): message :         ;MvvmToolkitVerifyWindowsSdkPackageVersion
       C:\Users\quan\.nuget\packages\communitytoolkit.mvvm\8.3.2\buildTransitive\CommunityToolkit.Mvvm.WindowsSdk.targets(12,5): message :     " (previous value: "
       C:\Users\quan\.nuget\packages\communitytoolkit.mvvm\8.3.2\buildTransitive\CommunityToolkit.Mvvm.WindowsSdk.targets(12,5): message :             
       C:\Users\quan\.nuget\packages\communitytoolkit.mvvm\8.3.2\buildTransitive\CommunityToolkit.Mvvm.WindowsSdk.targets(12,5): message :             
       C:\Users\quan\.nuget\packages\communitytoolkit.mvvm\8.3.2\buildTransitive\CommunityToolkit.Mvvm.WindowsSdk.targets(12,5): message :       BeforeResolveReferences;
       C:\Users\quan\.nuget\packages\communitytoolkit.mvvm\8.3.2\buildTransitive\CommunityToolkit.Mvvm.WindowsSdk.targets(12,5): message :       AssignProjectConfiguration;
       C:\Users\quan\.nuget\packages\communitytoolkit.mvvm\8.3.2\buildTransitive\CommunityToolkit.Mvvm.WindowsSdk.targets(12,5): message :       ResolveProjectReferences;
       C:\Users\quan\.nuget\packages\communitytoolkit.mvvm\8.3.2\buildTransitive\CommunityToolkit.Mvvm.WindowsSdk.targets(12,5): message :       FindInvalidProjectReferences;
       C:\Users\quan\.nuget\packages\communitytoolkit.mvvm\8.3.2\buildTransitive\CommunityToolkit.Mvvm.WindowsSdk.targets(12,5): message :       ResolveNativeReferences;
       C:\Users\quan\.nuget\packages\communitytoolkit.mvvm\8.3.2\buildTransitive\CommunityToolkit.Mvvm.WindowsSdk.targets(12,5): message :       ResolveAssemblyReferences;
       C:\Users\quan\.nuget\packages\communitytoolkit.mvvm\8.3.2\buildTransitive\CommunityToolkit.Mvvm.WindowsSdk.targets(12,5): message :       GenerateBindingRedirects;
       C:\Users\quan\.nuget\packages\communitytoolkit.mvvm\8.3.2\buildTransitive\CommunityToolkit.Mvvm.WindowsSdk.targets(12,5): message :       GenerateBindingRedirectsUpdateAppConfig;
       C:\Users\quan\.nuget\packages\communitytoolkit.mvvm\8.3.2\buildTransitive\CommunityToolkit.Mvvm.WindowsSdk.targets(12,5): message :       ResolveComReferences;
       C:\Users\quan\.nuget\packages\communitytoolkit.mvvm\8.3.2\buildTransitive\CommunityToolkit.Mvvm.WindowsSdk.targets(12,5): message :       AfterResolveReferences
       C:\Users\quan\.nuget\packages\communitytoolkit.mvvm\8.3.2\buildTransitive\CommunityToolkit.Mvvm.WindowsSdk.targets(12,5): message :     ;
       C:\Users\quan\.nuget\packages\communitytoolkit.mvvm\8.3.2\buildTransitive\CommunityToolkit.Mvvm.WindowsSdk.targets(12,5): message :             ImplicitlyExpandTargetFramework;
       C:\Users\quan\.nuget\packages\communitytoolkit.mvvm\8.3.2\buildTransitive\CommunityToolkit.Mvvm.WindowsSdk.targets(12,5): message :             ImplicitlyExpandTargetPlatform
       C:\Users\quan\.nuget\packages\communitytoolkit.mvvm\8.3.2\buildTransitive\CommunityToolkit.Mvvm.WindowsSdk.targets(12,5): message :         ;WindowsAppSDKVerifyCsWinRtVersions
       C:\Users\quan\.nuget\packages\communitytoolkit.mvvm\8.3.2\buildTransitive\CommunityToolkit.Mvvm.WindowsSdk.targets(12,5): message :         ") at C:\Users\quan\.nuget\packages\communitytoolkit.mvvm\8.3.2\buildTransitive\CommunityToolkit.Mvvm.WindowsSdk.targets (12,5)
       C:\Program Files\dotnet\sdk\10.0.302\Sdks\Microsoft.NET.Sdk\targets\Microsoft.PackageDependencyResolution.targets(29,5): message : Property reassignment: $(ProjectAssetsCacheFile)="C:\Users\quan\Documents\smart_fan_cooling_windows_app\obj\x64\Debug\net9.0-windows10.0.22621.0\win-x64\smart_fan_cooling_windows_app.assets.cache" (previous value: "obj\x64\Debug\net9.0-windows10.0.22621.0\win-x64\smart_fan_cooling_windows_app.assets.cache") at C:\Program Files\dotnet\sdk\10.0.302\Sdks\Microsoft.NET.Sdk\targets\Microsoft.PackageDependencyResolution.targets (29,5)
       C:\Program Files\dotnet\sdk\10.0.302\Sdks\Microsoft.NET.Sdk\targets\Microsoft.PackageDependencyResolution.targets(80,5): message : Property reassignment: $(ResolveAssemblyReferencesDependsOn)="
       C:\Program Files\dotnet\sdk\10.0.302\Sdks\Microsoft.NET.Sdk\targets\Microsoft.PackageDependencyResolution.targets(80,5): message :       
       C:\Program Files\dotnet\sdk\10.0.302\Sdks\Microsoft.NET.Sdk\targets\Microsoft.PackageDependencyResolution.targets(80,5): message :       ResolveProjectReferences;
       C:\Program Files\dotnet\sdk\10.0.302\Sdks\Microsoft.NET.Sdk\targets\Microsoft.PackageDependencyResolution.targets(80,5): message :       FindInvalidProjectReferences;
       C:\Program Files\dotnet\sdk\10.0.302\Sdks\Microsoft.NET.Sdk\targets\Microsoft.PackageDependencyResolution.targets(80,5): message :       GetFrameworkPaths;
       C:\Program Files\dotnet\sdk\10.0.302\Sdks\Microsoft.NET.Sdk\targets\Microsoft.PackageDependencyResolution.targets(80,5): message :       GetReferenceAssemblyPaths;
       C:\Program Files\dotnet\sdk\10.0.302\Sdks\Microsoft.NET.Sdk\targets\Microsoft.PackageDependencyResolution.targets(80,5): message :       PrepareForBuild;
       C:\Program Files\dotnet\sdk\10.0.302\Sdks\Microsoft.NET.Sdk\targets\Microsoft.PackageDependencyResolution.targets(80,5): message :       ResolveSDKReferences;
       C:\Program Files\dotnet\sdk\10.0.302\Sdks\Microsoft.NET.Sdk\targets\Microsoft.PackageDependencyResolution.targets(80,5): message :       ExpandSDKReferences;
       C:\Program Files\dotnet\sdk\10.0.302\Sdks\Microsoft.NET.Sdk\targets\Microsoft.PackageDependencyResolution.targets(80,5): message :     ;
       C:\Program Files\dotnet\sdk\10.0.302\Sdks\Microsoft.NET.Sdk\targets\Microsoft.PackageDependencyResolution.targets(80,5): message :       ResolvePackageDependenciesForBuild;
       C:\Program Files\dotnet\sdk\10.0.302\Sdks\Microsoft.NET.Sdk\targets\Microsoft.PackageDependencyResolution.targets(80,5): message :       _HandlePackageFileConflicts;
       C:\Program Files\dotnet\sdk\10.0.302\Sdks\Microsoft.NET.Sdk\targets\Microsoft.PackageDependencyResolution.targets(80,5): message :     " (previous value: "
       C:\Program Files\dotnet\sdk\10.0.302\Sdks\Microsoft.NET.Sdk\targets\Microsoft.PackageDependencyResolution.targets(80,5): message :       ResolveProjectReferences;
       C:\Program Files\dotnet\sdk\10.0.302\Sdks\Microsoft.NET.Sdk\targets\Microsoft.PackageDependencyResolution.targets(80,5): message :       FindInvalidProjectReferences;
       C:\Program Files\dotnet\sdk\10.0.302\Sdks\Microsoft.NET.Sdk\targets\Microsoft.PackageDependencyResolution.targets(80,5): message :       GetFrameworkPaths;
       C:\Program Files\dotnet\sdk\10.0.302\Sdks\Microsoft.NET.Sdk\targets\Microsoft.PackageDependencyResolution.targets(80,5): message :       GetReferenceAssemblyPaths;
       C:\Program Files\dotnet\sdk\10.0.302\Sdks\Microsoft.NET.Sdk\targets\Microsoft.PackageDependencyResolution.targets(80,5): message :       PrepareForBuild;
       C:\Program Files\dotnet\sdk\10.0.302\Sdks\Microsoft.NET.Sdk\targets\Microsoft.PackageDependencyResolution.targets(80,5): message :       ResolveSDKReferences;
       C:\Program Files\dotnet\sdk\10.0.302\Sdks\Microsoft.NET.Sdk\targets\Microsoft.PackageDependencyResolution.targets(80,5): message :       ExpandSDKReferences;
       C:\Program Files\dotnet\sdk\10.0.302\Sdks\Microsoft.NET.Sdk\targets\Microsoft.PackageDependencyResolution.targets(80,5): message :     ") at C:\Program Files\dotnet\sdk\10.0.302\Sdks\Microsoft.NET.Sdk\targets\Microsoft.PackageDependencyResolution.targets (80,5)
       C:\Program Files\dotnet\sdk\10.0.302\Sdks\Microsoft.NET.Sdk\targets\Microsoft.PackageDependencyResolution.targets(86,5): message : Property reassignment: $(PrepareResourcesDependsOn)="
       C:\Program Files\dotnet\sdk\10.0.302\Sdks\Microsoft.NET.Sdk\targets\Microsoft.PackageDependencyResolution.targets(86,5): message :       ResolvePackageDependenciesForBuild;
       C:\Program Files\dotnet\sdk\10.0.302\Sdks\Microsoft.NET.Sdk\targets\Microsoft.PackageDependencyResolution.targets(86,5): message :       _HandlePackageFileConflicts;
       C:\Program Files\dotnet\sdk\10.0.302\Sdks\Microsoft.NET.Sdk\targets\Microsoft.PackageDependencyResolution.targets(86,5): message :       
       C:\Program Files\dotnet\sdk\10.0.302\Sdks\Microsoft.NET.Sdk\targets\Microsoft.PackageDependencyResolution.targets(86,5): message :             ResolveKeySource;
       C:\Program Files\dotnet\sdk\10.0.302\Sdks\Microsoft.NET.Sdk\targets\Microsoft.PackageDependencyResolution.targets(86,5): message :             AddImplicitDefineConstants;
       C:\Program Files\dotnet\sdk\10.0.302\Sdks\Microsoft.NET.Sdk\targets\Microsoft.PackageDependencyResolution.targets(86,5): message :             MarkupCompilePass1;
       C:\Program Files\dotnet\sdk\10.0.302\Sdks\Microsoft.NET.Sdk\targets\Microsoft.PackageDependencyResolution.targets(86,5): message :             XamlPreCompile;
       C:\Program Files\dotnet\sdk\10.0.302\Sdks\Microsoft.NET.Sdk\targets\Microsoft.PackageDependencyResolution.targets(86,5): message :             MarkupCompilePass2;
       C:\Program Files\dotnet\sdk\10.0.302\Sdks\Microsoft.NET.Sdk\targets\Microsoft.PackageDependencyResolution.targets(86,5): message :             
       C:\Program Files\dotnet\sdk\10.0.302\Sdks\Microsoft.NET.Sdk\targets\Microsoft.PackageDependencyResolution.targets(86,5): message :       ;
       C:\Program Files\dotnet\sdk\10.0.302\Sdks\Microsoft.NET.Sdk\targets\Microsoft.PackageDependencyResolution.targets(86,5): message :       PrepareResourceNames;
       C:\Program Files\dotnet\sdk\10.0.302\Sdks\Microsoft.NET.Sdk\targets\Microsoft.PackageDependencyResolution.targets(86,5): message :       ResGen;
       C:\Program Files\dotnet\sdk\10.0.302\Sdks\Microsoft.NET.Sdk\targets\Microsoft.PackageDependencyResolution.targets(86,5): message :       CompileLicxFiles
       C:\Program Files\dotnet\sdk\10.0.302\Sdks\Microsoft.NET.Sdk\targets\Microsoft.PackageDependencyResolution.targets(86,5): message :     
       C:\Program Files\dotnet\sdk\10.0.302\Sdks\Microsoft.NET.Sdk\targets\Microsoft.PackageDependencyResolution.targets(86,5): message :         
       C:\Program Files\dotnet\sdk\10.0.302\Sdks\Microsoft.NET.Sdk\targets\Microsoft.PackageDependencyResolution.targets(86,5): message :     " (previous value: "
       C:\Program Files\dotnet\sdk\10.0.302\Sdks\Microsoft.NET.Sdk\targets\Microsoft.PackageDependencyResolution.targets(86,5): message :             ResolveKeySource;
       C:\Program Files\dotnet\sdk\10.0.302\Sdks\Microsoft.NET.Sdk\targets\Microsoft.PackageDependencyResolution.targets(86,5): message :             AddImplicitDefineConstants;
       C:\Program Files\dotnet\sdk\10.0.302\Sdks\Microsoft.NET.Sdk\targets\Microsoft.PackageDependencyResolution.targets(86,5): message :             MarkupCompilePass1;
       C:\Program Files\dotnet\sdk\10.0.302\Sdks\Microsoft.NET.Sdk\targets\Microsoft.PackageDependencyResolution.targets(86,5): message :             XamlPreCompile;
       C:\Program Files\dotnet\sdk\10.0.302\Sdks\Microsoft.NET.Sdk\targets\Microsoft.PackageDependencyResolution.targets(86,5): message :             MarkupCompilePass2;
       C:\Program Files\dotnet\sdk\10.0.302\Sdks\Microsoft.NET.Sdk\targets\Microsoft.PackageDependencyResolution.targets(86,5): message :             
       C:\Program Files\dotnet\sdk\10.0.302\Sdks\Microsoft.NET.Sdk\targets\Microsoft.PackageDependencyResolution.targets(86,5): message :       ;
       C:\Program Files\dotnet\sdk\10.0.302\Sdks\Microsoft.NET.Sdk\targets\Microsoft.PackageDependencyResolution.targets(86,5): message :       PrepareResourceNames;
       C:\Program Files\dotnet\sdk\10.0.302\Sdks\Microsoft.NET.Sdk\targets\Microsoft.PackageDependencyResolution.targets(86,5): message :       ResGen;
       C:\Program Files\dotnet\sdk\10.0.302\Sdks\Microsoft.NET.Sdk\targets\Microsoft.PackageDependencyResolution.targets(86,5): message :       CompileLicxFiles
       C:\Program Files\dotnet\sdk\10.0.302\Sdks\Microsoft.NET.Sdk\targets\Microsoft.PackageDependencyResolution.targets(86,5): message :     
       C:\Program Files\dotnet\sdk\10.0.302\Sdks\Microsoft.NET.Sdk\targets\Microsoft.PackageDependencyResolution.targets(86,5): message :         ") at C:\Program Files\dotnet\sdk\10.0.302\Sdks\Microsoft.NET.Sdk\targets\Microsoft.PackageDependencyResolution.targets (86,5)
       C:\Program Files\dotnet\sdk\10.0.302\Sdks\Microsoft.NET.Sdk\targets\Microsoft.NET.Sdk.DefaultItems.targets(35,5): message : Property reassignment: $(DefaultItemExcludes)=";bin\x64\Debug\/**;obj\x64\Debug\/**;bin\/**" (previous value: ";bin\x64\Debug\/**;obj\x64\Debug\/**") at C:\Program Files\dotnet\sdk\10.0.302\Sdks\Microsoft.NET.Sdk\targets\Microsoft.NET.Sdk.DefaultItems.targets (35,5)
       C:\Program Files\dotnet\sdk\10.0.302\Sdks\Microsoft.NET.Sdk\targets\Microsoft.NET.Sdk.DefaultItems.targets(37,5): message : Property reassignment: $(DefaultItemExcludes)=";bin\x64\Debug\/**;obj\x64\Debug\/**;bin\/**;obj\/**" (previous value: ";bin\x64\Debug\/**;obj\x64\Debug\/**;bin\/**") at C:\Program Files\dotnet\sdk\10.0.302\Sdks\Microsoft.NET.Sdk\targets\Microsoft.NET.Sdk.DefaultItems.targets (37,5)
       C:\Program Files\dotnet\sdk\10.0.302\Sdks\Microsoft.NET.Sdk\targets\Microsoft.NET.Sdk.DefaultItems.targets(41,5): message : Property reassignment: $(DefaultItemExcludes)=";bin\x64\Debug\/**;obj\x64\Debug\/**;bin\/**;obj\/**;bin\x64\Debug\net9.0-windows10.0.22621.0\win-x64\publish\/**" (previous value: ";bin\x64\Debug\/**;obj\x64\Debug\/**;bin\/**;obj\/**") at C:\Program Files\dotnet\sdk\10.0.302\Sdks\Microsoft.NET.Sdk\targets\Microsoft.NET.Sdk.DefaultItems.targets (41,5)
       C:\Program Files\dotnet\sdk\10.0.302\Sdks\Microsoft.NET.Sdk\targets\Microsoft.NET.Sdk.DefaultItems.targets(44,5): message : Property reassignment: $(DefaultItemExcludes)=";bin\x64\Debug\/**;obj\x64\Debug\/**;bin\/**;obj\/**;bin\x64\Debug\net9.0-windows10.0.22621.0\win-x64\publish\/**;**/*.user" (previous value: ";bin\x64\Debug\/**;obj\x64\Debug\/**;bin\/**;obj\/**;bin\x64\Debug\net9.0-windows10.0.22621.0\win-x64\publish\/**") at C:\Program Files\dotnet\sdk\10.0.302\Sdks\Microsoft.NET.Sdk\targets\Microsoft.NET.Sdk.DefaultItems.targets (44,5)
       C:\Program Files\dotnet\sdk\10.0.302\Sdks\Microsoft.NET.Sdk\targets\Microsoft.NET.Sdk.DefaultItems.targets(45,5): message : Property reassignment: $(DefaultItemExcludes)=";bin\x64\Debug\/**;obj\x64\Debug\/**;bin\/**;obj\/**;bin\x64\Debug\net9.0-windows10.0.22621.0\win-x64\publish\/**;**/*.user;**/*.*proj" (previous value: ";bin\x64\Debug\/**;obj\x64\Debug\/**;bin\/**;obj\/**;bin\x64\Debug\net9.0-windows10.0.22621.0\win-x64\publish\/**;**/*.user") at C:\Program Files\dotnet\sdk\10.0.302\Sdks\Microsoft.NET.Sdk\targets\Microsoft.NET.Sdk.DefaultItems.targets (45,5)
       C:\Program Files\dotnet\sdk\10.0.302\Sdks\Microsoft.NET.Sdk\targets\Microsoft.NET.Sdk.DefaultItems.targets(46,5): message : Property reassignment: $(DefaultItemExcludes)=";bin\x64\Debug\/**;obj\x64\Debug\/**;bin\/**;obj\/**;bin\x64\Debug\net9.0-windows10.0.22621.0\win-x64\publish\/**;**/*.user;**/*.*proj;**/*.sln" (previous value: ";bin\x64\Debug\/**;obj\x64\Debug\/**;bin\/**;obj\/**;bin\x64\Debug\net9.0-windows10.0.22621.0\win-x64\publish\/**;**/*.user;**/*.*proj") at C:\Program Files\dotnet\sdk\10.0.302\Sdks\Microsoft.NET.Sdk\targets\Microsoft.NET.Sdk.DefaultItems.targets (46,5)
       C:\Program Files\dotnet\sdk\10.0.302\Sdks\Microsoft.NET.Sdk\targets\Microsoft.NET.Sdk.DefaultItems.targets(47,5): message : Property reassignment: $(DefaultItemExcludes)=";bin\x64\Debug\/**;obj\x64\Debug\/**;bin\/**;obj\/**;bin\x64\Debug\net9.0-windows10.0.22621.0\win-x64\publish\/**;**/*.user;**/*.*proj;**/*.sln;**/*.slnx" (previous value: ";bin\x64\Debug\/**;obj\x64\Debug\/**;bin\/**;obj\/**;bin\x64\Debug\net9.0-windows10.0.22621.0\win-x64\publish\/**;**/*.user;**/*.*proj;**/*.sln") at C:\Program Files\dotnet\sdk\10.0.302\Sdks\Microsoft.NET.Sdk\targets\Microsoft.NET.Sdk.DefaultItems.targets (47,5)
       C:\Program Files\dotnet\sdk\10.0.302\Sdks\Microsoft.NET.Sdk\targets\Microsoft.NET.Sdk.DefaultItems.targets(48,5): message : Property reassignment: $(DefaultItemExcludes)=";bin\x64\Debug\/**;obj\x64\Debug\/**;bin\/**;obj\/**;bin\x64\Debug\net9.0-windows10.0.22621.0\win-x64\publish\/**;**/*.user;**/*.*proj;**/*.sln;**/*.slnx;**/*.vssscc" (previous value: ";bin\x64\Debug\/**;obj\x64\Debug\/**;bin\/**;obj\/**;bin\x64\Debug\net9.0-windows10.0.22621.0\win-x64\publish\/**;**/*.user;**/*.*proj;**/*.sln;**/*.slnx") at C:\Program Files\dotnet\sdk\10.0.302\Sdks\Microsoft.NET.Sdk\targets\Microsoft.NET.Sdk.DefaultItems.targets (48,5)
       C:\Program Files\dotnet\sdk\10.0.302\Sdks\Microsoft.NET.Sdk\targets\Microsoft.NET.Sdk.DefaultItems.targets(49,5): message : Property reassignment: $(DefaultItemExcludes)=";bin\x64\Debug\/**;obj\x64\Debug\/**;bin\/**;obj\/**;bin\x64\Debug\net9.0-windows10.0.22621.0\win-x64\publish\/**;**/*.user;**/*.*proj;**/*.sln;**/*.slnx;**/*.vssscc;**/.DS_Store" (previous value: ";bin\x64\Debug\/**;obj\x64\Debug\/**;bin\/**;obj\/**;bin\x64\Debug\net9.0-windows10.0.22621.0\win-x64\publish\/**;**/*.user;**/*.*proj;**/*.sln;**/*.slnx;**/*.vssscc") at C:\Program Files\dotnet\sdk\10.0.302\Sdks\Microsoft.NET.Sdk\targets\Microsoft.NET.Sdk.DefaultItems.targets (49,5)
       C:\Program Files\dotnet\sdk\10.0.302\Sdks\Microsoft.NET.Sdk\targets\Microsoft.NET.Sdk.FrameworkReferenceResolution.targets(14,5): message : Property reassignment: $(ResolveAssemblyReferencesDependsOn)="
       C:\Program Files\dotnet\sdk\10.0.302\Sdks\Microsoft.NET.Sdk\targets\Microsoft.NET.Sdk.FrameworkReferenceResolution.targets(14,5): message :       
       C:\Program Files\dotnet\sdk\10.0.302\Sdks\Microsoft.NET.Sdk\targets\Microsoft.NET.Sdk.FrameworkReferenceResolution.targets(14,5): message :       
       C:\Program Files\dotnet\sdk\10.0.302\Sdks\Microsoft.NET.Sdk\targets\Microsoft.NET.Sdk.FrameworkReferenceResolution.targets(14,5): message :       ResolveProjectReferences;
       C:\Program Files\dotnet\sdk\10.0.302\Sdks\Microsoft.NET.Sdk\targets\Microsoft.NET.Sdk.FrameworkReferenceResolution.targets(14,5): message :       FindInvalidProjectReferences;
       C:\Program Files\dotnet\sdk\10.0.302\Sdks\Microsoft.NET.Sdk\targets\Microsoft.NET.Sdk.FrameworkReferenceResolution.targets(14,5): message :       GetFrameworkPaths;
       C:\Program Files\dotnet\sdk\10.0.302\Sdks\Microsoft.NET.Sdk\targets\Microsoft.NET.Sdk.FrameworkReferenceResolution.targets(14,5): message :       GetReferenceAssemblyPaths;
       C:\Program Files\dotnet\sdk\10.0.302\Sdks\Microsoft.NET.Sdk\targets\Microsoft.NET.Sdk.FrameworkReferenceResolution.targets(14,5): message :       PrepareForBuild;
       C:\Program Files\dotnet\sdk\10.0.302\Sdks\Microsoft.NET.Sdk\targets\Microsoft.NET.Sdk.FrameworkReferenceResolution.targets(14,5): message :       ResolveSDKReferences;
       C:\Program Files\dotnet\sdk\10.0.302\Sdks\Microsoft.NET.Sdk\targets\Microsoft.NET.Sdk.FrameworkReferenceResolution.targets(14,5): message :       ExpandSDKReferences;
       C:\Program Files\dotnet\sdk\10.0.302\Sdks\Microsoft.NET.Sdk\targets\Microsoft.NET.Sdk.FrameworkReferenceResolution.targets(14,5): message :     ;
       C:\Program Files\dotnet\sdk\10.0.302\Sdks\Microsoft.NET.Sdk\targets\Microsoft.NET.Sdk.FrameworkReferenceResolution.targets(14,5): message :       ResolvePackageDependenciesForBuild;
       C:\Program Files\dotnet\sdk\10.0.302\Sdks\Microsoft.NET.Sdk\targets\Microsoft.NET.Sdk.FrameworkReferenceResolution.targets(14,5): message :       _HandlePackageFileConflicts;
       C:\Program Files\dotnet\sdk\10.0.302\Sdks\Microsoft.NET.Sdk\targets\Microsoft.NET.Sdk.FrameworkReferenceResolution.targets(14,5): message :     ;
       C:\Program Files\dotnet\sdk\10.0.302\Sdks\Microsoft.NET.Sdk\targets\Microsoft.NET.Sdk.FrameworkReferenceResolution.targets(14,5): message :       ResolveTargetingPackAssets;
       C:\Program Files\dotnet\sdk\10.0.302\Sdks\Microsoft.NET.Sdk\targets\Microsoft.NET.Sdk.FrameworkReferenceResolution.targets(14,5): message :     " (previous value: "
       C:\Program Files\dotnet\sdk\10.0.302\Sdks\Microsoft.NET.Sdk\targets\Microsoft.NET.Sdk.FrameworkReferenceResolution.targets(14,5): message :       
       C:\Program Files\dotnet\sdk\10.0.302\Sdks\Microsoft.NET.Sdk\targets\Microsoft.NET.Sdk.FrameworkReferenceResolution.targets(14,5): message :       ResolveProjectReferences;
       C:\Program Files\dotnet\sdk\10.0.302\Sdks\Microsoft.NET.Sdk\targets\Microsoft.NET.Sdk.FrameworkReferenceResolution.targets(14,5): message :       FindInvalidProjectReferences;
       C:\Program Files\dotnet\sdk\10.0.302\Sdks\Microsoft.NET.Sdk\targets\Microsoft.NET.Sdk.FrameworkReferenceResolution.targets(14,5): message :       GetFrameworkPaths;
       C:\Program Files\dotnet\sdk\10.0.302\Sdks\Microsoft.NET.Sdk\targets\Microsoft.NET.Sdk.FrameworkReferenceResolution.targets(14,5): message :       GetReferenceAssemblyPaths;
       C:\Program Files\dotnet\sdk\10.0.302\Sdks\Microsoft.NET.Sdk\targets\Microsoft.NET.Sdk.FrameworkReferenceResolution.targets(14,5): message :       PrepareForBuild;
       C:\Program Files\dotnet\sdk\10.0.302\Sdks\Microsoft.NET.Sdk\targets\Microsoft.NET.Sdk.FrameworkReferenceResolution.targets(14,5): message :       ResolveSDKReferences;
       C:\Program Files\dotnet\sdk\10.0.302\Sdks\Microsoft.NET.Sdk\targets\Microsoft.NET.Sdk.FrameworkReferenceResolution.targets(14,5): message :       ExpandSDKReferences;
       C:\Program Files\dotnet\sdk\10.0.302\Sdks\Microsoft.NET.Sdk\targets\Microsoft.NET.Sdk.FrameworkReferenceResolution.targets(14,5): message :     ;
       C:\Program Files\dotnet\sdk\10.0.302\Sdks\Microsoft.NET.Sdk\targets\Microsoft.NET.Sdk.FrameworkReferenceResolution.targets(14,5): message :       ResolvePackageDependenciesForBuild;
       C:\Program Files\dotnet\sdk\10.0.302\Sdks\Microsoft.NET.Sdk\targets\Microsoft.NET.Sdk.FrameworkReferenceResolution.targets(14,5): message :       _HandlePackageFileConflicts;
       C:\Program Files\dotnet\sdk\10.0.302\Sdks\Microsoft.NET.Sdk\targets\Microsoft.NET.Sdk.FrameworkReferenceResolution.targets(14,5): message :     ") at C:\Program Files\dotnet\sdk\10.0.302\Sdks\Microsoft.NET.Sdk\targets\Microsoft.NET.Sdk.FrameworkReferenceResolution.targets (14,5)
       C:\Program Files\dotnet\sdk\10.0.302\Sdks\Microsoft.NET.Sdk\targets\Microsoft.NET.Sdk.targets(44,5): message : Property reassignment: $(_GenerateRuntimeConfigurationPropertyInputsCache)="C:\Users\quan\Documents\smart_fan_cooling_windows_app\obj\x64\Debug\net9.0-windows10.0.22621.0\win-x64\smart_fan_cooling_windows_app.genruntimeconfig.cache" (previous value: "obj\x64\Debug\net9.0-windows10.0.22621.0\win-x64\smart_fan_cooling_windows_app.genruntimeconfig.cache") at C:\Program Files\dotnet\sdk\10.0.302\Sdks\Microsoft.NET.Sdk\targets\Microsoft.NET.Sdk.targets (44,5)
       C:\Program Files\dotnet\sdk\10.0.302\Sdks\Microsoft.NET.Sdk\targets\Microsoft.NET.Sdk.targets(46,5): message : Property reassignment: $(_GeneratePublishDependencyFilePropertyInputsCache)="C:\Users\quan\Documents\smart_fan_cooling_windows_app\obj\x64\Debug\net9.0-windows10.0.22621.0\win-x64\smart_fan_cooling_windows_app.genpublishdeps.cache" (previous value: "obj\x64\Debug\net9.0-windows10.0.22621.0\win-x64\smart_fan_cooling_windows_app.genpublishdeps.cache") at C:\Program Files\dotnet\sdk\10.0.302\Sdks\Microsoft.NET.Sdk\targets\Microsoft.NET.Sdk.targets (46,5)
       C:\Program Files\dotnet\sdk\10.0.302\Sdks\Microsoft.NET.Sdk\targets\Microsoft.NET.Sdk.targets(48,5): message : Property reassignment: $(_GenerateSingleFileBundlePropertyInputsCache)="C:\Users\quan\Documents\smart_fan_cooling_windows_app\obj\x64\Debug\net9.0-windows10.0.22621.0\win-x64\smart_fan_cooling_windows_app.genbundle.cache" (previous value: "obj\x64\Debug\net9.0-windows10.0.22621.0\win-x64\smart_fan_cooling_windows_app.genbundle.cache") at C:\Program Files\dotnet\sdk\10.0.302\Sdks\Microsoft.NET.Sdk\targets\Microsoft.NET.Sdk.targets (48,5)
       C:\Program Files\dotnet\sdk\10.0.302\Sdks\Microsoft.NET.Sdk\targets\Microsoft.NET.Sdk.targets(81,5): message : Property reassignment: $(GenerateRuntimeConfigDevFile)="false" (previous value: "true") at C:\Program Files\dotnet\sdk\10.0.302\Sdks\Microsoft.NET.Sdk\targets\Microsoft.NET.Sdk.targets (81,5)
       C:\Program Files\dotnet\sdk\10.0.302\Sdks\Microsoft.NET.Sdk\targets\Microsoft.NET.Sdk.targets(98,5): message : Property reassignment: $(_DefaultUserProfileRuntimeStorePath)="C:\Users\quan" (previous value: "") at C:\Program Files\dotnet\sdk\10.0.302\Sdks\Microsoft.NET.Sdk\targets\Microsoft.NET.Sdk.targets (98,5)
       C:\Program Files\dotnet\sdk\10.0.302\Sdks\Microsoft.NET.Sdk\targets\Microsoft.NET.Sdk.targets(99,5): message : Property reassignment: $(_DefaultUserProfileRuntimeStorePath)="C:\Users\quan\.dotnet\store" (previous value: "C:\Users\quan") at C:\Program Files\dotnet\sdk\10.0.302\Sdks\Microsoft.NET.Sdk\targets\Microsoft.NET.Sdk.targets (99,5)
       C:\Program Files\dotnet\sdk\10.0.302\Sdks\Microsoft.NET.Sdk\targets\Microsoft.NET.Sdk.targets(144,5): message : Property reassignment: $(AvailablePlatforms)="Any CPU,x86,x64,ARM32" (previous value: "Any CPU,x86,x64") at C:\Program Files\dotnet\sdk\10.0.302\Sdks\Microsoft.NET.Sdk\targets\Microsoft.NET.Sdk.targets (144,5)
       C:\Program Files\dotnet\sdk\10.0.302\Sdks\Microsoft.NET.Sdk\targets\Microsoft.NET.Sdk.targets(148,5): message : Property reassignment: $(AvailablePlatforms)="Any CPU,x86,x64,ARM32,ARM64" (previous value: "Any CPU,x86,x64,ARM32") at C:\Program Files\dotnet\sdk\10.0.302\Sdks\Microsoft.NET.Sdk\targets\Microsoft.NET.Sdk.targets (148,5)
       C:\Program Files\dotnet\sdk\10.0.302\Sdks\Microsoft.NET.Sdk\targets\Microsoft.NET.Sdk.targets(204,5): message : Property reassignment: $(CoreBuildDependsOn)="
       C:\Program Files\dotnet\sdk\10.0.302\Sdks\Microsoft.NET.Sdk\targets\Microsoft.NET.Sdk.targets(204,5): message :       _CheckForBuildWithNoBuild;
       C:\Program Files\dotnet\sdk\10.0.302\Sdks\Microsoft.NET.Sdk\targets\Microsoft.NET.Sdk.targets(204,5): message :       
       C:\Program Files\dotnet\sdk\10.0.302\Sdks\Microsoft.NET.Sdk\targets\Microsoft.NET.Sdk.targets(204,5): message :       BuildOnlySettings;
       C:\Program Files\dotnet\sdk\10.0.302\Sdks\Microsoft.NET.Sdk\targets\Microsoft.NET.Sdk.targets(204,5): message :       PrepareForBuild;
       C:\Program Files\dotnet\sdk\10.0.302\Sdks\Microsoft.NET.Sdk\targets\Microsoft.NET.Sdk.targets(204,5): message :       PreBuildEvent;
       C:\Program Files\dotnet\sdk\10.0.302\Sdks\Microsoft.NET.Sdk\targets\Microsoft.NET.Sdk.targets(204,5): message :       ResolveReferences;
       C:\Program Files\dotnet\sdk\10.0.302\Sdks\Microsoft.NET.Sdk\targets\Microsoft.NET.Sdk.targets(204,5): message :       PrepareResources;
       C:\Program Files\dotnet\sdk\10.0.302\Sdks\Microsoft.NET.Sdk\targets\Microsoft.NET.Sdk.targets(204,5): message :       ResolveKeySource;
       C:\Program Files\dotnet\sdk\10.0.302\Sdks\Microsoft.NET.Sdk\targets\Microsoft.NET.Sdk.targets(204,5): message :       Compile;
       C:\Program Files\dotnet\sdk\10.0.302\Sdks\Microsoft.NET.Sdk\targets\Microsoft.NET.Sdk.targets(204,5): message :       ExportWindowsMDFile;
       C:\Program Files\dotnet\sdk\10.0.302\Sdks\Microsoft.NET.Sdk\targets\Microsoft.NET.Sdk.targets(204,5): message :       UnmanagedUnregistration;
       C:\Program Files\dotnet\sdk\10.0.302\Sdks\Microsoft.NET.Sdk\targets\Microsoft.NET.Sdk.targets(204,5): message :       GenerateSerializationAssemblies;
       C:\Program Files\dotnet\sdk\10.0.302\Sdks\Microsoft.NET.Sdk\targets\Microsoft.NET.Sdk.targets(204,5): message :       CreateSatelliteAssemblies;
       C:\Program Files\dotnet\sdk\10.0.302\Sdks\Microsoft.NET.Sdk\targets\Microsoft.NET.Sdk.targets(204,5): message :       GenerateManifests;
       C:\Program Files\dotnet\sdk\10.0.302\Sdks\Microsoft.NET.Sdk\targets\Microsoft.NET.Sdk.targets(204,5): message :       GetTargetPath;
       C:\Program Files\dotnet\sdk\10.0.302\Sdks\Microsoft.NET.Sdk\targets\Microsoft.NET.Sdk.targets(204,5): message :       PrepareForRun;
       C:\Program Files\dotnet\sdk\10.0.302\Sdks\Microsoft.NET.Sdk\targets\Microsoft.NET.Sdk.targets(204,5): message :       UnmanagedRegistration;
       C:\Program Files\dotnet\sdk\10.0.302\Sdks\Microsoft.NET.Sdk\targets\Microsoft.NET.Sdk.targets(204,5): message :       IncrementalClean;
       C:\Program Files\dotnet\sdk\10.0.302\Sdks\Microsoft.NET.Sdk\targets\Microsoft.NET.Sdk.targets(204,5): message :       PostBuildEvent
       C:\Program Files\dotnet\sdk\10.0.302\Sdks\Microsoft.NET.Sdk\targets\Microsoft.NET.Sdk.targets(204,5): message :     ;
       C:\Program Files\dotnet\sdk\10.0.302\Sdks\Microsoft.NET.Sdk\targets\Microsoft.NET.Sdk.targets(204,5): message :       GenerateBuildDependencyFile;
       C:\Program Files\dotnet\sdk\10.0.302\Sdks\Microsoft.NET.Sdk\targets\Microsoft.NET.Sdk.targets(204,5): message :       GenerateBuildRuntimeConfigurationFiles
       C:\Program Files\dotnet\sdk\10.0.302\Sdks\Microsoft.NET.Sdk\targets\Microsoft.NET.Sdk.targets(204,5): message :     " (previous value: "
       C:\Program Files\dotnet\sdk\10.0.302\Sdks\Microsoft.NET.Sdk\targets\Microsoft.NET.Sdk.targets(204,5): message :       BuildOnlySettings;
       C:\Program Files\dotnet\sdk\10.0.302\Sdks\Microsoft.NET.Sdk\targets\Microsoft.NET.Sdk.targets(204,5): message :       PrepareForBuild;
       C:\Program Files\dotnet\sdk\10.0.302\Sdks\Microsoft.NET.Sdk\targets\Microsoft.NET.Sdk.targets(204,5): message :       PreBuildEvent;
       C:\Program Files\dotnet\sdk\10.0.302\Sdks\Microsoft.NET.Sdk\targets\Microsoft.NET.Sdk.targets(204,5): message :       ResolveReferences;
       C:\Program Files\dotnet\sdk\10.0.302\Sdks\Microsoft.NET.Sdk\targets\Microsoft.NET.Sdk.targets(204,5): message :       PrepareResources;
       C:\Program Files\dotnet\sdk\10.0.302\Sdks\Microsoft.NET.Sdk\targets\Microsoft.NET.Sdk.targets(204,5): message :       ResolveKeySource;
       C:\Program Files\dotnet\sdk\10.0.302\Sdks\Microsoft.NET.Sdk\targets\Microsoft.NET.Sdk.targets(204,5): message :       Compile;
       C:\Program Files\dotnet\sdk\10.0.302\Sdks\Microsoft.NET.Sdk\targets\Microsoft.NET.Sdk.targets(204,5): message :       ExportWindowsMDFile;
       C:\Program Files\dotnet\sdk\10.0.302\Sdks\Microsoft.NET.Sdk\targets\Microsoft.NET.Sdk.targets(204,5): message :       UnmanagedUnregistration;
       C:\Program Files\dotnet\sdk\10.0.302\Sdks\Microsoft.NET.Sdk\targets\Microsoft.NET.Sdk.targets(204,5): message :       GenerateSerializationAssemblies;
       C:\Program Files\dotnet\sdk\10.0.302\Sdks\Microsoft.NET.Sdk\targets\Microsoft.NET.Sdk.targets(204,5): message :       CreateSatelliteAssemblies;
       C:\Program Files\dotnet\sdk\10.0.302\Sdks\Microsoft.NET.Sdk\targets\Microsoft.NET.Sdk.targets(204,5): message :       GenerateManifests;
       C:\Program Files\dotnet\sdk\10.0.302\Sdks\Microsoft.NET.Sdk\targets\Microsoft.NET.Sdk.targets(204,5): message :       GetTargetPath;
       C:\Program Files\dotnet\sdk\10.0.302\Sdks\Microsoft.NET.Sdk\targets\Microsoft.NET.Sdk.targets(204,5): message :       PrepareForRun;
       C:\Program Files\dotnet\sdk\10.0.302\Sdks\Microsoft.NET.Sdk\targets\Microsoft.NET.Sdk.targets(204,5): message :       UnmanagedRegistration;
       C:\Program Files\dotnet\sdk\10.0.302\Sdks\Microsoft.NET.Sdk\targets\Microsoft.NET.Sdk.targets(204,5): message :       IncrementalClean;
       C:\Program Files\dotnet\sdk\10.0.302\Sdks\Microsoft.NET.Sdk\targets\Microsoft.NET.Sdk.targets(204,5): message :       PostBuildEvent
       C:\Program Files\dotnet\sdk\10.0.302\Sdks\Microsoft.NET.Sdk\targets\Microsoft.NET.Sdk.targets(204,5): message :     ") at C:\Program Files\dotnet\sdk\10.0.302\Sdks\Microsoft.NET.Sdk\targets\Microsoft.NET.Sdk.targets (204,5)
       C:\Program Files\dotnet\sdk\10.0.302\Sdks\Microsoft.NET.Sdk\targets\Microsoft.NET.Sdk.targets(213,5): message : Property reassignment: $(CoreCleanDependsOn)="
       C:\Program Files\dotnet\sdk\10.0.302\Sdks\Microsoft.NET.Sdk\targets\Microsoft.NET.Sdk.targets(213,5): message :       _SdkBeforeClean;
       C:\Program Files\dotnet\sdk\10.0.302\Sdks\Microsoft.NET.Sdk\targets\Microsoft.NET.Sdk.targets(213,5): message :       
       C:\Program Files\dotnet\sdk\10.0.302\Sdks\Microsoft.NET.Sdk\targets\Microsoft.NET.Sdk.targets(213,5): message :     " (previous value: "") at C:\Program Files\dotnet\sdk\10.0.302\Sdks\Microsoft.NET.Sdk\targets\Microsoft.NET.Sdk.targets (213,5)
       C:\Program Files\dotnet\sdk\10.0.302\Sdks\Microsoft.NET.Sdk\targets\Microsoft.NET.Sdk.targets(220,5): message : Property reassignment: $(RebuildDependsOn)="
       C:\Program Files\dotnet\sdk\10.0.302\Sdks\Microsoft.NET.Sdk\targets\Microsoft.NET.Sdk.targets(220,5): message :       _SdkBeforeRebuild;
       C:\Program Files\dotnet\sdk\10.0.302\Sdks\Microsoft.NET.Sdk\targets\Microsoft.NET.Sdk.targets(220,5): message :       
       C:\Program Files\dotnet\sdk\10.0.302\Sdks\Microsoft.NET.Sdk\targets\Microsoft.NET.Sdk.targets(220,5): message :       BeforeRebuild;
       C:\Program Files\dotnet\sdk\10.0.302\Sdks\Microsoft.NET.Sdk\targets\Microsoft.NET.Sdk.targets(220,5): message :       Clean;
       C:\Program Files\dotnet\sdk\10.0.302\Sdks\Microsoft.NET.Sdk\targets\Microsoft.NET.Sdk.targets(220,5): message :       Build;
       C:\Program Files\dotnet\sdk\10.0.302\Sdks\Microsoft.NET.Sdk\targets\Microsoft.NET.Sdk.targets(220,5): message :       AfterRebuild;
       C:\Program Files\dotnet\sdk\10.0.302\Sdks\Microsoft.NET.Sdk\targets\Microsoft.NET.Sdk.targets(220,5): message :     
       C:\Program Files\dotnet\sdk\10.0.302\Sdks\Microsoft.NET.Sdk\targets\Microsoft.NET.Sdk.targets(220,5): message :     " (previous value: "
       C:\Program Files\dotnet\sdk\10.0.302\Sdks\Microsoft.NET.Sdk\targets\Microsoft.NET.Sdk.targets(220,5): message :       BeforeRebuild;
       C:\Program Files\dotnet\sdk\10.0.302\Sdks\Microsoft.NET.Sdk\targets\Microsoft.NET.Sdk.targets(220,5): message :       Clean;
       C:\Program Files\dotnet\sdk\10.0.302\Sdks\Microsoft.NET.Sdk\targets\Microsoft.NET.Sdk.targets(220,5): message :       Build;
       C:\Program Files\dotnet\sdk\10.0.302\Sdks\Microsoft.NET.Sdk\targets\Microsoft.NET.Sdk.targets(220,5): message :       AfterRebuild;
       C:\Program Files\dotnet\sdk\10.0.302\Sdks\Microsoft.NET.Sdk\targets\Microsoft.NET.Sdk.targets(220,5): message :     ") at C:\Program Files\dotnet\sdk\10.0.302\Sdks\Microsoft.NET.Sdk\targets\Microsoft.NET.Sdk.targets (220,5)
       C:\Program Files\dotnet\sdk\10.0.302\Sdks\Microsoft.NET.Sdk\targets\Microsoft.NET.Sdk.targets(799,5): message : Property reassignment: $(CompileDependsOn)="
       C:\Program Files\dotnet\sdk\10.0.302\Sdks\Microsoft.NET.Sdk\targets\Microsoft.NET.Sdk.targets(799,5): message :       
       C:\Program Files\dotnet\sdk\10.0.302\Sdks\Microsoft.NET.Sdk\targets\Microsoft.NET.Sdk.targets(799,5): message :       ResolveReferences;
       C:\Program Files\dotnet\sdk\10.0.302\Sdks\Microsoft.NET.Sdk\targets\Microsoft.NET.Sdk.targets(799,5): message :       ResolveKeySource;
       C:\Program Files\dotnet\sdk\10.0.302\Sdks\Microsoft.NET.Sdk\targets\Microsoft.NET.Sdk.targets(799,5): message :       SetWin32ManifestProperties;
       C:\Program Files\dotnet\sdk\10.0.302\Sdks\Microsoft.NET.Sdk\targets\Microsoft.NET.Sdk.targets(799,5): message :       _SetPreferNativeArm64Win32ManifestProperties;
       C:\Program Files\dotnet\sdk\10.0.302\Sdks\Microsoft.NET.Sdk\targets\Microsoft.NET.Sdk.targets(799,5): message :       FindReferenceAssembliesForReferences;
       C:\Program Files\dotnet\sdk\10.0.302\Sdks\Microsoft.NET.Sdk\targets\Microsoft.NET.Sdk.targets(799,5): message :       _GenerateCompileInputs;
       C:\Program Files\dotnet\sdk\10.0.302\Sdks\Microsoft.NET.Sdk\targets\Microsoft.NET.Sdk.targets(799,5): message :       BeforeCompile;
       C:\Program Files\dotnet\sdk\10.0.302\Sdks\Microsoft.NET.Sdk\targets\Microsoft.NET.Sdk.targets(799,5): message :       _TimeStampBeforeCompile;
       C:\Program Files\dotnet\sdk\10.0.302\Sdks\Microsoft.NET.Sdk\targets\Microsoft.NET.Sdk.targets(799,5): message :       _GenerateCompileDependencyCache;
       C:\Program Files\dotnet\sdk\10.0.302\Sdks\Microsoft.NET.Sdk\targets\Microsoft.NET.Sdk.targets(799,5): message :       CoreCompile;
       C:\Program Files\dotnet\sdk\10.0.302\Sdks\Microsoft.NET.Sdk\targets\Microsoft.NET.Sdk.targets(799,5): message :       _TimeStampAfterCompile;
       C:\Program Files\dotnet\sdk\10.0.302\Sdks\Microsoft.NET.Sdk\targets\Microsoft.NET.Sdk.targets(799,5): message :       AfterCompile;
       C:\Program Files\dotnet\sdk\10.0.302\Sdks\Microsoft.NET.Sdk\targets\Microsoft.NET.Sdk.targets(799,5): message :     ;
       C:\Program Files\dotnet\sdk\10.0.302\Sdks\Microsoft.NET.Sdk\targets\Microsoft.NET.Sdk.targets(799,5): message :       _CreateAppHost;
       C:\Program Files\dotnet\sdk\10.0.302\Sdks\Microsoft.NET.Sdk\targets\Microsoft.NET.Sdk.targets(799,5): message :       _CreateComHost;
       C:\Program Files\dotnet\sdk\10.0.302\Sdks\Microsoft.NET.Sdk\targets\Microsoft.NET.Sdk.targets(799,5): message :       _GetIjwHostPaths;
       C:\Program Files\dotnet\sdk\10.0.302\Sdks\Microsoft.NET.Sdk\targets\Microsoft.NET.Sdk.targets(799,5): message :     " (previous value: "
       C:\Program Files\dotnet\sdk\10.0.302\Sdks\Microsoft.NET.Sdk\targets\Microsoft.NET.Sdk.targets(799,5): message :       ResolveReferences;
       C:\Program Files\dotnet\sdk\10.0.302\Sdks\Microsoft.NET.Sdk\targets\Microsoft.NET.Sdk.targets(799,5): message :       ResolveKeySource;
       C:\Program Files\dotnet\sdk\10.0.302\Sdks\Microsoft.NET.Sdk\targets\Microsoft.NET.Sdk.targets(799,5): message :       SetWin32ManifestProperties;
       C:\Program Files\dotnet\sdk\10.0.302\Sdks\Microsoft.NET.Sdk\targets\Microsoft.NET.Sdk.targets(799,5): message :       _SetPreferNativeArm64Win32ManifestProperties;
       C:\Program Files\dotnet\sdk\10.0.302\Sdks\Microsoft.NET.Sdk\targets\Microsoft.NET.Sdk.targets(799,5): message :       FindReferenceAssembliesForReferences;
       C:\Program Files\dotnet\sdk\10.0.302\Sdks\Microsoft.NET.Sdk\targets\Microsoft.NET.Sdk.targets(799,5): message :       _GenerateCompileInputs;
       C:\Program Files\dotnet\sdk\10.0.302\Sdks\Microsoft.NET.Sdk\targets\Microsoft.NET.Sdk.targets(799,5): message :       BeforeCompile;
       C:\Program Files\dotnet\sdk\10.0.302\Sdks\Microsoft.NET.Sdk\targets\Microsoft.NET.Sdk.targets(799,5): message :       _TimeStampBeforeCompile;
       C:\Program Files\dotnet\sdk\10.0.302\Sdks\Microsoft.NET.Sdk\targets\Microsoft.NET.Sdk.targets(799,5): message :       _GenerateCompileDependencyCache;
       C:\Program Files\dotnet\sdk\10.0.302\Sdks\Microsoft.NET.Sdk\targets\Microsoft.NET.Sdk.targets(799,5): message :       CoreCompile;
       C:\Program Files\dotnet\sdk\10.0.302\Sdks\Microsoft.NET.Sdk\targets\Microsoft.NET.Sdk.targets(799,5): message :       _TimeStampAfterCompile;
       C:\Program Files\dotnet\sdk\10.0.302\Sdks\Microsoft.NET.Sdk\targets\Microsoft.NET.Sdk.targets(799,5): message :       AfterCompile;
       C:\Program Files\dotnet\sdk\10.0.302\Sdks\Microsoft.NET.Sdk\targets\Microsoft.NET.Sdk.targets(799,5): message :     ") at C:\Program Files\dotnet\sdk\10.0.302\Sdks\Microsoft.NET.Sdk\targets\Microsoft.NET.Sdk.targets (799,5)
       C:\Program Files\dotnet\sdk\10.0.302\Sdks\Microsoft.NET.Sdk\targets\Microsoft.NET.Sdk.targets(1131,5): message : Property reassignment: $(CreateSatelliteAssembliesDependsOn)="
       C:\Program Files\dotnet\sdk\10.0.302\Sdks\Microsoft.NET.Sdk\targets\Microsoft.NET.Sdk.targets(1131,5): message :       
       C:\Program Files\dotnet\sdk\10.0.302\Sdks\Microsoft.NET.Sdk\targets\Microsoft.NET.Sdk.targets(1131,5): message :       ;
       C:\Program Files\dotnet\sdk\10.0.302\Sdks\Microsoft.NET.Sdk\targets\Microsoft.NET.Sdk.targets(1131,5): message :       _GenerateSatelliteAssemblyInputs;
       C:\Program Files\dotnet\sdk\10.0.302\Sdks\Microsoft.NET.Sdk\targets\Microsoft.NET.Sdk.targets(1131,5): message :       ComputeIntermediateSatelliteAssemblies;
       C:\Program Files\dotnet\sdk\10.0.302\Sdks\Microsoft.NET.Sdk\targets\Microsoft.NET.Sdk.targets(1131,5): message :       GenerateSatelliteAssemblies
       C:\Program Files\dotnet\sdk\10.0.302\Sdks\Microsoft.NET.Sdk\targets\Microsoft.NET.Sdk.targets(1131,5): message :     ;
       C:\Program Files\dotnet\sdk\10.0.302\Sdks\Microsoft.NET.Sdk\targets\Microsoft.NET.Sdk.targets(1131,5): message :       CoreGenerateSatelliteAssemblies
       C:\Program Files\dotnet\sdk\10.0.302\Sdks\Microsoft.NET.Sdk\targets\Microsoft.NET.Sdk.targets(1131,5): message :     " (previous value: "
       C:\Program Files\dotnet\sdk\10.0.302\Sdks\Microsoft.NET.Sdk\targets\Microsoft.NET.Sdk.targets(1131,5): message :       ;
       C:\Program Files\dotnet\sdk\10.0.302\Sdks\Microsoft.NET.Sdk\targets\Microsoft.NET.Sdk.targets(1131,5): message :       _GenerateSatelliteAssemblyInputs;
       C:\Program Files\dotnet\sdk\10.0.302\Sdks\Microsoft.NET.Sdk\targets\Microsoft.NET.Sdk.targets(1131,5): message :       ComputeIntermediateSatelliteAssemblies;
       C:\Program Files\dotnet\sdk\10.0.302\Sdks\Microsoft.NET.Sdk\targets\Microsoft.NET.Sdk.targets(1131,5): message :       GenerateSatelliteAssemblies
       C:\Program Files\dotnet\sdk\10.0.302\Sdks\Microsoft.NET.Sdk\targets\Microsoft.NET.Sdk.targets(1131,5): message :     ") at C:\Program Files\dotnet\sdk\10.0.302\Sdks\Microsoft.NET.Sdk\targets\Microsoft.NET.Sdk.targets (1131,5)
       C:\Program Files\dotnet\sdk\10.0.302\Sdks\Microsoft.SourceLink.GitLab\build\Microsoft.SourceLink.GitLab.targets(12,5): message : Property reassignment: $(SourceLinkUrlInitializerTargets)=";_InitializeGitHubSourceLinkUrl;_InitializeGitLabSourceLinkUrl" (previous value: ";_InitializeGitHubSourceLinkUrl") at C:\Program Files\dotnet\sdk\10.0.302\Sdks\Microsoft.SourceLink.GitLab\build\Microsoft.SourceLink.GitLab.targets (12,5)
       C:\Program Files\dotnet\sdk\10.0.302\Sdks\Microsoft.SourceLink.GitLab\build\Microsoft.SourceLink.GitLab.targets(13,5): message : Property reassignment: $(SourceControlManagerUrlTranslationTargets)=";TranslateGitHubUrlsInSourceControlInformation;TranslateGitLabUrlsInSourceControlInformation" (previous value: ";TranslateGitHubUrlsInSourceControlInformation") at C:\Program Files\dotnet\sdk\10.0.302\Sdks\Microsoft.SourceLink.GitLab\build\Microsoft.SourceLink.GitLab.targets (13,5)
       C:\Program Files\dotnet\sdk\10.0.302\Sdks\Microsoft.SourceLink.AzureRepos.Git\build\Microsoft.SourceLink.AzureRepos.Git.targets(12,5): message : Property reassignment: $(SourceLinkUrlInitializerTargets)=";_InitializeGitHubSourceLinkUrl;_InitializeGitLabSourceLinkUrl;_InitializeAzureReposGitSourceLinkUrl" (previous value: ";_InitializeGitHubSourceLinkUrl;_InitializeGitLabSourceLinkUrl") at C:\Program Files\dotnet\sdk\10.0.302\Sdks\Microsoft.SourceLink.AzureRepos.Git\build\Microsoft.SourceLink.AzureRepos.Git.targets (12,5)
       C:\Program Files\dotnet\sdk\10.0.302\Sdks\Microsoft.SourceLink.AzureRepos.Git\build\Microsoft.SourceLink.AzureRepos.Git.targets(13,5): message : Property reassignment: $(SourceControlManagerUrlTranslationTargets)=";TranslateGitHubUrlsInSourceControlInformation;TranslateGitLabUrlsInSourceControlInformation;TranslateAzureReposGitUrlsInSourceControlInformation" (previous value: ";TranslateGitHubUrlsInSourceControlInformation;TranslateGitLabUrlsInSourceControlInformation") at C:\Program Files\dotnet\sdk\10.0.302\Sdks\Microsoft.SourceLink.AzureRepos.Git\build\Microsoft.SourceLink.AzureRepos.Git.targets (13,5)
       C:\Program Files\dotnet\sdk\10.0.302\Sdks\Microsoft.SourceLink.Bitbucket.Git\build\Microsoft.SourceLink.Bitbucket.Git.targets(12,5): message : Property reassignment: $(SourceLinkUrlInitializerTargets)=";_InitializeGitHubSourceLinkUrl;_InitializeGitLabSourceLinkUrl;_InitializeAzureReposGitSourceLinkUrl;_InitializeBitbucketGitSourceLinkUrl" (previous value: ";_InitializeGitHubSourceLinkUrl;_InitializeGitLabSourceLinkUrl;_InitializeAzureReposGitSourceLinkUrl") at C:\Program Files\dotnet\sdk\10.0.302\Sdks\Microsoft.SourceLink.Bitbucket.Git\build\Microsoft.SourceLink.Bitbucket.Git.targets (12,5)
       C:\Program Files\dotnet\sdk\10.0.302\Sdks\Microsoft.SourceLink.Bitbucket.Git\build\Microsoft.SourceLink.Bitbucket.Git.targets(13,5): message : Property reassignment: $(SourceControlManagerUrlTranslationTargets)=";TranslateGitHubUrlsInSourceControlInformation;TranslateGitLabUrlsInSourceControlInformation;TranslateAzureReposGitUrlsInSourceControlInformation;TranslateBitbucketGitUrlsInSourceControlInformation" (previous value: ";TranslateGitHubUrlsInSourceControlInformation;TranslateGitLabUrlsInSourceControlInformation;TranslateAzureReposGitUrlsInSourceControlInformation") at C:\Program Files\dotnet\sdk\10.0.302\Sdks\Microsoft.SourceLink.Bitbucket.Git\build\Microsoft.SourceLink.Bitbucket.Git.targets (13,5)
       C:\Program Files\dotnet\sdk\10.0.302\Sdks\Microsoft.NET.Sdk\targets\Microsoft.NET.DesignerSupport.targets(21,5): message : Property reassignment: $(DesignerRuntimeImplementationProjectOutputGroupDependsOn)="
       C:\Program Files\dotnet\sdk\10.0.302\Sdks\Microsoft.NET.Sdk\targets\Microsoft.NET.DesignerSupport.targets(21,5): message :       
       C:\Program Files\dotnet\sdk\10.0.302\Sdks\Microsoft.NET.Sdk\targets\Microsoft.NET.DesignerSupport.targets(21,5): message :       ;
       C:\Program Files\dotnet\sdk\10.0.302\Sdks\Microsoft.NET.Sdk\targets\Microsoft.NET.DesignerSupport.targets(21,5): message :       
       C:\Program Files\dotnet\sdk\10.0.302\Sdks\Microsoft.NET.Sdk\targets\Microsoft.NET.DesignerSupport.targets(21,5): message :       ;
       C:\Program Files\dotnet\sdk\10.0.302\Sdks\Microsoft.NET.Sdk\targets\Microsoft.NET.DesignerSupport.targets(21,5): message :       BuildOnlySettings;
       C:\Program Files\dotnet\sdk\10.0.302\Sdks\Microsoft.NET.Sdk\targets\Microsoft.NET.DesignerSupport.targets(21,5): message :       PrepareForBuild;
       C:\Program Files\dotnet\sdk\10.0.302\Sdks\Microsoft.NET.Sdk\targets\Microsoft.NET.DesignerSupport.targets(21,5): message :       AssignTargetPaths;
       C:\Program Files\dotnet\sdk\10.0.302\Sdks\Microsoft.NET.Sdk\targets\Microsoft.NET.DesignerSupport.targets(21,5): message :       ResolveReferences
       C:\Program Files\dotnet\sdk\10.0.302\Sdks\Microsoft.NET.Sdk\targets\Microsoft.NET.DesignerSupport.targets(21,5): message :     
       C:\Program Files\dotnet\sdk\10.0.302\Sdks\Microsoft.NET.Sdk\targets\Microsoft.NET.DesignerSupport.targets(21,5): message :     ;
       C:\Program Files\dotnet\sdk\10.0.302\Sdks\Microsoft.NET.Sdk\targets\Microsoft.NET.DesignerSupport.targets(21,5): message :       _GenerateDesignerDepsFile;
       C:\Program Files\dotnet\sdk\10.0.302\Sdks\Microsoft.NET.Sdk\targets\Microsoft.NET.DesignerSupport.targets(21,5): message :       _GenerateDesignerRuntimeConfigFile;
       C:\Program Files\dotnet\sdk\10.0.302\Sdks\Microsoft.NET.Sdk\targets\Microsoft.NET.DesignerSupport.targets(21,5): message :       GetCopyToOutputDirectoryItems;
       C:\Program Files\dotnet\sdk\10.0.302\Sdks\Microsoft.NET.Sdk\targets\Microsoft.NET.DesignerSupport.targets(21,5): message :       _GatherDesignerShadowCopyFiles;
       C:\Program Files\dotnet\sdk\10.0.302\Sdks\Microsoft.NET.Sdk\targets\Microsoft.NET.DesignerSupport.targets(21,5): message :     " (previous value: "
       C:\Program Files\dotnet\sdk\10.0.302\Sdks\Microsoft.NET.Sdk\targets\Microsoft.NET.DesignerSupport.targets(21,5): message :       ;
       C:\Program Files\dotnet\sdk\10.0.302\Sdks\Microsoft.NET.Sdk\targets\Microsoft.NET.DesignerSupport.targets(21,5): message :       
       C:\Program Files\dotnet\sdk\10.0.302\Sdks\Microsoft.NET.Sdk\targets\Microsoft.NET.DesignerSupport.targets(21,5): message :       ;
       C:\Program Files\dotnet\sdk\10.0.302\Sdks\Microsoft.NET.Sdk\targets\Microsoft.NET.DesignerSupport.targets(21,5): message :       BuildOnlySettings;
       C:\Program Files\dotnet\sdk\10.0.302\Sdks\Microsoft.NET.Sdk\targets\Microsoft.NET.DesignerSupport.targets(21,5): message :       PrepareForBuild;
       C:\Program Files\dotnet\sdk\10.0.302\Sdks\Microsoft.NET.Sdk\targets\Microsoft.NET.DesignerSupport.targets(21,5): message :       AssignTargetPaths;
       C:\Program Files\dotnet\sdk\10.0.302\Sdks\Microsoft.NET.Sdk\targets\Microsoft.NET.DesignerSupport.targets(21,5): message :       ResolveReferences
       C:\Program Files\dotnet\sdk\10.0.302\Sdks\Microsoft.NET.Sdk\targets\Microsoft.NET.DesignerSupport.targets(21,5): message :     
       C:\Program Files\dotnet\sdk\10.0.302\Sdks\Microsoft.NET.Sdk\targets\Microsoft.NET.DesignerSupport.targets(21,5): message :     ") at C:\Program Files\dotnet\sdk\10.0.302\Sdks\Microsoft.NET.Sdk\targets\Microsoft.NET.DesignerSupport.targets (21,5)
       C:\Program Files\dotnet\sdk\10.0.302\Sdks\Microsoft.NET.Sdk\targets\Microsoft.NET.Sdk.CSharp.targets(31,5): message : Property reassignment: $(DefineConstants)="TRACE;MICROSOFT_WINDOWSAPPSDK_SELFCONTAINED;DEBUG" (previous value: "TRACE;MICROSOFT_WINDOWSAPPSDK_SELFCONTAINED") at C:\Program Files\dotnet\sdk\10.0.302\Sdks\Microsoft.NET.Sdk\targets\Microsoft.NET.Sdk.CSharp.targets (31,5)
       C:\Program Files\dotnet\sdk\10.0.302\Sdks\Microsoft.NET.Sdk\targets\Microsoft.NET.Sdk.CSharp.targets(45,5): message : Property reassignment: $(WarningsAsErrors)=";NU1605;SYSLIB0011" (previous value: ";NU1605") at C:\Program Files\dotnet\sdk\10.0.302\Sdks\Microsoft.NET.Sdk\targets\Microsoft.NET.Sdk.CSharp.targets (45,5)
       C:\Program Files\dotnet\sdk\10.0.302\Sdks\Microsoft.NET.Sdk\targets\Microsoft.NET.Windows.targets(239,5): message : Property reassignment: $(_RunCsWinRTGeneratorPropertyInputsCachePath)="C:\Users\quan\Documents\smart_fan_cooling_windows_app\obj\x64\Debug\net9.0-windows10.0.22621.0\win-x64\smart_fan_cooling_windows_app.cswinrtgen.cache" (previous value: "obj\x64\Debug\net9.0-windows10.0.22621.0\win-x64\smart_fan_cooling_windows_app.cswinrtgen.cache") at C:\Program Files\dotnet\sdk\10.0.302\Sdks\Microsoft.NET.Sdk\targets\Microsoft.NET.Windows.targets (239,5)
       C:\Program Files\dotnet\sdk\10.0.302\NuGet.Build.Tasks.Pack.targets(34,5): message : Property reassignment: $(PackageDescription)="Package Description" (previous value: "") at C:\Program Files\dotnet\sdk\10.0.302\NuGet.Build.Tasks.Pack.targets (34,5)
       C:\Program Files\dotnet\sdk\10.0.302\NuGet.Build.Tasks.Pack.targets(59,5): message : Property reassignment: $(GenerateNuspecDependsOn)="Build;_LoadPackInputItems; _GetTargetFrameworksOutput; _WalkEachTargetPerFramework; _GetPackageFiles; " (previous value: "_LoadPackInputItems; _GetTargetFrameworksOutput; _WalkEachTargetPerFramework; _GetPackageFiles; ") at C:\Program Files\dotnet\sdk\10.0.302\NuGet.Build.Tasks.Pack.targets (59,5)
       C:\Program Files\dotnet\sdk\10.0.302\Sdks\Microsoft.NET.Sdk\Sdk\Sdk.targets(59,5): message : Property reassignment: $(_IsNotSetContainersTargetsDir)="true" (previous value: "false") at C:\Program Files\dotnet\sdk\10.0.302\Sdks\Microsoft.NET.Sdk\Sdk\Sdk.targets (59,5)
       C:\Program Files\dotnet\sdk\10.0.302\Containers\build\Microsoft.NET.Build.Containers.targets(5,5): message : Property reassignment: $(_IsSDKContainerAllowedVersion)="true" (previous value: "false") at C:\Program Files\dotnet\sdk\10.0.302\Containers\build\Microsoft.NET.Build.Containers.targets (5,5)
       C:\Program Files\dotnet\sdk\10.0.302\Containers\build\Microsoft.NET.Build.Containers.targets(15,5): message : Property reassignment: $(_ContainerIsTargetingNet8TFM)="true" (previous value: "false") at C:\Program Files\dotnet\sdk\10.0.302\Containers\build\Microsoft.NET.Build.Containers.targets (15,5)
       Overriding target "GetPackagingOutputs" in project "C:\Program Files\dotnet\sdk\10.0.302\Microsoft.Common.CurrentVersion.targets" with target "GetPackagingOutputs" from project "C:\Users\quan\.nuget\packages\microsoft.windowsappsdk\1.6.241114003\buildTransitive\Microsoft.Build.Msix.Packaging.targets".
       Overriding target "_GetPackageArchitecture" in project "C:\Users\quan\.nuget\packages\microsoft.windowsappsdk\1.6.241114003\buildTransitive\Microsoft.Build.Msix.Packaging.targets" with target "_GetPackageArchitecture" from project "C:\Users\quan\.nuget\packages\microsoft.windowsappsdk\1.6.241114003\buildTransitive\Microsoft.Build.Msix.Packaging.targets".
       Overriding target "ResolveFrameworkReferences" in project "C:\Program Files\dotnet\sdk\10.0.302\Microsoft.Common.CurrentVersion.targets" with target "ResolveFrameworkReferences" from project "C:\Program Files\dotnet\sdk\10.0.302\Sdks\Microsoft.NET.Sdk\targets\Microsoft.NET.Sdk.FrameworkReferenceResolution.targets".
       Overriding target "GenerateSupportedTargetFrameworkAlias" in project "C:\Program Files\dotnet\sdk\10.0.302\Microsoft.Common.CurrentVersion.targets" with target "GenerateSupportedTargetFrameworkAlias" from project "C:\Program Files\dotnet\sdk\10.0.302\Sdks\Microsoft.NET.Sdk\targets\Microsoft.NET.Sdk.targets".
       Overriding target "GetReferenceAssemblyPaths" in project "C:\Program Files\dotnet\sdk\10.0.302\Microsoft.Common.CurrentVersion.targets" with target "GetReferenceAssemblyPaths" from project "C:\Program Files\dotnet\sdk\10.0.302\Sdks\Microsoft.NET.Sdk\targets\Microsoft.NET.DisableStandardFrameworkResolution.targets".
       Overriding target "GetFrameworkPaths" in project "C:\Program Files\dotnet\sdk\10.0.302\Microsoft.Common.CurrentVersion.targets" with target "GetFrameworkPaths" from project "C:\Program Files\dotnet\sdk\10.0.302\Sdks\Microsoft.NET.Sdk\targets\Microsoft.NET.DisableStandardFrameworkResolution.targets".
       Overriding target "DesignerRuntimeImplementationProjectOutputGroup" in project "C:\Program Files\dotnet\sdk\10.0.302\Microsoft.Common.CurrentVersion.targets" with target "DesignerRuntimeImplementationProjectOutputGroup" from project "C:\Program Files\dotnet\sdk\10.0.302\Sdks\Microsoft.NET.Sdk\targets\Microsoft.NET.DesignerSupport.targets".
       Overriding target "Publish" in project "C:\Program Files\dotnet\sdk\10.0.302\Microsoft.Common.CurrentVersion.targets" with target "Publish" from project "C:\Program Files\dotnet\sdk\10.0.302\Sdks\Microsoft.NET.Sdk\targets\Microsoft.NET.Publish.targets".
       Overriding target "ResolveReadyToRunCompilers" in project "C:\Program Files\dotnet\sdk\10.0.302\Sdks\Microsoft.NET.Sdk\targets\Microsoft.NET.CrossGen.targets" with target "ResolveReadyToRunCompilers" from project "C:\Program Files\dotnet\sdk\10.0.302\Sdks\Microsoft.NET.Sdk\targets\Microsoft.NET.Publish.targets".
       Overriding target "GetCopyToPublishDirectoryItems" in project "C:\Program Files\dotnet\sdk\10.0.302\Microsoft.Common.CurrentVersion.targets" with target "GetCopyToPublishDirectoryItems" from project "C:\Program Files\dotnet\sdk\10.0.302\Sdks\Microsoft.NET.Sdk\targets\Microsoft.NET.Publish.targets".
       Overriding target "Run" in project "C:\Program Files\dotnet\sdk\10.0.302\Microsoft.Common.CurrentVersion.targets" with target "Run" from project "C:\Program Files\dotnet\sdk\10.0.302\Sdks\Microsoft.NET.Sdk\targets\Microsoft.NET.Sdk.targets".
       The target "ResolveNuGetPackageAssets" listed in an AfterTargets attribute at "C:\Users\quan\.nuget\packages\microsoft.windowsappsdk\1.6.241114003\buildTransitive\Microsoft.WinUI.AppX.targets (56,51)" does not exist in the project, and will be ignored.
       The target "_ConvertItems" listed in a BeforeTargets attribute at "C:\Users\quan\.nuget\packages\microsoft.windowsappsdk\1.6.241114003\buildTransitive\Microsoft.WinUI.AppX.targets (112,7)" does not exist in the project, and will be ignored.
       The target "_ExpandProjectReferences" listed in an AfterTargets attribute at "C:\Users\quan\.nuget\packages\microsoft.windowsappsdk\1.6.241114003\buildTransitive\Microsoft.WinUI.AppX.targets (113,7)" does not exist in the project, and will be ignored.
       The target "ComputeLinkedFilesToPublish" listed in an AfterTargets attribute at "C:\Users\quan\.nuget\packages\microsoft.windowsappsdk\1.6.241114003\buildTransitive\Microsoft.Build.Msix.Packaging.targets (1516,99)" does not exist in the project, and will be ignored.
       The target "_ExpandProjectReferences" listed in an AfterTargets attribute at "C:\Users\quan\.nuget\packages\microsoft.windowsappsdk\1.6.241114003\buildTransitive\Microsoft.WindowsAppSDK.SelfContained.targets (123,60)" does not exist in the project, and will be ignored.
       The target "_ConvertItems" listed in a BeforeTargets attribute at "C:\Users\quan\.nuget\packages\microsoft.windowsappsdk\1.6.241114003\buildTransitive\Microsoft.WindowsAppSDK.SelfContained.targets (238,53)" does not exist in the project, and will be ignored.
       The target "ResolveVCRTForwarderReferences" listed in a BeforeTargets attribute at "C:\Users\quan\.nuget\packages\microsoft.windowsappsdk\1.6.241114003\buildTransitive\Microsoft.WindowsAppSDK.SelfContained.targets (263,9)" does not exist in the project, and will be ignored.
       The target "ClCompile" listed in a BeforeTargets attribute at "C:\Users\quan\.nuget\packages\microsoft.windowsappsdk\1.6.241114003\buildTransitive\Microsoft.WindowsAppSDK.SelfContained.targets (284,13)" does not exist in the project, and will be ignored.
       The target "ClCompile" listed in a BeforeTargets attribute at "C:\Users\quan\.nuget\packages\microsoft.windowsappsdk\1.6.241114003\buildTransitive\Microsoft.WindowsAppSDK.targets (20,11)" does not exist in the project, and will be ignored.
       The target "_ConvertItems" listed in a BeforeTargets attribute at "C:\Users\quan\.nuget\packages\microsoft.windowsappsdk\1.6.241114003\buildTransitive\Microsoft.WindowsAppSDK.targets (37,61)" does not exist in the project, and will be ignored.
       The target "_ResolveVCLibDependencies" listed in an AfterTargets attribute at "C:\Users\quan\.nuget\packages\microsoft.windowsappsdk\1.6.241114003\buildTransitive\Microsoft.WindowsAppSDK.targets (37,91)" does not exist in the project, and will be ignored.
       The target "ResolveNuGetPackageAssets" listed in an AfterTargets attribute at "C:\Users\quan\.nuget\packages\communitytoolkit.mvvm\8.3.2\buildTransitive\CommunityToolkit.Mvvm.SourceGenerators.targets (13,11)" does not exist in the project, and will be ignored.
       The target "ResolveNuGetPackageAssets" listed in an AfterTargets attribute at "C:\Users\quan\.nuget\packages\communitytoolkit.mvvm\8.3.2\buildTransitive\CommunityToolkit.Mvvm.SourceGenerators.targets (25,11)" does not exist in the project, and will be ignored.
       The target "ResolveNuGetPackageAssets" listed in an AfterTargets attribute at "C:\Users\quan\.nuget\packages\communitytoolkit.mvvm\8.3.2\buildTransitive\CommunityToolkit.Mvvm.SourceGenerators.targets (111,11)" does not exist in the project, and will be ignored.
   1:7>Project "C:\Users\quan\Documents\smart_fan_cooling_windows_app\smart_fan_cooling_windows_app.csproj" on node 1 (default targets).
   1:7>Target "_CollectTargetFrameworkForTelemetry" in file "C:\Program Files\dotnet\sdk\10.0.302\Sdks\Microsoft.NET.Sdk\targets\Microsoft.NET.TargetFrameworkInference.targets" from project "C:\Users\quan\Documents\smart_fan_cooling_windows_app\smart_fan_cooling_windows_app.csproj" (target "_CheckForInvalidConfigurationAndPlatform" depends on it):
   1:7>Using "AllowEmptyTelemetry" task from assembly "C:\Program Files\dotnet\sdk\10.0.302\Sdks\Microsoft.NET.Sdk\targets\..\tools\net10.0\Microsoft.NET.Build.Tasks.dll".
       Task "AllowEmptyTelemetry"
       Done executing task "AllowEmptyTelemetry".
   1:7>Done building target "_CollectTargetFrameworkForTelemetry" in project "smart_fan_cooling_windows_app.csproj".
   1:7>Target "_CheckForUnsupportedTargetPlatformIdentifier" in file "C:\Program Files\dotnet\sdk\10.0.302\Sdks\Microsoft.NET.Sdk\targets\Microsoft.NET.TargetFrameworkInference.targets" from project "C:\Users\quan\Documents\smart_fan_cooling_windows_app\smart_fan_cooling_windows_app.csproj" (target "_CheckForInvalidConfigurationAndPlatform" depends on it):
   1:7>Done building target "_CheckForUnsupportedTargetPlatformIdentifier" in project "smart_fan_cooling_windows_app.csproj".
   1:7>Target "_CheckForUnsupportedNETCoreVersion" in file "C:\Program Files\dotnet\sdk\10.0.302\Sdks\Microsoft.NET.Sdk\targets\Microsoft.NET.TargetFrameworkInference.targets" from project "C:\Users\quan\Documents\smart_fan_cooling_windows_app\smart_fan_cooling_windows_app.csproj" (target "_CheckForInvalidConfigurationAndPlatform" depends on it):
   1:7>Done building target "_CheckForUnsupportedNETCoreVersion" in project "smart_fan_cooling_windows_app.csproj".
   1:7>Target "_CheckForUnsupportedCppNETCoreVersion" in file "C:\Program Files\dotnet\sdk\10.0.302\Sdks\Microsoft.NET.Sdk\targets\Microsoft.NET.TargetFrameworkInference.targets" from project "C:\Users\quan\Documents\smart_fan_cooling_windows_app\smart_fan_cooling_windows_app.csproj" (target "_CheckForInvalidConfigurationAndPlatform" depends on it):
   1:7>Done building target "_CheckForUnsupportedCppNETCoreVersion" in project "smart_fan_cooling_windows_app.csproj".
   1:7>Target "_CheckForSupportedOSPlatformVersionHigherThanTargetPlatformVersion" in file "C:\Program Files\dotnet\sdk\10.0.302\Sdks\Microsoft.NET.Sdk\targets\Microsoft.NET.TargetFrameworkInference.targets" from project "C:\Users\quan\Documents\smart_fan_cooling_windows_app\smart_fan_cooling_windows_app.csproj" (target "_CheckForInvalidConfigurationAndPlatform" depends on it):
   1:7>Done building target "_CheckForSupportedOSPlatformVersionHigherThanTargetPlatformVersion" in project "smart_fan_cooling_windows_app.csproj".
   1:7>Target "_NormalizeTargetPlatformVersion" in file "C:\Program Files\dotnet\sdk\10.0.302\Sdks\Microsoft.NET.Sdk\targets\Microsoft.NET.TargetFrameworkInference.targets" from project "C:\Users\quan\Documents\smart_fan_cooling_windows_app\smart_fan_cooling_windows_app.csproj" (target "_CheckForInvalidTargetPlatformVersion" depends on it):
   1:7>Done building target "_NormalizeTargetPlatformVersion" in project "smart_fan_cooling_windows_app.csproj".
   1:7>Target "_CheckForInvalidTargetPlatformVersion" in file "C:\Program Files\dotnet\sdk\10.0.302\Sdks\Microsoft.NET.Sdk\targets\Microsoft.NET.TargetFrameworkInference.targets" from project "C:\Users\quan\Documents\smart_fan_cooling_windows_app\smart_fan_cooling_windows_app.csproj" (target "_CheckForInvalidConfigurationAndPlatform" depends on it):
   1:7>Done building target "_CheckForInvalidTargetPlatformVersion" in project "smart_fan_cooling_windows_app.csproj".
   1:7>Target "_CheckForUnsupportedArtifactsPath" in file "C:\Program Files\dotnet\sdk\10.0.302\Sdks\Microsoft.NET.Sdk\targets\Microsoft.NET.DefaultOutputPaths.targets" from project "C:\Users\quan\Documents\smart_fan_cooling_windows_app\smart_fan_cooling_windows_app.csproj" (target "_CheckForInvalidConfigurationAndPlatform" depends on it):
   1:7>Done building target "_CheckForUnsupportedArtifactsPath" in project "smart_fan_cooling_windows_app.csproj".
   1:7>Target "_CheckRIDAsserts" in file "C:\Program Files\dotnet\sdk\10.0.302\Sdks\Microsoft.NET.Sdk\targets\Microsoft.NET.RuntimeIdentifierInference.targets" from project "C:\Users\quan\Documents\smart_fan_cooling_windows_app\smart_fan_cooling_windows_app.csproj" (target "_CheckForUnsupportedAppHostUsage" depends on it):
   1:7>Done building target "_CheckRIDAsserts" in project "smart_fan_cooling_windows_app.csproj".
   1:7>Target "_CheckForUnsupportedAppHostUsage" in file "C:\Program Files\dotnet\sdk\10.0.302\Sdks\Microsoft.NET.Sdk\targets\Microsoft.NET.RuntimeIdentifierInference.targets" from project "C:\Users\quan\Documents\smart_fan_cooling_windows_app\smart_fan_cooling_windows_app.csproj" (target "_CheckForInvalidConfigurationAndPlatform" depends on it):
   1:7>Done building target "_CheckForUnsupportedAppHostUsage" in project "smart_fan_cooling_windows_app.csproj".
   1:7>Target "_CheckForUnsupportedHostingUsage" in file "C:\Program Files\dotnet\sdk\10.0.302\Sdks\Microsoft.NET.Sdk\targets\Microsoft.NET.RuntimeIdentifierInference.targets" from project "C:\Users\quan\Documents\smart_fan_cooling_windows_app\smart_fan_cooling_windows_app.csproj" (target "_CheckForInvalidConfigurationAndPlatform" depends on it):
   1:7>Done building target "_CheckForUnsupportedHostingUsage" in project "smart_fan_cooling_windows_app.csproj".
   1:7>Target "_CheckAndUnsetUnsupportedPrefer32Bit" in file "C:\Program Files\dotnet\sdk\10.0.302\Sdks\Microsoft.NET.Sdk\targets\Microsoft.NET.RuntimeIdentifierInference.targets" from project "C:\Users\quan\Documents\smart_fan_cooling_windows_app\smart_fan_cooling_windows_app.csproj" (target "_CheckForInvalidConfigurationAndPlatform" depends on it):
   1:7>Done building target "_CheckAndUnsetUnsupportedPrefer32Bit" in project "smart_fan_cooling_windows_app.csproj".
   1:7>Target "_CheckForMismatchingPlatform" in file "C:\Program Files\dotnet\sdk\10.0.302\Sdks\Microsoft.NET.Sdk\targets\Microsoft.NET.RuntimeIdentifierInference.targets" from project "C:\Users\quan\Documents\smart_fan_cooling_windows_app\smart_fan_cooling_windows_app.csproj" (target "_CheckForInvalidConfigurationAndPlatform" depends on it):
   1:7>Done building target "_CheckForMismatchingPlatform" in project "smart_fan_cooling_windows_app.csproj".
   1:7>Target "_CheckForLanguageAndFeatureCombinationSupport" in file "C:\Program Files\dotnet\sdk\10.0.302\Sdks\Microsoft.NET.Sdk\targets\Microsoft.NET.RuntimeIdentifierInference.targets" from project "C:\Users\quan\Documents\smart_fan_cooling_windows_app\smart_fan_cooling_windows_app.csproj" (target "_CheckForInvalidConfigurationAndPlatform" depends on it):
   1:7>Done building target "_CheckForLanguageAndFeatureCombinationSupport" in project "smart_fan_cooling_windows_app.csproj".
   1:7>Target "UpdateAspNetToFrameworkReference" in file "C:\Program Files\dotnet\sdk\10.0.302\Sdks\Microsoft.NET.Sdk\targets\Microsoft.NET.Sdk.DefaultItems.Shared.targets" from project "C:\Users\quan\Documents\smart_fan_cooling_windows_app\smart_fan_cooling_windows_app.csproj" (target "ApplyImplicitVersions" depends on it):
       Using "CheckIfPackageReferenceShouldBeFrameworkReference" task from assembly "C:\Program Files\dotnet\sdk\10.0.302\Sdks\Microsoft.NET.Sdk\targets\..\tools\net10.0\Microsoft.NET.Build.Tasks.dll".
       Task "CheckIfPackageReferenceShouldBeFrameworkReference"
       Done executing task "CheckIfPackageReferenceShouldBeFrameworkReference".
       Task "CheckIfPackageReferenceShouldBeFrameworkReference"
       Done executing task "CheckIfPackageReferenceShouldBeFrameworkReference".
   1:7>Done building target "UpdateAspNetToFrameworkReference" in project "smart_fan_cooling_windows_app.csproj".
   1:7>Target "CheckForImplicitPackageReferenceOverrides" in file "C:\Program Files\dotnet\sdk\10.0.302\Sdks\Microsoft.NET.Sdk\targets\Microsoft.NET.Sdk.DefaultItems.Shared.targets" from project "C:\Users\quan\Documents\smart_fan_cooling_windows_app\smart_fan_cooling_windows_app.csproj" (target "ApplyImplicitVersions" depends on it):
       Using "CheckForImplicitPackageReferenceOverrides" task from assembly "C:\Program Files\dotnet\sdk\10.0.302\Sdks\Microsoft.NET.Sdk\targets\..\tools\net10.0\Microsoft.NET.Build.Tasks.dll".
       Task "CheckForImplicitPackageReferenceOverrides"
       Done executing task "CheckForImplicitPackageReferenceOverrides".
   1:7>Done building target "CheckForImplicitPackageReferenceOverrides" in project "smart_fan_cooling_windows_app.csproj".
   1:7>Target "ApplyImplicitVersions" in file "C:\Program Files\dotnet\sdk\10.0.302\Sdks\Microsoft.NET.Sdk\targets\Microsoft.NET.Sdk.DefaultItems.Shared.targets" from project "C:\Users\quan\Documents\smart_fan_cooling_windows_app\smart_fan_cooling_windows_app.csproj" (target "CollectPackageReferences" depends on it):
       Using "ApplyImplicitVersions" task from assembly "C:\Program Files\dotnet\sdk\10.0.302\Sdks\Microsoft.NET.Sdk\targets\..\tools\net10.0\Microsoft.NET.Build.Tasks.dll".
       Task "ApplyImplicitVersions"
       Done executing task "ApplyImplicitVersions".
   1:7>Done building target "ApplyImplicitVersions" in project "smart_fan_cooling_windows_app.csproj".
       Target "CheckForImplicitPackageReferenceOverrides" skipped. Previously built successfully.
   1:7>Target "AddWindowsSdkKnownFrameworkReferences" in file "C:\Program Files\dotnet\sdk\10.0.302\Sdks\Microsoft.NET.Sdk\targets\Microsoft.NET.Sdk.FrameworkReferenceResolution.targets" from project "C:\Users\quan\Documents\smart_fan_cooling_windows_app\smart_fan_cooling_windows_app.csproj" (target "ProcessFrameworkReferences" depends on it):
       Using "CreateWindowsSdkKnownFrameworkReferences" task from assembly "C:\Program Files\dotnet\sdk\10.0.302\Sdks\Microsoft.NET.Sdk\targets\..\tools\net10.0\Microsoft.NET.Build.Tasks.dll".
       Task "CreateWindowsSdkKnownFrameworkReferences"
       Done executing task "CreateWindowsSdkKnownFrameworkReferences".
   1:7>Done building target "AddWindowsSdkKnownFrameworkReferences" in project "smart_fan_cooling_windows_app.csproj".
   1:7>Target "_ComputeToolPackInputsToProcessFrameworkReferences" in file "C:\Program Files\dotnet\sdk\10.0.302\Sdks\Microsoft.NET.Sdk\targets\Microsoft.NET.Publish.targets" from project "C:\Users\quan\Documents\smart_fan_cooling_windows_app\smart_fan_cooling_windows_app.csproj" (target "ProcessFrameworkReferences" depends on it):
   1:7>Done building target "_ComputeToolPackInputsToProcessFrameworkReferences" in project "smart_fan_cooling_windows_app.csproj".
   1:7>Target "ProcessFrameworkReferences" in file "C:\Program Files\dotnet\sdk\10.0.302\Sdks\Microsoft.NET.Sdk\targets\Microsoft.NET.Sdk.FrameworkReferenceResolution.targets" from project "C:\Users\quan\Documents\smart_fan_cooling_windows_app\smart_fan_cooling_windows_app.csproj" (target "CollectPackageReferences" depends on it):
       Using "CheckForDuplicateFrameworkReferences" task from assembly "C:\Program Files\dotnet\sdk\10.0.302\Sdks\Microsoft.NET.Sdk\targets\..\tools\net10.0\Microsoft.NET.Build.Tasks.dll".
       Task "CheckForDuplicateFrameworkReferences"
       Done executing task "CheckForDuplicateFrameworkReferences".
       Using "ProcessFrameworkReferences" task from assembly "C:\Program Files\dotnet\sdk\10.0.302\Sdks\Microsoft.NET.Sdk\targets\..\tools\net10.0\Microsoft.NET.Build.Tasks.dll".
       Task "ProcessFrameworkReferences"
         Found 2 known framework references for target framework .NETCoreApp
         Found 6 known runtime packs for target framework .NETCoreApp
         Selected Microsoft.NETCore.App with RIDs 'linux-arm;linux-arm64;linux-musl-arm64;linux-musl-x64;linux-x64;osx-x64;tizen.4.0.0-armel;tizen.5.0.0-armel;win-arm64;win-x64;win-x86;linux-musl-arm;osx-arm64;linux-s390x;linux-loongarch64;linux-bionic-arm;linux-bionic-arm64;linux-bionic-x64;linux-bionic-x86;linux-ppc64le;freebsd-x64;freebsd-arm64;linux-riscv64;linux-musl-riscv64;linux-musl-loongarch64'
         Selected targeting pack 'Microsoft.NETCore.App@9.0.18'
         Added runtime framework 'Microsoft.NETCore.App@9.0.0'
         Selected Microsoft.WindowsDesktop.App with RIDs 'win-x64;win-x86;win-arm64'
         Selected targeting pack 'Microsoft.WindowsDesktop.App@9.0.18'
         Added runtime framework 'Microsoft.WindowsDesktop.App@9.0.0'
         Selected Microsoft.WindowsDesktop.App with RIDs 'win-x64;win-x86;win-arm64'
         Selected targeting pack 'Microsoft.WindowsDesktop.App.WPF@9.0.18'
         Added runtime framework 'Microsoft.WindowsDesktop.App@9.0.0'
         Selected Microsoft.WindowsDesktop.App with RIDs 'win-x64;win-x86;win-arm64'
         Selected targeting pack 'Microsoft.WindowsDesktop.App.WindowsForms@9.0.18'
         Added runtime framework 'Microsoft.WindowsDesktop.App@9.0.0'
         Selected Microsoft.AspNetCore.App with RIDs 'win-x64;win-x86;osx-x64;linux-musl-x64;linux-musl-arm64;linux-x64;linux-arm;linux-arm64;linux-musl-arm;win-arm64;osx-arm64;linux-s390x;linux-loongarch64;linux-ppc64le;freebsd-x64;freebsd-arm64;linux-riscv64;linux-musl-riscv64;linux-loongarch64;linux-musl-loongarch64'
         Selected targeting pack 'Microsoft.AspNetCore.App@9.0.18'
         Added runtime framework 'Microsoft.AspNetCore.App@9.0.0'
         Selected Microsoft.Windows.SDK.NET.Ref with RIDs 'any'
         Selected targeting pack 'Microsoft.Windows.SDK.NET.Ref@10.0.22621.57'
         Finding best RID match for pack Microsoft.Windows.SDK.NET.Ref@10.0.22621.57 for target RID 'win-x64' from 'any' excluding ''
         Selected Microsoft.Windows.SDK.NET.Ref with RIDs 'any'
         Selected targeting pack 'Microsoft.Windows.SDK.NET.Ref.Windows@10.0.22621.57'
         Finding best RID match for pack Microsoft.Windows.SDK.NET.Ref.Windows@10.0.22621.57 for target RID 'win-x64' from 'any' excluding ''
         Selected Microsoft.Windows.SDK.NET.Ref with RIDs 'any'
         Selected targeting pack 'Microsoft.Windows.SDK.NET.Ref.Xaml@10.0.22621.57'
         Finding best RID match for pack Microsoft.Windows.SDK.NET.Ref.Xaml@10.0.22621.57 for target RID 'win-x64' from 'any' excluding ''
         Selected Microsoft.Windows.SDK.NET.Ref with RIDs 'any'
         Selected targeting pack 'Microsoft.Windows.SDK.NET.Ref.CsWinRT3.Windows@10.0.22621.57'
         Finding best RID match for pack Microsoft.Windows.SDK.NET.Ref.CsWinRT3.Windows@10.0.22621.57 for target RID 'win-x64' from 'any' excluding ''
         Selected Microsoft.Windows.SDK.NET.Ref with RIDs 'any'
         Selected targeting pack 'Microsoft.Windows.SDK.NET.Ref.CsWinRT3.Xaml@10.0.22621.57'
         Finding best RID match for pack Microsoft.Windows.SDK.NET.Ref.CsWinRT3.Xaml@10.0.22621.57 for target RID 'win-x64' from 'any' excluding ''
       Done executing task "ProcessFrameworkReferences".
       Using "ResolveAppHosts" task from assembly "C:\Program Files\dotnet\sdk\10.0.302\Sdks\Microsoft.NET.Sdk\targets\..\tools\net10.0\Microsoft.NET.Build.Tasks.dll".
       Task "ResolveAppHosts"
       Done executing task "ResolveAppHosts".
   1:7>Done building target "ProcessFrameworkReferences" in project "smart_fan_cooling_windows_app.csproj".
   1:7>Target "_CheckForObsoleteDotNetCliToolReferences" in file "C:\Program Files\dotnet\sdk\10.0.302\Sdks\Microsoft.NET.Sdk\targets\Microsoft.NET.ObsoleteReferences.targets" from project "C:\Users\quan\Documents\smart_fan_cooling_windows_app\smart_fan_cooling_windows_app.csproj" (target "CollectPackageReferences" depends on it):
   1:7>Done building target "_CheckForObsoleteDotNetCliToolReferences" in project "smart_fan_cooling_windows_app.csproj".
   1:7>Target "CollectPackageReferences" in file "C:\Program Files\dotnet\sdk\10.0.302\NuGet.targets" from project "C:\Users\quan\Documents\smart_fan_cooling_windows_app\smart_fan_cooling_windows_app.csproj" (target "_GetRestoreProjectStyle" depends on it):
       Using "CheckForDuplicateNuGetItemsTask" task from assembly "C:\Program Files\dotnet\sdk\10.0.302\NuGet.Build.Tasks.dll".
       Task "CheckForDuplicateNuGetItemsTask"
       Done executing task "CheckForDuplicateNuGetItemsTask".
   1:7>Done building target "CollectPackageReferences" in project "smart_fan_cooling_windows_app.csproj".
   1:7>Target "_GetRestoreProjectStyle" in file "C:\Program Files\dotnet\sdk\10.0.302\NuGet.targets" from project "C:\Users\quan\Documents\smart_fan_cooling_windows_app\smart_fan_cooling_windows_app.csproj" (target "EnableIntermediateOutputPathMismatchWarning" depends on it):
       Using "GetRestoreProjectStyleTask" task from assembly "C:\Program Files\dotnet\sdk\10.0.302\NuGet.Build.Tasks.dll".
       Task "GetRestoreProjectStyleTask"
       Done executing task "GetRestoreProjectStyleTask".
   1:7>Done building target "_GetRestoreProjectStyle" in project "smart_fan_cooling_windows_app.csproj".
   1:7>Target "EnableIntermediateOutputPathMismatchWarning" in file "C:\Program Files\dotnet\sdk\10.0.302\NuGet.targets" from project "C:\Users\quan\Documents\smart_fan_cooling_windows_app\smart_fan_cooling_windows_app.csproj" (target "_CheckForInvalidConfigurationAndPlatform" depends on it):
   1:7>Done building target "EnableIntermediateOutputPathMismatchWarning" in project "smart_fan_cooling_windows_app.csproj".
   1:7>Target "CheckForDuplicateItems" in file "C:\Program Files\dotnet\sdk\10.0.302\Sdks\Microsoft.NET.Sdk\targets\Microsoft.NET.Sdk.DefaultItems.Shared.targets" from project "C:\Users\quan\Documents\smart_fan_cooling_windows_app\smart_fan_cooling_windows_app.csproj" (target "CheckForDuplicatePageItems" depends on it):
       Using "CheckForDuplicateItems" task from assembly "C:\Program Files\dotnet\sdk\10.0.302\Sdks\Microsoft.NET.Sdk\targets\..\tools\net10.0\Microsoft.NET.Build.Tasks.dll".
       Task "CheckForDuplicateItems"
       Done executing task "CheckForDuplicateItems".
       Task "CheckForDuplicateItems"
       Done executing task "CheckForDuplicateItems".
       Task "CheckForDuplicateItems"
       Done executing task "CheckForDuplicateItems".
   1:7>Done building target "CheckForDuplicateItems" in project "smart_fan_cooling_windows_app.csproj".
   1:7>Target "CheckForDuplicatePageItems" in file "C:\Users\quan\.nuget\packages\microsoft.windowsappsdk\1.6.241114003\buildTransitive\Microsoft.WinUI.targets" from project "C:\Users\quan\Documents\smart_fan_cooling_windows_app\smart_fan_cooling_windows_app.csproj" (target "_CheckForInvalidConfigurationAndPlatform" depends on it):
       Task "CheckForDuplicateItems"
       Done executing task "CheckForDuplicateItems".
   1:7>Done building target "CheckForDuplicatePageItems" in project "smart_fan_cooling_windows_app.csproj".
   1:7>Target "CheckForInvalidUseUwpWinAppSDKOptions" in file "C:\Users\quan\.nuget\packages\microsoft.windowsappsdk\1.6.241114003\buildTransitive\Microsoft.WinUI.targets" from project "C:\Users\quan\Documents\smart_fan_cooling_windows_app\smart_fan_cooling_windows_app.csproj" (target "_CheckForInvalidConfigurationAndPlatform" depends on it):
   1:7>Done building target "CheckForInvalidUseUwpWinAppSDKOptions" in project "smart_fan_cooling_windows_app.csproj".
   1:7>Target "CheckForInvalidCustomBeforeMicrosoftCommonTargets" in file "C:\Users\quan\.nuget\packages\microsoft.windowsappsdk\1.6.241114003\buildTransitive\Microsoft.WinUI.targets" from project "C:\Users\quan\Documents\smart_fan_cooling_windows_app\smart_fan_cooling_windows_app.csproj" (target "_CheckForInvalidConfigurationAndPlatform" depends on it):
   1:7>Done building target "CheckForInvalidCustomBeforeMicrosoftCommonTargets" in project "smart_fan_cooling_windows_app.csproj".
       Target "CheckForDuplicateItems" skipped. Previously built successfully.
   1:7>Target "CheckForDuplicatePriItems" in file "C:\Users\quan\.nuget\packages\microsoft.windowsappsdk\1.6.241114003\buildTransitive\Microsoft.Build.Msix.Pri.targets" from project "C:\Users\quan\Documents\smart_fan_cooling_windows_app\smart_fan_cooling_windows_app.csproj" (target "_CheckForInvalidConfigurationAndPlatform" depends on it):
       Task "CheckForDuplicateItems"
       Done executing task "CheckForDuplicateItems".
   1:7>Done building target "CheckForDuplicatePriItems" in project "smart_fan_cooling_windows_app.csproj".
       Target "ApplyImplicitVersions" skipped. Previously built successfully.
       Target "CheckForImplicitPackageReferenceOverrides" skipped. Previously built successfully.
       Target "CheckForDuplicateItems" skipped. Previously built successfully.
       Target "ProcessFrameworkReferences" skipped. Previously built successfully.
   1:7>Target "_CheckForInvalidConfigurationAndPlatform" in file "C:\Program Files\dotnet\sdk\10.0.302\Microsoft.Common.CurrentVersion.targets" from project "C:\Users\quan\Documents\smart_fan_cooling_windows_app\smart_fan_cooling_windows_app.csproj" (target "BeforeBuild" depends on it):
       Task "Message"
         Configuration=Debug
       Done executing task "Message".
       Task "Message"
         Platform=x64
       Done executing task "Message".
   1:7>Done building target "_CheckForInvalidConfigurationAndPlatform" in project "smart_fan_cooling_windows_app.csproj".
   1:7>Target "ValidateCommandLineProperties" in file "C:\Program Files\dotnet\sdk\10.0.302\Sdks\Microsoft.NET.Sdk\targets\Microsoft.NET.Sdk.targets" from project "C:\Users\quan\Documents\smart_fan_cooling_windows_app\smart_fan_cooling_windows_app.csproj" (target "BeforeBuild" depends on it):
   1:7>Done building target "ValidateCommandLineProperties" in project "smart_fan_cooling_windows_app.csproj".
   1:7>Target "BeforeBuild" in file "C:\Program Files\dotnet\sdk\10.0.302\Microsoft.Common.CurrentVersion.targets" from project "C:\Users\quan\Documents\smart_fan_cooling_windows_app\smart_fan_cooling_windows_app.csproj" (target "Build" depends on it):
   1:7>Done building target "BeforeBuild" in project "smart_fan_cooling_windows_app.csproj".
   1:7>Target "BuildOnlySettings" in file "C:\Program Files\dotnet\sdk\10.0.302\Microsoft.Common.CurrentVersion.targets" from project "C:\Users\quan\Documents\smart_fan_cooling_windows_app\smart_fan_cooling_windows_app.csproj" (target "CoreBuild" depends on it):
       C:\Program Files\dotnet\sdk\10.0.302\Microsoft.Common.CurrentVersion.targets(1168,7): message : Property reassignment: $(BuildingProject)="true" (previous value: "false") at C:\Program Files\dotnet\sdk\10.0.302\Microsoft.Common.CurrentVersion.targets (1168,7) [C:\Users\quan\Documents\smart_fan_cooling_windows_app\smart_fan_cooling_windows_app.csproj]
   1:7>Done building target "BuildOnlySettings" in project "smart_fan_cooling_windows_app.csproj".
   1:7>Target "GetFrameworkPaths" in file "C:\Program Files\dotnet\sdk\10.0.302\Sdks\Microsoft.NET.Sdk\targets\Microsoft.NET.DisableStandardFrameworkResolution.targets" from project "C:\Users\quan\Documents\smart_fan_cooling_windows_app\smart_fan_cooling_windows_app.csproj" (target "PrepareForBuild" depends on it):
   1:7>Done building target "GetFrameworkPaths" in project "smart_fan_cooling_windows_app.csproj".
   1:7>Target "GetReferenceAssemblyPaths" in file "C:\Program Files\dotnet\sdk\10.0.302\Sdks\Microsoft.NET.Sdk\targets\Microsoft.NET.DisableStandardFrameworkResolution.targets" from project "C:\Users\quan\Documents\smart_fan_cooling_windows_app\smart_fan_cooling_windows_app.csproj" (target "PrepareForBuild" depends on it):
   1:7>Done building target "GetReferenceAssemblyPaths" in project "smart_fan_cooling_windows_app.csproj".
   1:7>Target "_ValidateWindowsPackageType" in file "C:\Users\quan\.nuget\packages\microsoft.windowsappsdk\1.6.241114003\buildTransitive\Microsoft.Build.Msix.Packaging.targets" from project "C:\Users\quan\Documents\smart_fan_cooling_windows_app\smart_fan_cooling_windows_app.csproj" (target "PrepareForBuild" depends on it):
   1:7>Done building target "_ValidateWindowsPackageType" in project "smart_fan_cooling_windows_app.csproj".
   1:7>Target "_CalculatePrepareMsixPackage" in file "C:\Users\quan\.nuget\packages\microsoft.windowsappsdk\1.6.241114003\buildTransitive\Microsoft.Build.Msix.Packaging.targets" from project "C:\Users\quan\Documents\smart_fan_cooling_windows_app\smart_fan_cooling_windows_app.csproj" (target "PrepareForBuild" depends on it):
   1:7>Done building target "_CalculatePrepareMsixPackage" in project "smart_fan_cooling_windows_app.csproj".
   1:7>Target "PrepareForBuild" in file "C:\Program Files\dotnet\sdk\10.0.302\Microsoft.Common.CurrentVersion.targets" from project "C:\Users\quan\Documents\smart_fan_cooling_windows_app\smart_fan_cooling_windows_app.csproj" (target "CoreBuild" depends on it):
       Using "FindAppConfigFile" task from assembly "Microsoft.Build.Tasks.Core, Version=15.1.0.0, Culture=neutral, PublicKeyToken=b03f5f7f11d50a3a".
       Task "FindAppConfigFile"
       Done executing task "FindAppConfigFile".
       Using "MakeDir" task from assembly "Microsoft.Build.Tasks.Core, Version=15.1.0.0, Culture=neutral, PublicKeyToken=b03f5f7f11d50a3a".
       Task "MakeDir"
       Done executing task "MakeDir".
   1:7>Done building target "PrepareForBuild" in project "smart_fan_cooling_windows_app.csproj".
   1:7>Target "GenerateTargetFrameworkDefineConstants" in file "C:\Program Files\dotnet\sdk\10.0.302\Sdks\Microsoft.NET.Sdk\targets\Microsoft.NET.Sdk.BeforeCommon.targets" from project "C:\Users\quan\Documents\smart_fan_cooling_windows_app\smart_fan_cooling_windows_app.csproj" (target "AddImplicitDefineConstants" depends on it):
   1:7>Done building target "GenerateTargetFrameworkDefineConstants" in project "smart_fan_cooling_windows_app.csproj".
   1:7>Target "GenerateTargetPlatformDefineConstants" in file "C:\Program Files\dotnet\sdk\10.0.302\Sdks\Microsoft.NET.Sdk\targets\Microsoft.NET.Sdk.BeforeCommon.targets" from project "C:\Users\quan\Documents\smart_fan_cooling_windows_app\smart_fan_cooling_windows_app.csproj" (target "AddImplicitDefineConstants" depends on it):
   1:7>Done building target "GenerateTargetPlatformDefineConstants" in project "smart_fan_cooling_windows_app.csproj".
   1:7>Target "GenerateNETCompatibleDefineConstants" in file "C:\Program Files\dotnet\sdk\10.0.302\Sdks\Microsoft.NET.Sdk\targets\Microsoft.NET.Sdk.BeforeCommon.targets" from project "C:\Users\quan\Documents\smart_fan_cooling_windows_app\smart_fan_cooling_windows_app.csproj" (target "AddImplicitDefineConstants" depends on it):
   1:7>Done building target "GenerateNETCompatibleDefineConstants" in project "smart_fan_cooling_windows_app.csproj".
   1:7>Target "GeneratePlatformCompatibleDefineConstants" in file "C:\Program Files\dotnet\sdk\10.0.302\Sdks\Microsoft.NET.Sdk\targets\Microsoft.NET.Sdk.BeforeCommon.targets" from project "C:\Users\quan\Documents\smart_fan_cooling_windows_app\smart_fan_cooling_windows_app.csproj" (target "AddImplicitDefineConstants" depends on it):
   1:7>Done building target "GeneratePlatformCompatibleDefineConstants" in project "smart_fan_cooling_windows_app.csproj".
   1:7>Target "AddImplicitDefineConstants" in file "C:\Program Files\dotnet\sdk\10.0.302\Sdks\Microsoft.NET.Sdk\targets\Microsoft.NET.Sdk.BeforeCommon.targets" from project "C:\Users\quan\Documents\smart_fan_cooling_windows_app\smart_fan_cooling_windows_app.csproj" (target "CoreBuild" depends on it):
       C:\Program Files\dotnet\sdk\10.0.302\Sdks\Microsoft.NET.Sdk\targets\Microsoft.NET.Sdk.BeforeCommon.targets(295,7): message : Property reassignment: $(DefineConstants)="TRACE;MICROSOFT_WINDOWSAPPSDK_SELFCONTAINED;DEBUG;NET;NET9_0;NETCOREAPP;WINDOWS;WINDOWS10_0_22621_0;NET5_0_OR_GREATER;NET6_0_OR_GREATER;NET7_0_OR_GREATER;NET8_0_OR_GREATER;NET9_0_OR_GREATER;NETCOREAPP1_0_OR_GREATER;NETCOREAPP1_1_OR_GREATER;NETCOREAPP2_0_OR_GREATER;NETCOREAPP2_1_OR_GREATER;NETCOREAPP2_2_OR_GREATER;NETCOREAPP3_0_OR_GREATER;NETCOREAPP3_1_OR_GREATER;WINDOWS10_0_22621_0_OR_GREATER;WINDOWS10_0_22000_0_OR_GREATER;WINDOWS10_0_20348_0_OR_GREATER;WINDOWS10_0_19041_0_OR_GREATER;WINDOWS10_0_18362_0_OR_GREATER;WINDOWS10_0_17763_0_OR_GREATER;WINDOWS8_0_OR_GREATER;WINDOWS7_0_OR_GREATER" (previous value: "TRACE;MICROSOFT_WINDOWSAPPSDK_SELFCONTAINED;DEBUG") at C:\Program Files\dotnet\sdk\10.0.302\Sdks\Microsoft.NET.Sdk\targets\Microsoft.NET.Sdk.BeforeCommon.targets (295,7) [C:\Users\quan\Documents\smart_fan_cooling_windows_app\smart_fan_cooling_windows_app.csproj]
   1:7>Done building target "AddImplicitDefineConstants" in project "smart_fan_cooling_windows_app.csproj".
   1:7>Target "GenerateGlobalUsings" in file "C:\Program Files\dotnet\sdk\10.0.302\Sdks\Microsoft.NET.Sdk\targets\Microsoft.NET.GenerateGlobalUsings.targets" from project "C:\Users\quan\Documents\smart_fan_cooling_windows_app\smart_fan_cooling_windows_app.csproj" (target "CoreBuild" depends on it):
       Using "GenerateGlobalUsings" task from assembly "C:\Program Files\dotnet\sdk\10.0.302\Sdks\Microsoft.NET.Sdk\targets\..\tools\net10.0\Microsoft.NET.Build.Tasks.dll".
       Task "GenerateGlobalUsings"
       Done executing task "GenerateGlobalUsings".
       Using "WriteLinesToFile" task from assembly "Microsoft.Build.Tasks.Core, Version=15.1.0.0, Culture=neutral, PublicKeyToken=b03f5f7f11d50a3a".
       Task "WriteLinesToFile"
         Skipping write to file "obj\x64\Debug\net9.0-windows10.0.22621.0\win-x64\smart_fan_cooling_windows_app.GlobalUsings.g.cs" because content would not change.
       Done executing task "WriteLinesToFile".
   1:7>Done building target "GenerateGlobalUsings" in project "smart_fan_cooling_windows_app.csproj".
   1:7>Target "BeforeResolveReferences" in file "C:\Program Files\dotnet\sdk\10.0.302\Microsoft.Common.CurrentVersion.targets" from project "C:\Users\quan\Documents\smart_fan_cooling_windows_app\smart_fan_cooling_windows_app.csproj" (target "ResolveReferences" depends on it):
   1:7>Done building target "BeforeResolveReferences" in project "smart_fan_cooling_windows_app.csproj".
   1:7>Target "IgnoreJavaScriptOutputAssembly" in file "C:\Program Files\dotnet\sdk\10.0.302\Microsoft.Common.CurrentVersion.targets" from project "C:\Users\quan\Documents\smart_fan_cooling_windows_app\smart_fan_cooling_windows_app.csproj" (target "AssignProjectConfiguration" depends on it):
   1:7>Done building target "IgnoreJavaScriptOutputAssembly" in project "smart_fan_cooling_windows_app.csproj".
       Target "ProcessFrameworkReferences" skipped. Previously built successfully.
   1:7>Target "_DefaultMicrosoftNETPlatformLibrary" in file "C:\Program Files\dotnet\sdk\10.0.302\Sdks\Microsoft.NET.Sdk\targets\Microsoft.NET.Sdk.Shared.targets" from project "C:\Users\quan\Documents\smart_fan_cooling_windows_app\smart_fan_cooling_windows_app.csproj" (target "ResolvePackageAssets" depends on it):
   1:7>Done building target "_DefaultMicrosoftNETPlatformLibrary" in project "smart_fan_cooling_windows_app.csproj".
   1:7>Target "_ComputePackageReferencePublish" in file "C:\Program Files\dotnet\sdk\10.0.302\Sdks\Microsoft.NET.Sdk\targets\Microsoft.NET.Sdk.Shared.targets" from project "C:\Users\quan\Documents\smart_fan_cooling_windows_app\smart_fan_cooling_windows_app.csproj" (target "ResolvePackageAssets" depends on it):
   1:7>Done building target "_ComputePackageReferencePublish" in project "smart_fan_cooling_windows_app.csproj".
   1:7>Target "ResolvePackageAssets" in file "C:\Program Files\dotnet\sdk\10.0.302\Sdks\Microsoft.NET.Sdk\targets\Microsoft.PackageDependencyResolution.targets" from project "C:\Users\quan\Documents\smart_fan_cooling_windows_app\smart_fan_cooling_windows_app.csproj" (target "ResolveLockFileReferences" depends on it):
       Using "ResolvePackageAssets" task from assembly "C:\Program Files\dotnet\sdk\10.0.302\Sdks\Microsoft.NET.Sdk\targets\..\tools\net10.0\Microsoft.NET.Build.Tasks.dll".
       Task "ResolvePackageAssets"
       Done executing task "ResolvePackageAssets".
   1:7>Done building target "ResolvePackageAssets" in project "smart_fan_cooling_windows_app.csproj".
   1:7>Target "_UpdateMuiFilesAfterNugetRestore" in file "C:\Users\quan\.nuget\packages\microsoft.windowsappsdk\1.6.241114003\buildTransitive\Microsoft.WinUI.AppX.targets" from project "C:\Users\quan\Documents\smart_fan_cooling_windows_app\smart_fan_cooling_windows_app.csproj" (target "ResolveLockFileReferences" depends on it):
   1:7>Done building target "_UpdateMuiFilesAfterNugetRestore" in project "smart_fan_cooling_windows_app.csproj".
   1:7>Target "ResolveLockFileReferences" in file "C:\Program Files\dotnet\sdk\10.0.302\Sdks\Microsoft.NET.Sdk\targets\Microsoft.PackageDependencyResolution.targets" from project "C:\Users\quan\Documents\smart_fan_cooling_windows_app\smart_fan_cooling_windows_app.csproj" (target "ResolvePackageDependenciesForBuild" depends on it):
       Using "JoinItems" task from assembly "C:\Program Files\dotnet\sdk\10.0.302\Sdks\Microsoft.NET.Sdk\targets\..\tools\net10.0\Microsoft.NET.Build.Tasks.dll".
       Task "JoinItems"
       Done executing task "JoinItems".
   1:7>Done building target "ResolveLockFileReferences" in project "smart_fan_cooling_windows_app.csproj".
       Target "ResolvePackageAssets" skipped. Previously built successfully.
   1:7>Target "ResolveLockFileAnalyzers" in file "C:\Program Files\dotnet\sdk\10.0.302\Sdks\Microsoft.NET.Sdk\targets\Microsoft.PackageDependencyResolution.targets" from project "C:\Users\quan\Documents\smart_fan_cooling_windows_app\smart_fan_cooling_windows_app.csproj" (target "ResolvePackageDependenciesForBuild" depends on it):
   1:7>Done building target "ResolveLockFileAnalyzers" in project "smart_fan_cooling_windows_app.csproj".
       Target "ResolvePackageAssets" skipped. Previously built successfully.
   1:7>Target "ResolveLockFileCopyLocalFiles" in file "C:\Program Files\dotnet\sdk\10.0.302\Sdks\Microsoft.NET.Sdk\targets\Microsoft.PackageDependencyResolution.targets" from project "C:\Users\quan\Documents\smart_fan_cooling_windows_app\smart_fan_cooling_windows_app.csproj" (target "ResolvePackageDependenciesForBuild" depends on it):
   1:7>Done building target "ResolveLockFileCopyLocalFiles" in project "smart_fan_cooling_windows_app.csproj".
       Target "ProcessFrameworkReferences" skipped. Previously built successfully.
       Target "ResolvePackageAssets" skipped. Previously built successfully.
   1:7>Target "ResolveFrameworkReferences" in file "C:\Program Files\dotnet\sdk\10.0.302\Sdks\Microsoft.NET.Sdk\targets\Microsoft.NET.Sdk.FrameworkReferenceResolution.targets" from project "C:\Users\quan\Documents\smart_fan_cooling_windows_app\smart_fan_cooling_windows_app.csproj" (target "ResolveRuntimePackAssets" depends on it):
       Using "GetPackageDirectory" task from assembly "C:\Program Files\dotnet\sdk\10.0.302\Sdks\Microsoft.NET.Sdk\targets\..\tools\net10.0\Microsoft.NET.Build.Tasks.dll".
       Task "GetPackageDirectory"
       Done executing task "GetPackageDirectory".
       Task "GetPackageDirectory"
       Done executing task "GetPackageDirectory".
       Task "GetPackageDirectory"
       Done executing task "GetPackageDirectory".
       Task "GetPackageDirectory"
       Done executing task "GetPackageDirectory".
       Task "GetPackageDirectory"
       Done executing task "GetPackageDirectory".
       Task "GetPackageDirectory"
       Done executing task "GetPackageDirectory".
       Task "GetPackageDirectory"
       Done executing task "GetPackageDirectory".
       Task "GetPackageDirectory"
       Done executing task "GetPackageDirectory".
       Task "GetPackageDirectory"
       Done executing task "GetPackageDirectory".
       Task "GetPackageDirectory"
       Done executing task "GetPackageDirectory".
       Using "ResolveFrameworkReferences" task from assembly "C:\Program Files\dotnet\sdk\10.0.302\Sdks\Microsoft.NET.Sdk\targets\..\tools\net10.0\Microsoft.NET.Build.Tasks.dll".
       Task "ResolveFrameworkReferences"
       Done executing task "ResolveFrameworkReferences".
   1:7>Done building target "ResolveFrameworkReferences" in project "smart_fan_cooling_windows_app.csproj".
   1:7>Target "ResolveRuntimePackAssets" in file "C:\Program Files\dotnet\sdk\10.0.302\Sdks\Microsoft.NET.Sdk\targets\Microsoft.NET.Sdk.FrameworkReferenceResolution.targets" from project "C:\Users\quan\Documents\smart_fan_cooling_windows_app\smart_fan_cooling_windows_app.csproj" (target "ResolvePackageDependenciesForBuild" depends on it):
       Using "ResolveRuntimePackAssets" task from assembly "C:\Program Files\dotnet\sdk\10.0.302\Sdks\Microsoft.NET.Sdk\targets\..\tools\net10.0\Microsoft.NET.Build.Tasks.dll".
       Task "ResolveRuntimePackAssets"
       Done executing task "ResolveRuntimePackAssets".
   1:7>Done building target "ResolveRuntimePackAssets" in project "smart_fan_cooling_windows_app.csproj".
       Target "ResolvePackageAssets" skipped. Previously built successfully.
   1:7>Target "IncludeTransitiveProjectReferences" in file "C:\Program Files\dotnet\sdk\10.0.302\Sdks\Microsoft.NET.Sdk\targets\Microsoft.PackageDependencyResolution.targets" from project "C:\Users\quan\Documents\smart_fan_cooling_windows_app\smart_fan_cooling_windows_app.csproj" (target "ResolvePackageDependenciesForBuild" depends on it):
   1:7>Done building target "IncludeTransitiveProjectReferences" in project "smart_fan_cooling_windows_app.csproj".
   1:7>Target "ResolvePackageDependenciesForBuild" in file "C:\Program Files\dotnet\sdk\10.0.302\Sdks\Microsoft.NET.Sdk\targets\Microsoft.PackageDependencyResolution.targets" from project "C:\Users\quan\Documents\smart_fan_cooling_windows_app\smart_fan_cooling_windows_app.csproj" (target "AssignProjectConfiguration" depends on it):
   1:7>Done building target "ResolvePackageDependenciesForBuild" in project "smart_fan_cooling_windows_app.csproj".
   1:7>Target "MVVMToolkitGatherAnalyzers" in file "C:\Users\quan\.nuget\packages\communitytoolkit.mvvm\8.3.2\buildTransitive\CommunityToolkit.Mvvm.SourceGenerators.targets" from project "C:\Users\quan\Documents\smart_fan_cooling_windows_app\smart_fan_cooling_windows_app.csproj" (target "MVVMToolkitRemoveAnalyzersForRoslyn3" depends on it):
   1:7>Done building target "MVVMToolkitGatherAnalyzers" in project "smart_fan_cooling_windows_app.csproj".
   1:7>Target "MVVMToolkitRemoveAnalyzersForRoslyn3" in file "C:\Users\quan\.nuget\packages\communitytoolkit.mvvm\8.3.2\buildTransitive\CommunityToolkit.Mvvm.SourceGenerators.targets" from project "C:\Users\quan\Documents\smart_fan_cooling_windows_app\smart_fan_cooling_windows_app.csproj" (target "AssignProjectConfiguration" depends on it):
       Using "GetAssemblyIdentity" task from assembly "Microsoft.Build.Tasks.Core, Version=15.1.0.0, Culture=neutral, PublicKeyToken=b03f5f7f11d50a3a".
       Task "GetAssemblyIdentity"
       Done executing task "GetAssemblyIdentity".
   1:7>Done building target "MVVMToolkitRemoveAnalyzersForRoslyn3" in project "smart_fan_cooling_windows_app.csproj".
   1:7>Target "_SplitProjectReferencesByFileExistence" in file "C:\Program Files\dotnet\sdk\10.0.302\Microsoft.Common.CurrentVersion.targets" from project "C:\Users\quan\Documents\smart_fan_cooling_windows_app\smart_fan_cooling_windows_app.csproj" (target "PrepareProjectReferences" depends on it):
   1:7>Done building target "_SplitProjectReferencesByFileExistence" in project "smart_fan_cooling_windows_app.csproj".
   1:7>Target "_AddOutputPathToGlobalPropertiesToRemove" in file "C:\Program Files\dotnet\sdk\10.0.302\Microsoft.Common.CurrentVersion.targets" from project "C:\Users\quan\Documents\smart_fan_cooling_windows_app\smart_fan_cooling_windows_app.csproj" (target "_GetProjectReferenceTargetFrameworkProperties" depends on it):
   1:7>Done building target "_AddOutputPathToGlobalPropertiesToRemove" in project "smart_fan_cooling_windows_app.csproj".
   1:7>Target "_GetProjectReferenceTargetFrameworkProperties" in file "C:\Program Files\dotnet\sdk\10.0.302\Microsoft.Common.CurrentVersion.targets" from project "C:\Users\quan\Documents\smart_fan_cooling_windows_app\smart_fan_cooling_windows_app.csproj" (target "PrepareProjectReferences" depends on it):
       Task "MSBuild"
       Done executing task "MSBuild".
       Using "SetRidAgnosticValueForProjects" task from assembly "Microsoft.Build.Tasks.Core, Version=15.1.0.0, Culture=neutral, PublicKeyToken=b03f5f7f11d50a3a".
       Task "SetRidAgnosticValueForProjects"
       Done executing task "SetRidAgnosticValueForProjects".
   1:7>Done building target "_GetProjectReferenceTargetFrameworkProperties" in project "smart_fan_cooling_windows_app.csproj".
   1:7>Target "_CalculateIsVSTestTestProject" in file "C:\Program Files\dotnet\sdk\10.0.302\Sdks\Microsoft.NET.Sdk\targets\Microsoft.NET.Sdk.targets" from project "C:\Users\quan\Documents\smart_fan_cooling_windows_app\smart_fan_cooling_windows_app.csproj" (target "ValidateExecutableReferences" depends on it):
   1:7>Done building target "_CalculateIsVSTestTestProject" in project "smart_fan_cooling_windows_app.csproj".
   1:7>Target "ValidateExecutableReferences" in file "C:\Program Files\dotnet\sdk\10.0.302\Sdks\Microsoft.NET.Sdk\targets\Microsoft.NET.Sdk.targets" from project "C:\Users\quan\Documents\smart_fan_cooling_windows_app\smart_fan_cooling_windows_app.csproj" (target "PrepareProjectReferences" depends on it):
       Using "ValidateExecutableReferences" task from assembly "C:\Program Files\dotnet\sdk\10.0.302\Sdks\Microsoft.NET.Sdk\targets\..\tools\net10.0\Microsoft.NET.Build.Tasks.dll".
       Task "ValidateExecutableReferences"
       Done executing task "ValidateExecutableReferences".
   1:7>Done building target "ValidateExecutableReferences" in project "smart_fan_cooling_windows_app.csproj".
   1:7>Target "PrepareProjectReferences" in file "C:\Program Files\dotnet\sdk\10.0.302\Microsoft.Common.CurrentVersion.targets" from project "C:\Users\quan\Documents\smart_fan_cooling_windows_app\smart_fan_cooling_windows_app.csproj" (target "ResolveProjectReferences" depends on it):
   1:7>Done building target "PrepareProjectReferences" in project "smart_fan_cooling_windows_app.csproj".
   1:7>Target "ResolveProjectReferences" in file "C:\Program Files\dotnet\sdk\10.0.302\Microsoft.Common.CurrentVersion.targets" from project "C:\Users\quan\Documents\smart_fan_cooling_windows_app\smart_fan_cooling_windows_app.csproj" (target "ResolveReferences" depends on it):
   1:7>Done building target "ResolveProjectReferences" in project "smart_fan_cooling_windows_app.csproj".
   1:7>Target "RemoveManagedWinRTComponentWinMDReferences" in file "C:\Program Files\dotnet\sdk\10.0.302\Sdks\Microsoft.NET.Sdk\targets\Microsoft.NET.Windows.targets" from project "C:\Users\quan\Documents\smart_fan_cooling_windows_app\smart_fan_cooling_windows_app.csproj" (target "ResolveReferences" depends on it):
   1:7>Done building target "RemoveManagedWinRTComponentWinMDReferences" in project "smart_fan_cooling_windows_app.csproj".
       Target "PrepareProjectReferences" skipped. Previously built successfully.
   1:7>Target "GetReferenceTargetPlatformMonikers" in file "C:\Program Files\dotnet\sdk\10.0.302\Microsoft.Common.CurrentVersion.targets" from project "C:\Users\quan\Documents\smart_fan_cooling_windows_app\smart_fan_cooling_windows_app.csproj" (target "FindInvalidProjectReferences" depends on it):
       Task "MSBuild"
       Done executing task "MSBuild".
   1:7>Done building target "GetReferenceTargetPlatformMonikers" in project "smart_fan_cooling_windows_app.csproj".
   1:7>Target "FindInvalidProjectReferences" in file "C:\Program Files\dotnet\sdk\10.0.302\Microsoft.Common.CurrentVersion.targets" from project "C:\Users\quan\Documents\smart_fan_cooling_windows_app\smart_fan_cooling_windows_app.csproj" (target "ResolveReferences" depends on it):
       Using "FindInvalidProjectReferences" task from assembly "Microsoft.Build.Tasks.Core, Version=15.1.0.0, Culture=neutral, PublicKeyToken=b03f5f7f11d50a3a".
       Task "FindInvalidProjectReferences"
       Done executing task "FindInvalidProjectReferences".
   1:7>Done building target "FindInvalidProjectReferences" in project "smart_fan_cooling_windows_app.csproj".
       Target "ResolveProjectReferences" skipped. Previously built successfully.
       Target "FindInvalidProjectReferences" skipped. Previously built successfully.
       Target "GetFrameworkPaths" skipped. Previously built successfully.
       Target "GetReferenceAssemblyPaths" skipped. Previously built successfully.
       Target "PrepareForBuild" skipped. Previously built successfully.
   1:7>Target "ResolveSDKReferences" in file "C:\Program Files\dotnet\sdk\10.0.302\Microsoft.Common.CurrentVersion.targets" from project "C:\Users\quan\Documents\smart_fan_cooling_windows_app\smart_fan_cooling_windows_app.csproj" (target "ResolveAssemblyReferences" depends on it):
   1:7>Done building target "ResolveSDKReferences" in project "smart_fan_cooling_windows_app.csproj".
       Target "ResolveSDKReferences" skipped. Previously built successfully.
   1:7>Target "ExpandSDKReferences" in file "C:\Program Files\dotnet\sdk\10.0.302\Microsoft.Common.CurrentVersion.targets" from project "C:\Users\quan\Documents\smart_fan_cooling_windows_app\smart_fan_cooling_windows_app.csproj" (target "ResolveAssemblyReferences" depends on it):
   1:7>Done building target "ExpandSDKReferences" in project "smart_fan_cooling_windows_app.csproj".
       Target "ResolvePackageDependenciesForBuild" skipped. Previously built successfully.
       Target "GetFrameworkPaths" skipped. Previously built successfully.
       Target "GetReferenceAssemblyPaths" skipped. Previously built successfully.
       Target "ResolveFrameworkReferences" skipped. Previously built successfully.
   1:7>Target "ResolveTargetingPackAssets" in file "C:\Program Files\dotnet\sdk\10.0.302\Sdks\Microsoft.NET.Sdk\targets\Microsoft.NET.Sdk.FrameworkReferenceResolution.targets" from project "C:\Users\quan\Documents\smart_fan_cooling_windows_app\smart_fan_cooling_windows_app.csproj" (target "_HandlePackageFileConflicts" depends on it):
       Using "ResolveTargetingPackAssets" task from assembly "C:\Program Files\dotnet\sdk\10.0.302\Sdks\Microsoft.NET.Sdk\targets\..\tools\net10.0\Microsoft.NET.Build.Tasks.dll".
       Task "ResolveTargetingPackAssets"
       Done executing task "ResolveTargetingPackAssets".
   1:7>Done building target "ResolveTargetingPackAssets" in project "smart_fan_cooling_windows_app.csproj".
   1:7>Target "ResolveOffByDefaultAnalyzers" in file "C:\Program Files\dotnet\sdk\10.0.302\Sdks\Microsoft.NET.Sdk\targets\Microsoft.NET.Sdk.FrameworkReferenceResolution.targets" from project "C:\Users\quan\Documents\smart_fan_cooling_windows_app\smart_fan_cooling_windows_app.csproj" (target "_HandlePackageFileConflicts" depends on it):
   1:7>Done building target "ResolveOffByDefaultAnalyzers" in project "smart_fan_cooling_windows_app.csproj".
   1:7>Target "_HandlePackageFileConflicts" in file "C:\Program Files\dotnet\sdk\10.0.302\Sdks\Microsoft.NET.Sdk\targets\Microsoft.NET.ConflictResolution.targets" from project "C:\Users\quan\Documents\smart_fan_cooling_windows_app\smart_fan_cooling_windows_app.csproj" (target "ResolveAssemblyReferences" depends on it):
       Using "ResolvePackageFileConflicts" task from assembly "C:\Program Files\dotnet\sdk\10.0.302\Sdks\Microsoft.NET.Sdk\targets\..\tools\net10.0\Microsoft.NET.Build.Tasks.dll".
       Task "ResolvePackageFileConflicts"
         Encountered conflict between 'Reference:C:\Users\quan\.nuget\packages\system.io.filesystem.accesscontrol\5.0.0\ref\netstandard2.0\System.IO.FileSystem.AccessControl.dll' and 'Reference:C:\Users\quan\.nuget\packages\microsoft.netcore.app.ref\9.0.18\ref/net9.0/System.IO.FileSystem.AccessControl.dll'. Choosing 'Reference:C:\Users\quan\.nuget\packages\microsoft.netcore.app.ref\9.0.18\ref/net9.0/System.IO.FileSystem.AccessControl.dll' because AssemblyVersion '9.0.0.0' is greater than '5.0.0.0'.
         Encountered conflict between 'Platform:System.IO.FileSystem.AccessControl.dll' and 'CopyLocal:C:\Users\quan\.nuget\packages\system.io.filesystem.accesscontrol\5.0.0\runtimes\win\lib\netstandard2.0\System.IO.FileSystem.AccessControl.dll'. Choosing 'Platform:System.IO.FileSystem.AccessControl.dll' because AssemblyVersion '9.0.0.0' is greater than '5.0.0.0'.
         Encountered conflict between 'Platform:mscorlib.dll' and 'Platform:mscorlib.dll'. Could not determine winner due to equal file and assembly versions.
         Encountered conflict between 'Platform:Microsoft.VisualBasic.dll' and 'Platform:Microsoft.VisualBasic.dll'. Could not determine winner due to equal file and assembly versions.
         Encountered conflict between 'Platform:System.dll' and 'Platform:System.dll'. Could not determine winner due to equal file and assembly versions.
         Encountered conflict between 'Platform:System.ComponentModel.DataAnnotations.dll' and 'Platform:System.ComponentModel.DataAnnotations.dll'. Could not determine winner due to equal file and assembly versions.
         Encountered conflict between 'Platform:System.Configuration.dll' and 'Platform:System.Configuration.dll'. Could not determine winner due to equal file and assembly versions.
         Encountered conflict between 'Platform:System.Core.dll' and 'Platform:System.Core.dll'. Could not determine winner due to equal file and assembly versions.
         Encountered conflict between 'Platform:System.Data.dll' and 'Platform:System.Data.dll'. Could not determine winner due to equal file and assembly versions.
         Encountered conflict between 'Platform:System.Drawing.dll' and 'Platform:System.Drawing.dll'. Could not determine winner due to equal file and assembly versions.
         Encountered conflict between 'Platform:System.IO.Compression.FileSystem.dll' and 'Platform:System.IO.Compression.FileSystem.dll'. Could not determine winner due to equal file and assembly versions.
         Encountered conflict between 'Platform:System.Net.dll' and 'Platform:System.Net.dll'. Could not determine winner due to equal file and assembly versions.
         Encountered conflict between 'Platform:System.Numerics.dll' and 'Platform:System.Numerics.dll'. Could not determine winner due to equal file and assembly versions.
         Encountered conflict between 'Platform:System.Runtime.Serialization.dll' and 'Platform:System.Runtime.Serialization.dll'. Could not determine winner due to equal file and assembly versions.
         Encountered conflict between 'Platform:System.Security.dll' and 'Platform:System.Security.dll'. Could not determine winner due to equal file and assembly versions.
         Encountered conflict between 'Platform:System.ServiceProcess.dll' and 'Platform:System.ServiceProcess.dll'. Could not determine winner due to equal file and assembly versions.
         Encountered conflict between 'Platform:System.ServiceModel.Web.dll' and 'Platform:System.ServiceModel.Web.dll'. Could not determine winner due to equal file and assembly versions.
         Encountered conflict between 'Platform:System.Transactions.dll' and 'Platform:System.Transactions.dll'. Could not determine winner due to equal file and assembly versions.
         Encountered conflict between 'Platform:System.Web.dll' and 'Platform:System.Web.dll'. Could not determine winner due to equal file and assembly versions.
         Encountered conflict between 'Platform:System.Windows.dll' and 'Platform:System.Windows.dll'. Could not determine winner due to equal file and assembly versions.
         Encountered conflict between 'Platform:System.Xml.dll' and 'Platform:System.Xml.dll'. Could not determine winner due to equal file and assembly versions.
         Encountered conflict between 'Platform:System.Xml.Serialization.dll' and 'Platform:System.Xml.Serialization.dll'. Could not determine winner due to equal file and assembly versions.
         Encountered conflict between 'Platform:System.Xml.Linq.dll' and 'Platform:System.Xml.Linq.dll'. Could not determine winner due to equal file and assembly versions.
         Encountered conflict between 'Platform:WindowsBase.dll' and 'Platform:WindowsBase.dll'. Could not determine winner due to equal file and assembly versions.
         Encountered conflict between 'Platform:netstandard.dll' and 'Platform:netstandard.dll'. Could not determine winner due to equal file and assembly versions.
         Encountered conflict between 'Platform:System.Private.CoreLib.dll' and 'Platform:System.Private.CoreLib.dll'. Could not determine winner due to equal file and assembly versions.
         Encountered conflict between 'Platform:System.Private.DataContractSerialization.dll' and 'Platform:System.Private.DataContractSerialization.dll'. Could not determine winner due to equal file and assembly versions.
         Encountered conflict between 'Platform:System.Private.Uri.dll' and 'Platform:System.Private.Uri.dll'. Could not determine winner due to equal file and assembly versions.
         Encountered conflict between 'Platform:System.Private.Xml.dll' and 'Platform:System.Private.Xml.dll'. Could not determine winner due to equal file and assembly versions.
         Encountered conflict between 'Platform:System.Private.Xml.Linq.dll' and 'Platform:System.Private.Xml.Linq.dll'. Could not determine winner due to equal file and assembly versions.
         Encountered conflict between 'Platform:mscordaccore_amd64_amd64_9.0.1826.31522.dll' and 'Platform:mscordaccore_amd64_amd64_9.0.1826.31522.dll'. Could not determine winner due to equal file and assembly versions.
       Done executing task "ResolvePackageFileConflicts".
   1:7>Done building target "_HandlePackageFileConflicts" in project "smart_fan_cooling_windows_app.csproj".
       Target "ResolveTargetingPackAssets" skipped. Previously built successfully.
   1:7>Target "ResolveAssemblyReferences" in file "C:\Program Files\dotnet\sdk\10.0.302\Microsoft.Common.CurrentVersion.targets" from project "C:\Users\quan\Documents\smart_fan_cooling_windows_app\smart_fan_cooling_windows_app.csproj" (target "ResolveReferences" depends on it):
       Using "ResolveAssemblyReference" task from assembly "Microsoft.Build.Tasks.Core, Version=15.1.0.0, Culture=neutral, PublicKeyToken=b03f5f7f11d50a3a".
       Task "ResolveAssemblyReference"
         TargetFrameworkMoniker:
             .NETCoreApp,Version=v9.0
         TargetFrameworkMonikerDisplayName:
             .NET 9.0
         TargetedRuntimeVersion:
             
         Assemblies:
             C:\Users\quan\.nuget\packages\microsoft.web.webview2\1.0.2651.64\build\..\\lib_manual\net6.0-windows10.0.17763.0\Microsoft.Web.WebView2.Core.Projection.dll
             C:\Users\quan\.nuget\packages\communitytoolkit.mvvm\8.3.2\lib\net8.0-windows10.0.17763\CommunityToolkit.Mvvm.dll
                 Private = 'false'
                 HintPath = 'C:\Users\quan\.nuget\packages\communitytoolkit.mvvm\8.3.2\lib\net8.0-windows10.0.17763\CommunityToolkit.Mvvm.dll'
             C:\Users\quan\.nuget\packages\hidsharp\2.1.0\lib\netstandard2.0\HidSharp.dll
                 Private = 'false'
                 HintPath = 'C:\Users\quan\.nuget\packages\hidsharp\2.1.0\lib\netstandard2.0\HidSharp.dll'
             C:\Users\quan\.nuget\packages\librehardwaremonitorlib\0.9.3\lib\net7.0\LibreHardwareMonitorLib.dll
                 Private = 'false'
                 HintPath = 'C:\Users\quan\.nuget\packages\librehardwaremonitorlib\0.9.3\lib\net7.0\LibreHardwareMonitorLib.dll'
             C:\Users\quan\.nuget\packages\microsoft.win32.systemevents\9.0.0\lib\net9.0\Microsoft.Win32.SystemEvents.dll
                 Private = 'false'
                 HintPath = 'C:\Users\quan\.nuget\packages\microsoft.win32.systemevents\9.0.0\lib\net9.0\Microsoft.Win32.SystemEvents.dll'
             C:\Users\quan\.nuget\packages\microsoft.windowsappsdk\1.6.241114003\lib\net6.0-windows10.0.18362.0\Microsoft.InteractiveExperiences.Projection.dll
                 Private = 'false'
                 HintPath = 'C:\Users\quan\.nuget\packages\microsoft.windowsappsdk\1.6.241114003\lib\net6.0-windows10.0.18362.0\Microsoft.InteractiveExperiences.Projection.dll'
             C:\Users\quan\.nuget\packages\microsoft.windowsappsdk\1.6.241114003\lib\net6.0-windows10.0.18362.0\Microsoft.WinUI.dll
                 Private = 'false'
                 HintPath = 'C:\Users\quan\.nuget\packages\microsoft.windowsappsdk\1.6.241114003\lib\net6.0-windows10.0.18362.0\Microsoft.WinUI.dll'
             C:\Users\quan\.nuget\packages\microsoft.windowsappsdk\1.6.241114003\lib\net6.0-windows10.0.18362.0\Microsoft.Windows.AppLifecycle.Projection.dll
                 Private = 'false'
                 HintPath = 'C:\Users\quan\.nuget\packages\microsoft.windowsappsdk\1.6.241114003\lib\net6.0-windows10.0.18362.0\Microsoft.Windows.AppLifecycle.Projection.dll'
             C:\Users\quan\.nuget\packages\microsoft.windowsappsdk\1.6.241114003\lib\net6.0-windows10.0.18362.0\Microsoft.Windows.AppNotifications.Builder.Projection.dll
                 Private = 'false'
                 HintPath = 'C:\Users\quan\.nuget\packages\microsoft.windowsappsdk\1.6.241114003\lib\net6.0-windows10.0.18362.0\Microsoft.Windows.AppNotifications.Builder.Projection.dll'
             C:\Users\quan\.nuget\packages\microsoft.windowsappsdk\1.6.241114003\lib\net6.0-windows10.0.18362.0\Microsoft.Windows.AppNotifications.Projection.dll
                 Private = 'false'
                 HintPath = 'C:\Users\quan\.nuget\packages\microsoft.windowsappsdk\1.6.241114003\lib\net6.0-windows10.0.18362.0\Microsoft.Windows.AppNotifications.Projection.dll'
             C:\Users\quan\.nuget\packages\microsoft.windowsappsdk\1.6.241114003\lib\net6.0-windows10.0.18362.0\Microsoft.Windows.ApplicationModel.DynamicDependency.Projection.dll
                 Private = 'false'
                 HintPath = 'C:\Users\quan\.nuget\packages\microsoft.windowsappsdk\1.6.241114003\lib\net6.0-windows10.0.18362.0\Microsoft.Windows.ApplicationModel.DynamicDependency.Projection.dll'
             C:\Users\quan\.nuget\packages\microsoft.windowsappsdk\1.6.241114003\lib\net6.0-windows10.0.18362.0\Microsoft.Windows.ApplicationModel.Resources.Projection.dll
                 Private = 'false'
                 HintPath = 'C:\Users\quan\.nuget\packages\microsoft.windowsappsdk\1.6.241114003\lib\net6.0-windows10.0.18362.0\Microsoft.Windows.ApplicationModel.Resources.Projection.dll'
             C:\Users\quan\.nuget\packages\microsoft.windowsappsdk\1.6.241114003\lib\net6.0-windows10.0.18362.0\Microsoft.Windows.ApplicationModel.WindowsAppRuntime.Projection.dll
                 Private = 'false'
                 HintPath = 'C:\Users\quan\.nuget\packages\microsoft.windowsappsdk\1.6.241114003\lib\net6.0-windows10.0.18362.0\Microsoft.Windows.ApplicationModel.WindowsAppRuntime.Projection.dll'
             C:\Users\quan\.nuget\packages\microsoft.windowsappsdk\1.6.241114003\lib\net6.0-windows10.0.18362.0\Microsoft.Windows.Management.Deployment.Projection.dll
                 Private = 'false'
                 HintPath = 'C:\Users\quan\.nuget\packages\microsoft.windowsappsdk\1.6.241114003\lib\net6.0-windows10.0.18362.0\Microsoft.Windows.Management.Deployment.Projection.dll'
             C:\Users\quan\.nuget\packages\microsoft.windowsappsdk\1.6.241114003\lib\net6.0-windows10.0.18362.0\Microsoft.Windows.PushNotifications.Projection.dll
                 Private = 'false'
                 HintPath = 'C:\Users\quan\.nuget\packages\microsoft.windowsappsdk\1.6.241114003\lib\net6.0-windows10.0.18362.0\Microsoft.Windows.PushNotifications.Projection.dll'
             C:\Users\quan\.nuget\packages\microsoft.windowsappsdk\1.6.241114003\lib\net6.0-windows10.0.18362.0\Microsoft.Windows.Security.AccessControl.Projection.dll
                 Private = 'false'
                 HintPath = 'C:\Users\quan\.nuget\packages\microsoft.windowsappsdk\1.6.241114003\lib\net6.0-windows10.0.18362.0\Microsoft.Windows.Security.AccessControl.Projection.dll'
             C:\Users\quan\.nuget\packages\microsoft.windowsappsdk\1.6.241114003\lib\net6.0-windows10.0.18362.0\Microsoft.Windows.Storage.Projection.dll
                 Private = 'false'
                 HintPath = 'C:\Users\quan\.nuget\packages\microsoft.windowsappsdk\1.6.241114003\lib\net6.0-windows10.0.18362.0\Microsoft.Windows.Storage.Projection.dll'
             C:\Users\quan\.nuget\packages\microsoft.windowsappsdk\1.6.241114003\lib\net6.0-windows10.0.18362.0\Microsoft.Windows.System.Power.Projection.dll
                 Private = 'false'
                 HintPath = 'C:\Users\quan\.nuget\packages\microsoft.windowsappsdk\1.6.241114003\lib\net6.0-windows10.0.18362.0\Microsoft.Windows.System.Power.Projection.dll'
             C:\Users\quan\.nuget\packages\microsoft.windowsappsdk\1.6.241114003\lib\net6.0-windows10.0.18362.0\Microsoft.Windows.System.Projection.dll
                 Private = 'false'
                 HintPath = 'C:\Users\quan\.nuget\packages\microsoft.windowsappsdk\1.6.241114003\lib\net6.0-windows10.0.18362.0\Microsoft.Windows.System.Projection.dll'
             C:\Users\quan\.nuget\packages\microsoft.windowsappsdk\1.6.241114003\lib\net6.0-windows10.0.18362.0\Microsoft.Windows.Widgets.Projection.dll
                 Private = 'false'
                 HintPath = 'C:\Users\quan\.nuget\packages\microsoft.windowsappsdk\1.6.241114003\lib\net6.0-windows10.0.18362.0\Microsoft.Windows.Widgets.Projection.dll'
             C:\Users\quan\.nuget\packages\microsoft.windowsappsdk\1.6.241114003\lib\net6.0-windows10.0.18362.0\Microsoft.WindowsAppRuntime.Bootstrap.Net.dll
                 Private = 'false'
                 HintPath = 'C:\Users\quan\.nuget\packages\microsoft.windowsappsdk\1.6.241114003\lib\net6.0-windows10.0.18362.0\Microsoft.WindowsAppRuntime.Bootstrap.Net.dll'
             C:\Users\quan\.nuget\packages\mono.posix.netstandard\1.0.0\ref\netstandard2.0\Mono.Posix.NETStandard.dll
                 Private = 'false'
                 HintPath = 'C:\Users\quan\.nuget\packages\mono.posix.netstandard\1.0.0\ref\netstandard2.0\Mono.Posix.NETStandard.dll'
             C:\Users\quan\.nuget\packages\system.codedom\9.0.0\lib\net9.0\System.CodeDom.dll
                 Private = 'false'
                 HintPath = 'C:\Users\quan\.nuget\packages\system.codedom\9.0.0\lib\net9.0\System.CodeDom.dll'
             C:\Users\quan\.nuget\packages\system.drawing.common\9.0.0\lib\net9.0\System.Drawing.Common.dll
                 Private = 'false'
                 HintPath = 'C:\Users\quan\.nuget\packages\system.drawing.common\9.0.0\lib\net9.0\System.Drawing.Common.dll'
             C:\Users\quan\.nuget\packages\system.drawing.common\9.0.0\lib\net9.0\System.Private.Windows.Core.dll
                 Private = 'false'
                 HintPath = 'C:\Users\quan\.nuget\packages\system.drawing.common\9.0.0\lib\net9.0\System.Private.Windows.Core.dll'
             C:\Users\quan\.nuget\packages\system.io.ports\9.0.0\lib\net9.0\System.IO.Ports.dll
                 Private = 'false'
                 HintPath = 'C:\Users\quan\.nuget\packages\system.io.ports\9.0.0\lib\net9.0\System.IO.Ports.dll'
             C:\Users\quan\.nuget\packages\system.management\9.0.0\lib\net9.0\System.Management.dll
                 Private = 'false'
                 HintPath = 'C:\Users\quan\.nuget\packages\system.management\9.0.0\lib\net9.0\System.Management.dll'
             C:\Users\quan\.nuget\packages\microsoft.netcore.app.ref\9.0.18\ref/net9.0/Microsoft.CSharp.dll
                 Private = 'false'
             C:\Users\quan\.nuget\packages\microsoft.netcore.app.ref\9.0.18\ref/net9.0/Microsoft.VisualBasic.Core.dll
                 Private = 'false'
             C:\Users\quan\.nuget\packages\microsoft.netcore.app.ref\9.0.18\ref/net9.0/Microsoft.VisualBasic.dll
                 Private = 'false'
             C:\Users\quan\.nuget\packages\microsoft.netcore.app.ref\9.0.18\ref/net9.0/Microsoft.Win32.Primitives.dll
                 Private = 'false'
             C:\Users\quan\.nuget\packages\microsoft.netcore.app.ref\9.0.18\ref/net9.0/Microsoft.Win32.Registry.dll
                 Private = 'false'
             C:\Users\quan\.nuget\packages\microsoft.netcore.app.ref\9.0.18\ref/net9.0/System.AppContext.dll
                 Private = 'false'
             C:\Users\quan\.nuget\packages\microsoft.netcore.app.ref\9.0.18\ref/net9.0/System.Buffers.dll
                 Private = 'false'
             C:\Users\quan\.nuget\packages\microsoft.netcore.app.ref\9.0.18\ref/net9.0/System.Collections.Concurrent.dll
                 Private = 'false'
             C:\Users\quan\.nuget\packages\microsoft.netcore.app.ref\9.0.18\ref/net9.0/System.Collections.Immutable.dll
                 Private = 'false'
             C:\Users\quan\.nuget\packages\microsoft.netcore.app.ref\9.0.18\ref/net9.0/System.Collections.NonGeneric.dll
                 Private = 'false'
             C:\Users\quan\.nuget\packages\microsoft.netcore.app.ref\9.0.18\ref/net9.0/System.Collections.Specialized.dll
                 Private = 'false'
             C:\Users\quan\.nuget\packages\microsoft.netcore.app.ref\9.0.18\ref/net9.0/System.Collections.dll
                 Private = 'false'
             C:\Users\quan\.nuget\packages\microsoft.netcore.app.ref\9.0.18\ref/net9.0/System.ComponentModel.Annotations.dll
                 Private = 'false'
             C:\Users\quan\.nuget\packages\microsoft.netcore.app.ref\9.0.18\ref/net9.0/System.ComponentModel.DataAnnotations.dll
                 Private = 'false'
             C:\Users\quan\.nuget\packages\microsoft.netcore.app.ref\9.0.18\ref/net9.0/System.ComponentModel.EventBasedAsync.dll
                 Private = 'false'
             C:\Users\quan\.nuget\packages\microsoft.netcore.app.ref\9.0.18\ref/net9.0/System.ComponentModel.Primitives.dll
                 Private = 'false'
             C:\Users\quan\.nuget\packages\microsoft.netcore.app.ref\9.0.18\ref/net9.0/System.ComponentModel.TypeConverter.dll
                 Private = 'false'
             C:\Users\quan\.nuget\packages\microsoft.netcore.app.ref\9.0.18\ref/net9.0/System.ComponentModel.dll
                 Private = 'false'
             C:\Users\quan\.nuget\packages\microsoft.netcore.app.ref\9.0.18\ref/net9.0/System.Configuration.dll
                 Private = 'false'
             C:\Users\quan\.nuget\packages\microsoft.netcore.app.ref\9.0.18\ref/net9.0/System.Console.dll
                 Private = 'false'
             C:\Users\quan\.nuget\packages\microsoft.netcore.app.ref\9.0.18\ref/net9.0/System.Core.dll
                 Private = 'false'
             C:\Users\quan\.nuget\packages\microsoft.netcore.app.ref\9.0.18\ref/net9.0/System.Data.Common.dll
                 Private = 'false'
             C:\Users\quan\.nuget\packages\microsoft.netcore.app.ref\9.0.18\ref/net9.0/System.Data.DataSetExtensions.dll
                 Private = 'false'
             C:\Users\quan\.nuget\packages\microsoft.netcore.app.ref\9.0.18\ref/net9.0/System.Data.dll
                 Private = 'false'
             C:\Users\quan\.nuget\packages\microsoft.netcore.app.ref\9.0.18\ref/net9.0/System.Diagnostics.Contracts.dll
                 Private = 'false'
             C:\Users\quan\.nuget\packages\microsoft.netcore.app.ref\9.0.18\ref/net9.0/System.Diagnostics.Debug.dll
                 Private = 'false'
             C:\Users\quan\.nuget\packages\microsoft.netcore.app.ref\9.0.18\ref/net9.0/System.Diagnostics.DiagnosticSource.dll
                 Private = 'false'
             C:\Users\quan\.nuget\packages\microsoft.netcore.app.ref\9.0.18\ref/net9.0/System.Diagnostics.FileVersionInfo.dll
                 Private = 'false'
             C:\Users\quan\.nuget\packages\microsoft.netcore.app.ref\9.0.18\ref/net9.0/System.Diagnostics.Process.dll
                 Private = 'false'
             C:\Users\quan\.nuget\packages\microsoft.netcore.app.ref\9.0.18\ref/net9.0/System.Diagnostics.StackTrace.dll
                 Private = 'false'
             C:\Users\quan\.nuget\packages\microsoft.netcore.app.ref\9.0.18\ref/net9.0/System.Diagnostics.TextWriterTraceListener.dll
                 Private = 'false'
             C:\Users\quan\.nuget\packages\microsoft.netcore.app.ref\9.0.18\ref/net9.0/System.Diagnostics.Tools.dll
                 Private = 'false'
             C:\Users\quan\.nuget\packages\microsoft.netcore.app.ref\9.0.18\ref/net9.0/System.Diagnostics.TraceSource.dll
                 Private = 'false'
             C:\Users\quan\.nuget\packages\microsoft.netcore.app.ref\9.0.18\ref/net9.0/System.Diagnostics.Tracing.dll
                 Private = 'false'
             C:\Users\quan\.nuget\packages\microsoft.netcore.app.ref\9.0.18\ref/net9.0/System.Drawing.Primitives.dll
                 Private = 'false'
             C:\Users\quan\.nuget\packages\microsoft.netcore.app.ref\9.0.18\ref/net9.0/System.Drawing.dll
                 Private = 'false'
             C:\Users\quan\.nuget\packages\microsoft.netcore.app.ref\9.0.18\ref/net9.0/System.Dynamic.Runtime.dll
                 Private = 'false'
             C:\Users\quan\.nuget\packages\microsoft.netcore.app.ref\9.0.18\ref/net9.0/System.Formats.Asn1.dll
                 Private = 'false'
             C:\Users\quan\.nuget\packages\microsoft.netcore.app.ref\9.0.18\ref/net9.0/System.Formats.Tar.dll
                 Private = 'false'
             C:\Users\quan\.nuget\packages\microsoft.netcore.app.ref\9.0.18\ref/net9.0/System.Globalization.Calendars.dll
                 Private = 'false'
             C:\Users\quan\.nuget\packages\microsoft.netcore.app.ref\9.0.18\ref/net9.0/System.Globalization.Extensions.dll
                 Private = 'false'
             C:\Users\quan\.nuget\packages\microsoft.netcore.app.ref\9.0.18\ref/net9.0/System.Globalization.dll
                 Private = 'false'
             C:\Users\quan\.nuget\packages\microsoft.netcore.app.ref\9.0.18\ref/net9.0/System.IO.Compression.Brotli.dll
                 Private = 'false'
             C:\Users\quan\.nuget\packages\microsoft.netcore.app.ref\9.0.18\ref/net9.0/System.IO.Compression.FileSystem.dll
                 Private = 'false'
             C:\Users\quan\.nuget\packages\microsoft.netcore.app.ref\9.0.18\ref/net9.0/System.IO.Compression.ZipFile.dll
                 Private = 'false'
             C:\Users\quan\.nuget\packages\microsoft.netcore.app.ref\9.0.18\ref/net9.0/System.IO.Compression.dll
                 Private = 'false'
             C:\Users\quan\.nuget\packages\microsoft.netcore.app.ref\9.0.18\ref/net9.0/System.IO.FileSystem.AccessControl.dll
                 Private = 'false'
             C:\Users\quan\.nuget\packages\microsoft.netcore.app.ref\9.0.18\ref/net9.0/System.IO.FileSystem.DriveInfo.dll
                 Private = 'false'
             C:\Users\quan\.nuget\packages\microsoft.netcore.app.ref\9.0.18\ref/net9.0/System.IO.FileSystem.Primitives.dll
                 Private = 'false'
             C:\Users\quan\.nuget\packages\microsoft.netcore.app.ref\9.0.18\ref/net9.0/System.IO.FileSystem.Watcher.dll
                 Private = 'false'
             C:\Users\quan\.nuget\packages\microsoft.netcore.app.ref\9.0.18\ref/net9.0/System.IO.FileSystem.dll
                 Private = 'false'
             C:\Users\quan\.nuget\packages\microsoft.netcore.app.ref\9.0.18\ref/net9.0/System.IO.IsolatedStorage.dll
                 Private = 'false'
             C:\Users\quan\.nuget\packages\microsoft.netcore.app.ref\9.0.18\ref/net9.0/System.IO.MemoryMappedFiles.dll
                 Private = 'false'
             C:\Users\quan\.nuget\packages\microsoft.netcore.app.ref\9.0.18\ref/net9.0/System.IO.Pipelines.dll
                 Private = 'false'
             C:\Users\quan\.nuget\packages\microsoft.netcore.app.ref\9.0.18\ref/net9.0/System.IO.Pipes.AccessControl.dll
                 Private = 'false'
             C:\Users\quan\.nuget\packages\microsoft.netcore.app.ref\9.0.18\ref/net9.0/System.IO.Pipes.dll
                 Private = 'false'
             C:\Users\quan\.nuget\packages\microsoft.netcore.app.ref\9.0.18\ref/net9.0/System.IO.UnmanagedMemoryStream.dll
                 Private = 'false'
             C:\Users\quan\.nuget\packages\microsoft.netcore.app.ref\9.0.18\ref/net9.0/System.IO.dll
                 Private = 'false'
             C:\Users\quan\.nuget\packages\microsoft.netcore.app.ref\9.0.18\ref/net9.0/System.Linq.Expressions.dll
                 Private = 'false'
             C:\Users\quan\.nuget\packages\microsoft.netcore.app.ref\9.0.18\ref/net9.0/System.Linq.Parallel.dll
                 Private = 'false'
             C:\Users\quan\.nuget\packages\microsoft.netcore.app.ref\9.0.18\ref/net9.0/System.Linq.Queryable.dll
                 Private = 'false'
             C:\Users\quan\.nuget\packages\microsoft.netcore.app.ref\9.0.18\ref/net9.0/System.Linq.dll
                 Private = 'false'
             C:\Users\quan\.nuget\packages\microsoft.netcore.app.ref\9.0.18\ref/net9.0/System.Memory.dll
                 Private = 'false'
             C:\Users\quan\.nuget\packages\microsoft.netcore.app.ref\9.0.18\ref/net9.0/System.Net.Http.Json.dll
                 Private = 'false'
             C:\Users\quan\.nuget\packages\microsoft.netcore.app.ref\9.0.18\ref/net9.0/System.Net.Http.dll
                 Private = 'false'
             C:\Users\quan\.nuget\packages\microsoft.netcore.app.ref\9.0.18\ref/net9.0/System.Net.HttpListener.dll
                 Private = 'false'
             C:\Users\quan\.nuget\packages\microsoft.netcore.app.ref\9.0.18\ref/net9.0/System.Net.Mail.dll
                 Private = 'false'
             C:\Users\quan\.nuget\packages\microsoft.netcore.app.ref\9.0.18\ref/net9.0/System.Net.NameResolution.dll
                 Private = 'false'
             C:\Users\quan\.nuget\packages\microsoft.netcore.app.ref\9.0.18\ref/net9.0/System.Net.NetworkInformation.dll
                 Private = 'false'
             C:\Users\quan\.nuget\packages\microsoft.netcore.app.ref\9.0.18\ref/net9.0/System.Net.Ping.dll
                 Private = 'false'
             C:\Users\quan\.nuget\packages\microsoft.netcore.app.ref\9.0.18\ref/net9.0/System.Net.Primitives.dll
                 Private = 'false'
             C:\Users\quan\.nuget\packages\microsoft.netcore.app.ref\9.0.18\ref/net9.0/System.Net.Quic.dll
                 Private = 'false'
             C:\Users\quan\.nuget\packages\microsoft.netcore.app.ref\9.0.18\ref/net9.0/System.Net.Requests.dll
                 Private = 'false'
             C:\Users\quan\.nuget\packages\microsoft.netcore.app.ref\9.0.18\ref/net9.0/System.Net.Security.dll
                 Private = 'false'
             C:\Users\quan\.nuget\packages\microsoft.netcore.app.ref\9.0.18\ref/net9.0/System.Net.ServicePoint.dll
                 Private = 'false'
             C:\Users\quan\.nuget\packages\microsoft.netcore.app.ref\9.0.18\ref/net9.0/System.Net.Sockets.dll
                 Private = 'false'
             C:\Users\quan\.nuget\packages\microsoft.netcore.app.ref\9.0.18\ref/net9.0/System.Net.WebClient.dll
                 Private = 'false'
             C:\Users\quan\.nuget\packages\microsoft.netcore.app.ref\9.0.18\ref/net9.0/System.Net.WebHeaderCollection.dll
                 Private = 'false'
             C:\Users\quan\.nuget\packages\microsoft.netcore.app.ref\9.0.18\ref/net9.0/System.Net.WebProxy.dll
                 Private = 'false'
             C:\Users\quan\.nuget\packages\microsoft.netcore.app.ref\9.0.18\ref/net9.0/System.Net.WebSockets.Client.dll
                 Private = 'false'
             C:\Users\quan\.nuget\packages\microsoft.netcore.app.ref\9.0.18\ref/net9.0/System.Net.WebSockets.dll
                 Private = 'false'
             C:\Users\quan\.nuget\packages\microsoft.netcore.app.ref\9.0.18\ref/net9.0/System.Net.dll
                 Private = 'false'
             C:\Users\quan\.nuget\packages\microsoft.netcore.app.ref\9.0.18\ref/net9.0/System.Numerics.Vectors.dll
                 Private = 'false'
             C:\Users\quan\.nuget\packages\microsoft.netcore.app.ref\9.0.18\ref/net9.0/System.Numerics.dll
                 Private = 'false'
             C:\Users\quan\.nuget\packages\microsoft.netcore.app.ref\9.0.18\ref/net9.0/System.ObjectModel.dll
                 Private = 'false'
             C:\Users\quan\.nuget\packages\microsoft.netcore.app.ref\9.0.18\ref/net9.0/System.Reflection.DispatchProxy.dll
                 Private = 'false'
             C:\Users\quan\.nuget\packages\microsoft.netcore.app.ref\9.0.18\ref/net9.0/System.Reflection.Emit.ILGeneration.dll
                 Private = 'false'
             C:\Users\quan\.nuget\packages\microsoft.netcore.app.ref\9.0.18\ref/net9.0/System.Reflection.Emit.Lightweight.dll
                 Private = 'false'
             C:\Users\quan\.nuget\packages\microsoft.netcore.app.ref\9.0.18\ref/net9.0/System.Reflection.Emit.dll
                 Private = 'false'
             C:\Users\quan\.nuget\packages\microsoft.netcore.app.ref\9.0.18\ref/net9.0/System.Reflection.Extensions.dll
                 Private = 'false'
             C:\Users\quan\.nuget\packages\microsoft.netcore.app.ref\9.0.18\ref/net9.0/System.Reflection.Metadata.dll
                 Private = 'false'
             C:\Users\quan\.nuget\packages\microsoft.netcore.app.ref\9.0.18\ref/net9.0/System.Reflection.Primitives.dll
                 Private = 'false'
             C:\Users\quan\.nuget\packages\microsoft.netcore.app.ref\9.0.18\ref/net9.0/System.Reflection.TypeExtensions.dll
                 Private = 'false'
             C:\Users\quan\.nuget\packages\microsoft.netcore.app.ref\9.0.18\ref/net9.0/System.Reflection.dll
                 Private = 'false'
             C:\Users\quan\.nuget\packages\microsoft.netcore.app.ref\9.0.18\ref/net9.0/System.Resources.Reader.dll
                 Private = 'false'
             C:\Users\quan\.nuget\packages\microsoft.netcore.app.ref\9.0.18\ref/net9.0/System.Resources.ResourceManager.dll
                 Private = 'false'
             C:\Users\quan\.nuget\packages\microsoft.netcore.app.ref\9.0.18\ref/net9.0/System.Resources.Writer.dll
                 Private = 'false'
             C:\Users\quan\.nuget\packages\microsoft.netcore.app.ref\9.0.18\ref/net9.0/System.Runtime.CompilerServices.Unsafe.dll
                 Private = 'false'
             C:\Users\quan\.nuget\packages\microsoft.netcore.app.ref\9.0.18\ref/net9.0/System.Runtime.CompilerServices.VisualC.dll
                 Private = 'false'
             C:\Users\quan\.nuget\packages\microsoft.netcore.app.ref\9.0.18\ref/net9.0/System.Runtime.Extensions.dll
                 Private = 'false'
             C:\Users\quan\.nuget\packages\microsoft.netcore.app.ref\9.0.18\ref/net9.0/System.Runtime.Handles.dll
                 Private = 'false'
             C:\Users\quan\.nuget\packages\microsoft.netcore.app.ref\9.0.18\ref/net9.0/System.Runtime.InteropServices.JavaScript.dll
                 Private = 'false'
             C:\Users\quan\.nuget\packages\microsoft.netcore.app.ref\9.0.18\ref/net9.0/System.Runtime.InteropServices.RuntimeInformation.dll
                 Private = 'false'
             C:\Users\quan\.nuget\packages\microsoft.netcore.app.ref\9.0.18\ref/net9.0/System.Runtime.InteropServices.dll
                 Private = 'false'
             C:\Users\quan\.nuget\packages\microsoft.netcore.app.ref\9.0.18\ref/net9.0/System.Runtime.Intrinsics.dll
                 Private = 'false'
             C:\Users\quan\.nuget\packages\microsoft.netcore.app.ref\9.0.18\ref/net9.0/System.Runtime.Loader.dll
                 Private = 'false'
             C:\Users\quan\.nuget\packages\microsoft.netcore.app.ref\9.0.18\ref/net9.0/System.Runtime.Numerics.dll
                 Private = 'false'
             C:\Users\quan\.nuget\packages\microsoft.netcore.app.ref\9.0.18\ref/net9.0/System.Runtime.Serialization.Formatters.dll
                 Private = 'false'
             C:\Users\quan\.nuget\packages\microsoft.netcore.app.ref\9.0.18\ref/net9.0/System.Runtime.Serialization.Json.dll
                 Private = 'false'
             C:\Users\quan\.nuget\packages\microsoft.netcore.app.ref\9.0.18\ref/net9.0/System.Runtime.Serialization.Primitives.dll
                 Private = 'false'
             C:\Users\quan\.nuget\packages\microsoft.netcore.app.ref\9.0.18\ref/net9.0/System.Runtime.Serialization.Xml.dll
                 Private = 'false'
             C:\Users\quan\.nuget\packages\microsoft.netcore.app.ref\9.0.18\ref/net9.0/System.Runtime.Serialization.dll
                 Private = 'false'
             C:\Users\quan\.nuget\packages\microsoft.netcore.app.ref\9.0.18\ref/net9.0/System.Runtime.dll
                 Private = 'false'
             C:\Users\quan\.nuget\packages\microsoft.netcore.app.ref\9.0.18\ref/net9.0/System.Security.AccessControl.dll
                 Private = 'false'
             C:\Users\quan\.nuget\packages\microsoft.netcore.app.ref\9.0.18\ref/net9.0/System.Security.Claims.dll
                 Private = 'false'
             C:\Users\quan\.nuget\packages\microsoft.netcore.app.ref\9.0.18\ref/net9.0/System.Security.Cryptography.Algorithms.dll
                 Private = 'false'
             C:\Users\quan\.nuget\packages\microsoft.netcore.app.ref\9.0.18\ref/net9.0/System.Security.Cryptography.Cng.dll
                 Private = 'false'
             C:\Users\quan\.nuget\packages\microsoft.netcore.app.ref\9.0.18\ref/net9.0/System.Security.Cryptography.Csp.dll
                 Private = 'false'
             C:\Users\quan\.nuget\packages\microsoft.netcore.app.ref\9.0.18\ref/net9.0/System.Security.Cryptography.Encoding.dll
                 Private = 'false'
             C:\Users\quan\.nuget\packages\microsoft.netcore.app.ref\9.0.18\ref/net9.0/System.Security.Cryptography.OpenSsl.dll
                 Private = 'false'
             C:\Users\quan\.nuget\packages\microsoft.netcore.app.ref\9.0.18\ref/net9.0/System.Security.Cryptography.Primitives.dll
                 Private = 'false'
             C:\Users\quan\.nuget\packages\microsoft.netcore.app.ref\9.0.18\ref/net9.0/System.Security.Cryptography.X509Certificates.dll
                 Private = 'false'
             C:\Users\quan\.nuget\packages\microsoft.netcore.app.ref\9.0.18\ref/net9.0/System.Security.Cryptography.dll
                 Private = 'false'
             C:\Users\quan\.nuget\packages\microsoft.netcore.app.ref\9.0.18\ref/net9.0/System.Security.Principal.Windows.dll
                 Private = 'false'
             C:\Users\quan\.nuget\packages\microsoft.netcore.app.ref\9.0.18\ref/net9.0/System.Security.Principal.dll
                 Private = 'false'
             C:\Users\quan\.nuget\packages\microsoft.netcore.app.ref\9.0.18\ref/net9.0/System.Security.SecureString.dll
                 Private = 'false'
             C:\Users\quan\.nuget\packages\microsoft.netcore.app.ref\9.0.18\ref/net9.0/System.Security.dll
                 Private = 'false'
             C:\Users\quan\.nuget\packages\microsoft.netcore.app.ref\9.0.18\ref/net9.0/System.ServiceModel.Web.dll
                 Private = 'false'
             C:\Users\quan\.nuget\packages\microsoft.netcore.app.ref\9.0.18\ref/net9.0/System.ServiceProcess.dll
                 Private = 'false'
             C:\Users\quan\.nuget\packages\microsoft.netcore.app.ref\9.0.18\ref/net9.0/System.Text.Encoding.CodePages.dll
                 Private = 'false'
             C:\Users\quan\.nuget\packages\microsoft.netcore.app.ref\9.0.18\ref/net9.0/System.Text.Encoding.Extensions.dll
                 Private = 'false'
             C:\Users\quan\.nuget\packages\microsoft.netcore.app.ref\9.0.18\ref/net9.0/System.Text.Encoding.dll
                 Private = 'false'
             C:\Users\quan\.nuget\packages\microsoft.netcore.app.ref\9.0.18\ref/net9.0/System.Text.Encodings.Web.dll
                 Private = 'false'
             C:\Users\quan\.nuget\packages\microsoft.netcore.app.ref\9.0.18\ref/net9.0/System.Text.Json.dll
                 Private = 'false'
             C:\Users\quan\.nuget\packages\microsoft.netcore.app.ref\9.0.18\ref/net9.0/System.Text.RegularExpressions.dll
                 Private = 'false'
             C:\Users\quan\.nuget\packages\microsoft.netcore.app.ref\9.0.18\ref/net9.0/System.Threading.Channels.dll
                 Private = 'false'
             C:\Users\quan\.nuget\packages\microsoft.netcore.app.ref\9.0.18\ref/net9.0/System.Threading.Overlapped.dll
                 Private = 'false'
             C:\Users\quan\.nuget\packages\microsoft.netcore.app.ref\9.0.18\ref/net9.0/System.Threading.Tasks.Dataflow.dll
                 Private = 'false'
             C:\Users\quan\.nuget\packages\microsoft.netcore.app.ref\9.0.18\ref/net9.0/System.Threading.Tasks.Extensions.dll
                 Private = 'false'
             C:\Users\quan\.nuget\packages\microsoft.netcore.app.ref\9.0.18\ref/net9.0/System.Threading.Tasks.Parallel.dll
                 Private = 'false'
             C:\Users\quan\.nuget\packages\microsoft.netcore.app.ref\9.0.18\ref/net9.0/System.Threading.Tasks.dll
                 Private = 'false'
             C:\Users\quan\.nuget\packages\microsoft.netcore.app.ref\9.0.18\ref/net9.0/System.Threading.Thread.dll
                 Private = 'false'
             C:\Users\quan\.nuget\packages\microsoft.netcore.app.ref\9.0.18\ref/net9.0/System.Threading.ThreadPool.dll
                 Private = 'false'
             C:\Users\quan\.nuget\packages\microsoft.netcore.app.ref\9.0.18\ref/net9.0/System.Threading.Timer.dll
                 Private = 'false'
             C:\Users\quan\.nuget\packages\microsoft.netcore.app.ref\9.0.18\ref/net9.0/System.Threading.dll
                 Private = 'false'
             C:\Users\quan\.nuget\packages\microsoft.netcore.app.ref\9.0.18\ref/net9.0/System.Transactions.Local.dll
                 Private = 'false'
             C:\Users\quan\.nuget\packages\microsoft.netcore.app.ref\9.0.18\ref/net9.0/System.Transactions.dll
                 Private = 'false'
             C:\Users\quan\.nuget\packages\microsoft.netcore.app.ref\9.0.18\ref/net9.0/System.ValueTuple.dll
                 Private = 'false'
             C:\Users\quan\.nuget\packages\microsoft.netcore.app.ref\9.0.18\ref/net9.0/System.Web.HttpUtility.dll
                 Private = 'false'
             C:\Users\quan\.nuget\packages\microsoft.netcore.app.ref\9.0.18\ref/net9.0/System.Web.dll
                 Private = 'false'
             C:\Users\quan\.nuget\packages\microsoft.netcore.app.ref\9.0.18\ref/net9.0/System.Windows.dll
                 Private = 'false'
             C:\Users\quan\.nuget\packages\microsoft.netcore.app.ref\9.0.18\ref/net9.0/System.Xml.Linq.dll
                 Private = 'false'
             C:\Users\quan\.nuget\packages\microsoft.netcore.app.ref\9.0.18\ref/net9.0/System.Xml.ReaderWriter.dll
                 Private = 'false'
             C:\Users\quan\.nuget\packages\microsoft.netcore.app.ref\9.0.18\ref/net9.0/System.Xml.Serialization.dll
                 Private = 'false'
             C:\Users\quan\.nuget\packages\microsoft.netcore.app.ref\9.0.18\ref/net9.0/System.Xml.XDocument.dll
                 Private = 'false'
             C:\Users\quan\.nuget\packages\microsoft.netcore.app.ref\9.0.18\ref/net9.0/System.Xml.XPath.XDocument.dll
                 Private = 'false'
             C:\Users\quan\.nuget\packages\microsoft.netcore.app.ref\9.0.18\ref/net9.0/System.Xml.XPath.dll
                 Private = 'false'
             C:\Users\quan\.nuget\packages\microsoft.netcore.app.ref\9.0.18\ref/net9.0/System.Xml.XmlDocument.dll
                 Private = 'false'
             C:\Users\quan\.nuget\packages\microsoft.netcore.app.ref\9.0.18\ref/net9.0/System.Xml.XmlSerializer.dll
                 Private = 'false'
             C:\Users\quan\.nuget\packages\microsoft.netcore.app.ref\9.0.18\ref/net9.0/System.Xml.dll
                 Private = 'false'
             C:\Users\quan\.nuget\packages\microsoft.netcore.app.ref\9.0.18\ref/net9.0/System.dll
                 Private = 'false'
             C:\Users\quan\.nuget\packages\microsoft.netcore.app.ref\9.0.18\ref/net9.0/WindowsBase.dll
                 Private = 'false'
             C:\Users\quan\.nuget\packages\microsoft.netcore.app.ref\9.0.18\ref/net9.0/mscorlib.dll
                 Private = 'false'
             C:\Users\quan\.nuget\packages\microsoft.netcore.app.ref\9.0.18\ref/net9.0/netstandard.dll
                 Private = 'false'
             C:\Users\quan\.nuget\packages\microsoft.windows.sdk.net.ref\10.0.22621.57\lib/net8.0/Microsoft.Windows.SDK.NET.dll
                 Private = 'false'
             C:\Users\quan\.nuget\packages\microsoft.windows.sdk.net.ref\10.0.22621.57\lib/net8.0/WinRT.Runtime.dll
                 Private = 'false'
         AssemblyFiles:
         CandidateAssemblyFiles:
             C:\Users\quan\.nuget\packages\microsoft.web.webview2\1.0.2651.64\build\\..\runtimes\win-x64\native\WebView2Loader.dll
             OutputInstaller\Smart_Fan_Cooling_Setup_v2.1_CustomPresets.exe
         TargetFrameworkDirectories:
             
         NonCultureResourceDirectories:
             
         InstalledAssemblyTables:
         IgnoreInstalledAssemblyTable:
             False
         SearchPaths:
             {CandidateAssemblyFiles}
             {HintPathFromItem}
             {TargetFrameworkDirectory}
             {RawFileName}
         AllowedAssemblyExtensions:
             .winmd
             .dll
             .exe
         AllowedRelatedFileExtensions:
             .pdb
             .xml
             .pri
             .dll.config
             .exe.config
         AppConfigFile:
             
         AutoUnify:
             True
         EnableCustomCulture:
             False
         EnableCustomCulture:
             False
         CopyLocalDependenciesWhenParentReferenceInGac:
             True
         FindDependencies:
             True
         TargetProcessorArchitecture:
             amd64
         StateFile:
             obj\x64\Debug\net9.0-windows10.0.22621.0\win-x64\smart_fan_cooling_windows_app.csproj.AssemblyReference.cache
         InstalledAssemblySubsetTables:
         IgnoreInstalledAssemblySubsetTable:
             False
         TargetFrameworkSubsets:
         FullTargetFrameworkSubsetNames:
             Full
         ProfileName:
             
         FullFrameworkFolders:
         LatestTargetFrameworkDirectories:
         ProfileTablesLocation:
         Primary reference "Microsoft.Web.WebView2.Core.Projection, Version=1.0.2651.64, Culture=neutral, PublicKeyToken=2a8ab48044d2601e".
             Resolved file path is "C:\Users\quan\.nuget\packages\microsoft.web.webview2\1.0.2651.64\lib_manual\net6.0-windows10.0.17763.0\Microsoft.Web.WebView2.Core.Projection.dll".
             Reference found at search path location "{RawFileName}".
         Primary reference "CommunityToolkit.Mvvm, Version=8.3.0.0, Culture=neutral, PublicKeyToken=4aff67a105548ee2".
             Resolved file path is "C:\Users\quan\.nuget\packages\communitytoolkit.mvvm\8.3.2\lib\net8.0-windows10.0.17763\CommunityToolkit.Mvvm.dll".
             Reference found at search path location "{HintPathFromItem}".
             Found related file "C:\Users\quan\.nuget\packages\communitytoolkit.mvvm\8.3.2\lib\net8.0-windows10.0.17763\CommunityToolkit.Mvvm.pdb".
             Found related file "C:\Users\quan\.nuget\packages\communitytoolkit.mvvm\8.3.2\lib\net8.0-windows10.0.17763\CommunityToolkit.Mvvm.xml".
             This reference is not "CopyLocal" because at least one source item had "Private" set to "false" and no source items had "Private" set to "true".
         Primary reference "HidSharp, Version=2.1.0.0, Culture=neutral, PublicKeyToken=null".
             Resolved file path is "C:\Users\quan\.nuget\packages\hidsharp\2.1.0\lib\netstandard2.0\HidSharp.dll".
             Reference found at search path location "{HintPathFromItem}".
             Found related file "C:\Users\quan\.nuget\packages\hidsharp\2.1.0\lib\netstandard2.0\HidSharp.pdb".
             Found related file "C:\Users\quan\.nuget\packages\hidsharp\2.1.0\lib\netstandard2.0\HidSharp.xml".
             This reference is not "CopyLocal" because at least one source item had "Private" set to "false" and no source items had "Private" set to "true".
         Primary reference "LibreHardwareMonitorLib, Version=0.9.3.0, Culture=neutral, PublicKeyToken=null".
             Resolved file path is "C:\Users\quan\.nuget\packages\librehardwaremonitorlib\0.9.3\lib\net7.0\LibreHardwareMonitorLib.dll".
             Reference found at search path location "{HintPathFromItem}".
             Found related file "C:\Users\quan\.nuget\packages\librehardwaremonitorlib\0.9.3\lib\net7.0\LibreHardwareMonitorLib.xml".
             This reference is not "CopyLocal" because at least one source item had "Private" set to "false" and no source items had "Private" set to "true".
         Primary reference "Microsoft.Win32.SystemEvents, Version=9.0.0.0, Culture=neutral, PublicKeyToken=cc7b13ffcd2ddd51".
             Resolved file path is "C:\Users\quan\.nuget\packages\microsoft.win32.systemevents\9.0.0\lib\net9.0\Microsoft.Win32.SystemEvents.dll".
             Reference found at search path location "{HintPathFromItem}".
             Found related file "C:\Users\quan\.nuget\packages\microsoft.win32.systemevents\9.0.0\lib\net9.0\Microsoft.Win32.SystemEvents.xml".
             This reference is not "CopyLocal" because at least one source item had "Private" set to "false" and no source items had "Private" set to "true".
         Primary reference "Microsoft.InteractiveExperiences.Projection, Version=10.0.0.0, Culture=neutral, PublicKeyToken=31bf3856ad364e35".
             Resolved file path is "C:\Users\quan\.nuget\packages\microsoft.windowsappsdk\1.6.241114003\lib\net6.0-windows10.0.18362.0\Microsoft.InteractiveExperiences.Projection.dll".
             Reference found at search path location "{HintPathFromItem}".
             Found related file "C:\Users\quan\.nuget\packages\microsoft.windowsappsdk\1.6.241114003\lib\net6.0-windows10.0.18362.0\Microsoft.InteractiveExperiences.Projection.xml".
             This reference is not "CopyLocal" because at least one source item had "Private" set to "false" and no source items had "Private" set to "true".
         Primary reference "Microsoft.WinUI, Version=3.0.0.0, Culture=neutral, PublicKeyToken=de31ebe4ad15742b".
             Resolved file path is "C:\Users\quan\.nuget\packages\microsoft.windowsappsdk\1.6.241114003\lib\net6.0-windows10.0.18362.0\Microsoft.WinUI.dll".
             Reference found at search path location "{HintPathFromItem}".
             Found related file "C:\Users\quan\.nuget\packages\microsoft.windowsappsdk\1.6.241114003\lib\net6.0-windows10.0.18362.0\Microsoft.WinUI.xml".
             This reference is not "CopyLocal" because at least one source item had "Private" set to "false" and no source items had "Private" set to "true".
         Primary reference "Microsoft.Windows.AppLifecycle.Projection, Version=1.6.0.0, Culture=neutral, PublicKeyToken=61733769cca94f40".
             Resolved file path is "C:\Users\quan\.nuget\packages\microsoft.windowsappsdk\1.6.241114003\lib\net6.0-windows10.0.18362.0\Microsoft.Windows.AppLifecycle.Projection.dll".
             Reference found at search path location "{HintPathFromItem}".
             Found related file "C:\Users\quan\.nuget\packages\microsoft.windowsappsdk\1.6.241114003\lib\net6.0-windows10.0.18362.0\Microsoft.Windows.AppLifecycle.Projection.xml".
             This reference is not "CopyLocal" because at least one source item had "Private" set to "false" and no source items had "Private" set to "true".
         Primary reference "Microsoft.Windows.AppNotifications.Builder.Projection, Version=1.6.0.0, Culture=neutral, PublicKeyToken=61733769cca94f40".
             Resolved file path is "C:\Users\quan\.nuget\packages\microsoft.windowsappsdk\1.6.241114003\lib\net6.0-windows10.0.18362.0\Microsoft.Windows.AppNotifications.Builder.Projection.dll".
             Reference found at search path location "{HintPathFromItem}".
             Found related file "C:\Users\quan\.nuget\packages\microsoft.windowsappsdk\1.6.241114003\lib\net6.0-windows10.0.18362.0\Microsoft.Windows.AppNotifications.Builder.Projection.xml".
             This reference is not "CopyLocal" because at least one source item had "Private" set to "false" and no source items had "Private" set to "true".
         Primary reference "Microsoft.Windows.AppNotifications.Projection, Version=1.6.0.0, Culture=neutral, PublicKeyToken=61733769cca94f40".
             Resolved file path is "C:\Users\quan\.nuget\packages\microsoft.windowsappsdk\1.6.241114003\lib\net6.0-windows10.0.18362.0\Microsoft.Windows.AppNotifications.Projection.dll".
             Reference found at search path location "{HintPathFromItem}".
             Found related file "C:\Users\quan\.nuget\packages\microsoft.windowsappsdk\1.6.241114003\lib\net6.0-windows10.0.18362.0\Microsoft.Windows.AppNotifications.Projection.xml".
             This reference is not "CopyLocal" because at least one source item had "Private" set to "false" and no source items had "Private" set to "true".
         Primary reference "Microsoft.Windows.ApplicationModel.DynamicDependency.Projection, Version=1.6.0.0, Culture=neutral, PublicKeyToken=61733769cca94f40".
             Resolved file path is "C:\Users\quan\.nuget\packages\microsoft.windowsappsdk\1.6.241114003\lib\net6.0-windows10.0.18362.0\Microsoft.Windows.ApplicationModel.DynamicDependency.Projection.dll".
             Reference found at search path location "{HintPathFromItem}".
             Found related file "C:\Users\quan\.nuget\packages\microsoft.windowsappsdk\1.6.241114003\lib\net6.0-windows10.0.18362.0\Microsoft.Windows.ApplicationModel.DynamicDependency.Projection.xml".
             This reference is not "CopyLocal" because at least one source item had "Private" set to "false" and no source items had "Private" set to "true".
         Primary reference "Microsoft.Windows.ApplicationModel.Resources.Projection, Version=1.6.0.0, Culture=neutral, PublicKeyToken=61733769cca94f40".
             Resolved file path is "C:\Users\quan\.nuget\packages\microsoft.windowsappsdk\1.6.241114003\lib\net6.0-windows10.0.18362.0\Microsoft.Windows.ApplicationModel.Resources.Projection.dll".
             Reference found at search path location "{HintPathFromItem}".
             Found related file "C:\Users\quan\.nuget\packages\microsoft.windowsappsdk\1.6.241114003\lib\net6.0-windows10.0.18362.0\Microsoft.Windows.ApplicationModel.Resources.Projection.xml".
             This reference is not "CopyLocal" because at least one source item had "Private" set to "false" and no source items had "Private" set to "true".
         Primary reference "Microsoft.Windows.ApplicationModel.WindowsAppRuntime.Projection, Version=1.6.0.0, Culture=neutral, PublicKeyToken=61733769cca94f40".
             Resolved file path is "C:\Users\quan\.nuget\packages\microsoft.windowsappsdk\1.6.241114003\lib\net6.0-windows10.0.18362.0\Microsoft.Windows.ApplicationModel.WindowsAppRuntime.Projection.dll".
             Reference found at search path location "{HintPathFromItem}".
             Found related file "C:\Users\quan\.nuget\packages\microsoft.windowsappsdk\1.6.241114003\lib\net6.0-windows10.0.18362.0\Microsoft.Windows.ApplicationModel.WindowsAppRuntime.Projection.xml".
             This reference is not "CopyLocal" because at least one source item had "Private" set to "false" and no source items had "Private" set to "true".
         Primary reference "Microsoft.Windows.Management.Deployment.Projection, Version=1.6.0.0, Culture=neutral, PublicKeyToken=61733769cca94f40".
             Resolved file path is "C:\Users\quan\.nuget\packages\microsoft.windowsappsdk\1.6.241114003\lib\net6.0-windows10.0.18362.0\Microsoft.Windows.Management.Deployment.Projection.dll".
             Reference found at search path location "{HintPathFromItem}".
             Found related file "C:\Users\quan\.nuget\packages\microsoft.windowsappsdk\1.6.241114003\lib\net6.0-windows10.0.18362.0\Microsoft.Windows.Management.Deployment.Projection.xml".
             This reference is not "CopyLocal" because at least one source item had "Private" set to "false" and no source items had "Private" set to "true".
         Primary reference "Microsoft.Windows.PushNotifications.Projection, Version=1.6.0.0, Culture=neutral, PublicKeyToken=61733769cca94f40".
             Resolved file path is "C:\Users\quan\.nuget\packages\microsoft.windowsappsdk\1.6.241114003\lib\net6.0-windows10.0.18362.0\Microsoft.Windows.PushNotifications.Projection.dll".
             Reference found at search path location "{HintPathFromItem}".
             Found related file "C:\Users\quan\.nuget\packages\microsoft.windowsappsdk\1.6.241114003\lib\net6.0-windows10.0.18362.0\Microsoft.Windows.PushNotifications.Projection.xml".
             This reference is not "CopyLocal" because at least one source item had "Private" set to "false" and no source items had "Private" set to "true".
         Primary reference "Microsoft.Windows.Security.AccessControl.Projection, Version=1.6.0.0, Culture=neutral, PublicKeyToken=61733769cca94f40".
             Resolved file path is "C:\Users\quan\.nuget\packages\microsoft.windowsappsdk\1.6.241114003\lib\net6.0-windows10.0.18362.0\Microsoft.Windows.Security.AccessControl.Projection.dll".
             Reference found at search path location "{HintPathFromItem}".
             Found related file "C:\Users\quan\.nuget\packages\microsoft.windowsappsdk\1.6.241114003\lib\net6.0-windows10.0.18362.0\Microsoft.Windows.Security.AccessControl.Projection.xml".
             This reference is not "CopyLocal" because at least one source item had "Private" set to "false" and no source items had "Private" set to "true".
         Primary reference "Microsoft.Windows.Storage.Projection, Version=1.6.0.0, Culture=neutral, PublicKeyToken=61733769cca94f40".
             Resolved file path is "C:\Users\quan\.nuget\packages\microsoft.windowsappsdk\1.6.241114003\lib\net6.0-windows10.0.18362.0\Microsoft.Windows.Storage.Projection.dll".
             Reference found at search path location "{HintPathFromItem}".
             Found related file "C:\Users\quan\.nuget\packages\microsoft.windowsappsdk\1.6.241114003\lib\net6.0-windows10.0.18362.0\Microsoft.Windows.Storage.Projection.xml".
             This reference is not "CopyLocal" because at least one source item had "Private" set to "false" and no source items had "Private" set to "true".
         Primary reference "Microsoft.Windows.System.Power.Projection, Version=1.6.0.0, Culture=neutral, PublicKeyToken=61733769cca94f40".
             Resolved file path is "C:\Users\quan\.nuget\packages\microsoft.windowsappsdk\1.6.241114003\lib\net6.0-windows10.0.18362.0\Microsoft.Windows.System.Power.Projection.dll".
             Reference found at search path location "{HintPathFromItem}".
             Found related file "C:\Users\quan\.nuget\packages\microsoft.windowsappsdk\1.6.241114003\lib\net6.0-windows10.0.18362.0\Microsoft.Windows.System.Power.Projection.xml".
             This reference is not "CopyLocal" because at least one source item had "Private" set to "false" and no source items had "Private" set to "true".
         Primary reference "Microsoft.Windows.System.Projection, Version=1.6.0.0, Culture=neutral, PublicKeyToken=61733769cca94f40".
             Resolved file path is "C:\Users\quan\.nuget\packages\microsoft.windowsappsdk\1.6.241114003\lib\net6.0-windows10.0.18362.0\Microsoft.Windows.System.Projection.dll".
             Reference found at search path location "{HintPathFromItem}".
             Found related file "C:\Users\quan\.nuget\packages\microsoft.windowsappsdk\1.6.241114003\lib\net6.0-windows10.0.18362.0\Microsoft.Windows.System.Projection.xml".
             This reference is not "CopyLocal" because at least one source item had "Private" set to "false" and no source items had "Private" set to "true".
         Primary reference "Microsoft.Windows.Widgets.Projection, Version=1.0.0.0, Culture=neutral, PublicKeyToken=null".
             Resolved file path is "C:\Users\quan\.nuget\packages\microsoft.windowsappsdk\1.6.241114003\lib\net6.0-windows10.0.18362.0\Microsoft.Windows.Widgets.Projection.dll".
             Reference found at search path location "{HintPathFromItem}".
             Found related file "C:\Users\quan\.nuget\packages\microsoft.windowsappsdk\1.6.241114003\lib\net6.0-windows10.0.18362.0\Microsoft.Windows.Widgets.Projection.xml".
             This reference is not "CopyLocal" because at least one source item had "Private" set to "false" and no source items had "Private" set to "true".
         Primary reference "Microsoft.WindowsAppRuntime.Bootstrap.Net, Version=1.6.0.0, Culture=neutral, PublicKeyToken=61733769cca94f40".
             Resolved file path is "C:\Users\quan\.nuget\packages\microsoft.windowsappsdk\1.6.241114003\lib\net6.0-windows10.0.18362.0\Microsoft.WindowsAppRuntime.Bootstrap.Net.dll".
             Reference found at search path location "{HintPathFromItem}".
             This reference is not "CopyLocal" because at least one source item had "Private" set to "false" and no source items had "Private" set to "true".
         Primary reference "Mono.Posix.NETStandard, Version=1.0.0.0, Culture=neutral, PublicKeyToken=cc7b13ffcd2ddd51".
             Resolved file path is "C:\Users\quan\.nuget\packages\mono.posix.netstandard\1.0.0\ref\netstandard2.0\Mono.Posix.NETStandard.dll".
             Reference found at search path location "{HintPathFromItem}".
             This reference is not "CopyLocal" because at least one source item had "Private" set to "false" and no source items had "Private" set to "true".
         Primary reference "System.CodeDom, Version=9.0.0.0, Culture=neutral, PublicKeyToken=cc7b13ffcd2ddd51".
             Resolved file path is "C:\Users\quan\.nuget\packages\system.codedom\9.0.0\lib\net9.0\System.CodeDom.dll".
             Reference found at search path location "{HintPathFromItem}".
             Found related file "C:\Users\quan\.nuget\packages\system.codedom\9.0.0\lib\net9.0\System.CodeDom.xml".
             This reference is not "CopyLocal" because at least one source item had "Private" set to "false" and no source items had "Private" set to "true".
         Primary reference "System.Drawing.Common, Version=9.0.0.0, Culture=neutral, PublicKeyToken=cc7b13ffcd2ddd51".
             Resolved file path is "C:\Users\quan\.nuget\packages\system.drawing.common\9.0.0\lib\net9.0\System.Drawing.Common.dll".
             Reference found at search path location "{HintPathFromItem}".
             Found related file "C:\Users\quan\.nuget\packages\system.drawing.common\9.0.0\lib\net9.0\System.Drawing.Common.pdb".
             Found related file "C:\Users\quan\.nuget\packages\system.drawing.common\9.0.0\lib\net9.0\System.Drawing.Common.xml".
             This reference is not "CopyLocal" because at least one source item had "Private" set to "false" and no source items had "Private" set to "true".
         Primary reference "System.Private.Windows.Core, Version=9.0.0.0, Culture=neutral, PublicKeyToken=b77a5c561934e089".
             Resolved file path is "C:\Users\quan\.nuget\packages\system.drawing.common\9.0.0\lib\net9.0\System.Private.Windows.Core.dll".
             Reference found at search path location "{HintPathFromItem}".
             Found related file "C:\Users\quan\.nuget\packages\system.drawing.common\9.0.0\lib\net9.0\System.Private.Windows.Core.xml".
             This reference is not "CopyLocal" because at least one source item had "Private" set to "false" and no source items had "Private" set to "true".
         Unified primary reference "System.IO.Ports, Version=9.0.0.0, Culture=neutral, PublicKeyToken=cc7b13ffcd2ddd51".
             Using this version instead of original version "8.0.0.0" in "C:\Users\quan\.nuget\packages\librehardwaremonitorlib\0.9.3\lib\net7.0\LibreHardwareMonitorLib.dll" because AutoUnify is 'true'.
             Resolved file path is "C:\Users\quan\.nuget\packages\system.io.ports\9.0.0\lib\net9.0\System.IO.Ports.dll".
             Reference found at search path location "{HintPathFromItem}".
             Found related file "C:\Users\quan\.nuget\packages\system.io.ports\9.0.0\lib\net9.0\System.IO.Ports.xml".
             This reference is not "CopyLocal" because at least one source item had "Private" set to "false" and no source items had "Private" set to "true".
         Unified primary reference "System.Management, Version=9.0.0.0, Culture=neutral, PublicKeyToken=b03f5f7f11d50a3a".
             Using this version instead of original version "8.0.0.0" in "C:\Users\quan\.nuget\packages\librehardwaremonitorlib\0.9.3\lib\net7.0\LibreHardwareMonitorLib.dll" because AutoUnify is 'true'.
             Resolved file path is "C:\Users\quan\.nuget\packages\system.management\9.0.0\lib\net9.0\System.Management.dll".
             Reference found at search path location "{HintPathFromItem}".
             Found related file "C:\Users\quan\.nuget\packages\system.management\9.0.0\lib\net9.0\System.Management.xml".
             This reference is not "CopyLocal" because at least one source item had "Private" set to "false" and no source items had "Private" set to "true".
         Primary reference "Microsoft.CSharp, Version=9.0.0.0, Culture=neutral, PublicKeyToken=b03f5f7f11d50a3a".
             Resolved file path is "C:\Users\quan\.nuget\packages\microsoft.netcore.app.ref\9.0.18\ref\net9.0\Microsoft.CSharp.dll".
             Reference found at search path location "{RawFileName}".
             This reference is not "CopyLocal" because at least one source item had "Private" set to "false" and no source items had "Private" set to "true".
         Primary reference "Microsoft.VisualBasic.Core, Version=14.0.0.0, Culture=neutral, PublicKeyToken=b03f5f7f11d50a3a".
             Resolved file path is "C:\Users\quan\.nuget\packages\microsoft.netcore.app.ref\9.0.18\ref\net9.0\Microsoft.VisualBasic.Core.dll".
             Reference found at search path location "{RawFileName}".
             This reference is not "CopyLocal" because at least one source item had "Private" set to "false" and no source items had "Private" set to "true".
         Primary reference "Microsoft.VisualBasic, Version=10.0.0.0, Culture=neutral, PublicKeyToken=b03f5f7f11d50a3a".
             Resolved file path is "C:\Users\quan\.nuget\packages\microsoft.netcore.app.ref\9.0.18\ref\net9.0\Microsoft.VisualBasic.dll".
             Reference found at search path location "{RawFileName}".
             This reference is not "CopyLocal" because at least one source item had "Private" set to "false" and no source items had "Private" set to "true".
         Primary reference "Microsoft.Win32.Primitives, Version=9.0.0.0, Culture=neutral, PublicKeyToken=b03f5f7f11d50a3a".
             Resolved file path is "C:\Users\quan\.nuget\packages\microsoft.netcore.app.ref\9.0.18\ref\net9.0\Microsoft.Win32.Primitives.dll".
             Reference found at search path location "{RawFileName}".
             This reference is not "CopyLocal" because at least one source item had "Private" set to "false" and no source items had "Private" set to "true".
         Unified primary reference "Microsoft.Win32.Registry, Version=9.0.0.0, Culture=neutral, PublicKeyToken=b03f5f7f11d50a3a".
             Using this version instead of original version "7.0.0.0" in "C:\Users\quan\.nuget\packages\librehardwaremonitorlib\0.9.3\lib\net7.0\LibreHardwareMonitorLib.dll" because AutoUnify is 'true'.
             Resolved file path is "C:\Users\quan\.nuget\packages\microsoft.netcore.app.ref\9.0.18\ref\net9.0\Microsoft.Win32.Registry.dll".
             Reference found at search path location "{RawFileName}".
             This reference is not "CopyLocal" because at least one source item had "Private" set to "false" and no source items had "Private" set to "true".
         Primary reference "System.AppContext, Version=9.0.0.0, Culture=neutral, PublicKeyToken=b03f5f7f11d50a3a".
             Resolved file path is "C:\Users\quan\.nuget\packages\microsoft.netcore.app.ref\9.0.18\ref\net9.0\System.AppContext.dll".
             Reference found at search path location "{RawFileName}".
             This reference is not "CopyLocal" because at least one source item had "Private" set to "false" and no source items had "Private" set to "true".
         Primary reference "System.Buffers, Version=9.0.0.0, Culture=neutral, PublicKeyToken=cc7b13ffcd2ddd51".
             Resolved file path is "C:\Users\quan\.nuget\packages\microsoft.netcore.app.ref\9.0.18\ref\net9.0\System.Buffers.dll".
             Reference found at search path location "{RawFileName}".
             This reference is not "CopyLocal" because at least one source item had "Private" set to "false" and no source items had "Private" set to "true".
         Unified primary reference "System.Collections.Concurrent, Version=9.0.0.0, Culture=neutral, PublicKeyToken=b03f5f7f11d50a3a".
             Using this version instead of original version "6.0.0.0" in "C:\Users\quan\.nuget\packages\microsoft.web.webview2\1.0.2651.64\lib_manual\net6.0-windows10.0.17763.0\Microsoft.Web.WebView2.Core.Projection.dll" because AutoUnify is 'true'.
             Using this version instead of original version "6.0.0.0" in "C:\Users\quan\.nuget\packages\microsoft.windowsappsdk\1.6.241114003\lib\net6.0-windows10.0.18362.0\Microsoft.InteractiveExperiences.Projection.dll" because AutoUnify is 'true'.
             Using this version instead of original version "6.0.0.0" in "C:\Users\quan\.nuget\packages\microsoft.windowsappsdk\1.6.241114003\lib\net6.0-windows10.0.18362.0\Microsoft.WinUI.dll" because AutoUnify is 'true'.
             Using this version instead of original version "6.0.0.0" in "C:\Users\quan\.nuget\packages\microsoft.windowsappsdk\1.6.241114003\lib\net6.0-windows10.0.18362.0\Microsoft.Windows.AppLifecycle.Projection.dll" because AutoUnify is 'true'.
             Using this version instead of original version "6.0.0.0" in "C:\Users\quan\.nuget\packages\microsoft.windowsappsdk\1.6.241114003\lib\net6.0-windows10.0.18362.0\Microsoft.Windows.AppNotifications.Builder.Projection.dll" because AutoUnify is 'true'.
             Using this version instead of original version "6.0.0.0" in "C:\Users\quan\.nuget\packages\microsoft.windowsappsdk\1.6.241114003\lib\net6.0-windows10.0.18362.0\Microsoft.Windows.AppNotifications.Projection.dll" because AutoUnify is 'true'.
             Using this version instead of original version "6.0.0.0" in "C:\Users\quan\.nuget\packages\microsoft.windowsappsdk\1.6.241114003\lib\net6.0-windows10.0.18362.0\Microsoft.Windows.ApplicationModel.DynamicDependency.Projection.dll" because AutoUnify is 'true'.
             Using this version instead of original version "6.0.0.0" in "C:\Users\quan\.nuget\packages\microsoft.windowsappsdk\1.6.241114003\lib\net6.0-windows10.0.18362.0\Microsoft.Windows.ApplicationModel.Resources.Projection.dll" because AutoUnify is 'true'.
             Using this version instead of original version "6.0.0.0" in "C:\Users\quan\.nuget\packages\microsoft.windowsappsdk\1.6.241114003\lib\net6.0-windows10.0.18362.0\Microsoft.Windows.ApplicationModel.WindowsAppRuntime.Projection.dll" because AutoUnify is 'true'.
             Using this version instead of original version "6.0.0.0" in "C:\Users\quan\.nuget\packages\microsoft.windowsappsdk\1.6.241114003\lib\net6.0-windows10.0.18362.0\Microsoft.Windows.Management.Deployment.Projection.dll" because AutoUnify is 'true'.
             Using this version instead of original version "6.0.0.0" in "C:\Users\quan\.nuget\packages\microsoft.windowsappsdk\1.6.241114003\lib\net6.0-windows10.0.18362.0\Microsoft.Windows.PushNotifications.Projection.dll" because AutoUnify is 'true'.
             Using this version instead of original version "6.0.0.0" in "C:\Users\quan\.nuget\packages\microsoft.windowsappsdk\1.6.241114003\lib\net6.0-windows10.0.18362.0\Microsoft.Windows.Storage.Projection.dll" because AutoUnify is 'true'.
             Using this version instead of original version "6.0.0.0" in "C:\Users\quan\.nuget\packages\microsoft.windowsappsdk\1.6.241114003\lib\net6.0-windows10.0.18362.0\Microsoft.Windows.System.Projection.dll" because AutoUnify is 'true'.
             Using this version instead of original version "6.0.0.0" in "C:\Users\quan\.nuget\packages\microsoft.windowsappsdk\1.6.241114003\lib\net6.0-windows10.0.18362.0\Microsoft.Windows.Widgets.Projection.dll" because AutoUnify is 'true'.
             Resolved file path is "C:\Users\quan\.nuget\packages\microsoft.netcore.app.ref\9.0.18\ref\net9.0\System.Collections.Concurrent.dll".
             Reference found at search path location "{RawFileName}".
             This reference is not "CopyLocal" because at least one source item had "Private" set to "false" and no source items had "Private" set to "true".
         Primary reference "System.Collections.Immutable, Version=9.0.0.0, Culture=neutral, PublicKeyToken=b03f5f7f11d50a3a".
             Resolved file path is "C:\Users\quan\.nuget\packages\microsoft.netcore.app.ref\9.0.18\ref\net9.0\System.Collections.Immutable.dll".
             Reference found at search path location "{RawFileName}".
             This reference is not "CopyLocal" because at least one source item had "Private" set to "false" and no source items had "Private" set to "true".
         Primary reference "System.Collections.NonGeneric, Version=9.0.0.0, Culture=neutral, PublicKeyToken=b03f5f7f11d50a3a".
             Resolved file path is "C:\Users\quan\.nuget\packages\microsoft.netcore.app.ref\9.0.18\ref\net9.0\System.Collections.NonGeneric.dll".
             Reference found at search path location "{RawFileName}".
             This reference is not "CopyLocal" because at least one source item had "Private" set to "false" and no source items had "Private" set to "true".
         Primary reference "System.Collections.Specialized, Version=9.0.0.0, Culture=neutral, PublicKeyToken=b03f5f7f11d50a3a".
             Resolved file path is "C:\Users\quan\.nuget\packages\microsoft.netcore.app.ref\9.0.18\ref\net9.0\System.Collections.Specialized.dll".
             Reference found at search path location "{RawFileName}".
             This reference is not "CopyLocal" because at least one source item had "Private" set to "false" and no source items had "Private" set to "true".
         Unified primary reference "System.Collections, Version=9.0.0.0, Culture=neutral, PublicKeyToken=b03f5f7f11d50a3a".
             Using this version instead of original version "6.0.0.0" in "C:\Users\quan\.nuget\packages\microsoft.web.webview2\1.0.2651.64\lib_manual\net6.0-windows10.0.17763.0\Microsoft.Web.WebView2.Core.Projection.dll" because AutoUnify is 'true'.
             Using this version instead of original version "8.0.0.0" in "C:\Users\quan\.nuget\packages\communitytoolkit.mvvm\8.3.2\lib\net8.0-windows10.0.17763\CommunityToolkit.Mvvm.dll" because AutoUnify is 'true'.
             Using this version instead of original version "7.0.0.0" in "C:\Users\quan\.nuget\packages\librehardwaremonitorlib\0.9.3\lib\net7.0\LibreHardwareMonitorLib.dll" because AutoUnify is 'true'.
             Using this version instead of original version "6.0.0.0" in "C:\Users\quan\.nuget\packages\microsoft.windowsappsdk\1.6.241114003\lib\net6.0-windows10.0.18362.0\Microsoft.InteractiveExperiences.Projection.dll" because AutoUnify is 'true'.
             Using this version instead of original version "6.0.0.0" in "C:\Users\quan\.nuget\packages\microsoft.windowsappsdk\1.6.241114003\lib\net6.0-windows10.0.18362.0\Microsoft.WinUI.dll" because AutoUnify is 'true'.
             Resolved file path is "C:\Users\quan\.nuget\packages\microsoft.netcore.app.ref\9.0.18\ref\net9.0\System.Collections.dll".
             Reference found at search path location "{RawFileName}".
             This reference is not "CopyLocal" because at least one source item had "Private" set to "false" and no source items had "Private" set to "true".
         Unified primary reference "System.ComponentModel.Annotations, Version=9.0.0.0, Culture=neutral, PublicKeyToken=b03f5f7f11d50a3a".
             Using this version instead of original version "8.0.0.0" in "C:\Users\quan\.nuget\packages\communitytoolkit.mvvm\8.3.2\lib\net8.0-windows10.0.17763\CommunityToolkit.Mvvm.dll" because AutoUnify is 'true'.
             Resolved file path is "C:\Users\quan\.nuget\packages\microsoft.netcore.app.ref\9.0.18\ref\net9.0\System.ComponentModel.Annotations.dll".
             Reference found at search path location "{RawFileName}".
             This reference is not "CopyLocal" because at least one source item had "Private" set to "false" and no source items had "Private" set to "true".
         Primary reference "System.ComponentModel.DataAnnotations, Version=4.0.0.0, Culture=neutral, PublicKeyToken=31bf3856ad364e35".
             Resolved file path is "C:\Users\quan\.nuget\packages\microsoft.netcore.app.ref\9.0.18\ref\net9.0\System.ComponentModel.DataAnnotations.dll".
             Reference found at search path location "{RawFileName}".
             This reference is not "CopyLocal" because at least one source item had "Private" set to "false" and no source items had "Private" set to "true".
         Primary reference "System.ComponentModel.EventBasedAsync, Version=9.0.0.0, Culture=neutral, PublicKeyToken=b03f5f7f11d50a3a".
             Resolved file path is "C:\Users\quan\.nuget\packages\microsoft.netcore.app.ref\9.0.18\ref\net9.0\System.ComponentModel.EventBasedAsync.dll".
             Reference found at search path location "{RawFileName}".
             This reference is not "CopyLocal" because at least one source item had "Private" set to "false" and no source items had "Private" set to "true".
         Unified primary reference "System.ComponentModel.Primitives, Version=9.0.0.0, Culture=neutral, PublicKeyToken=b03f5f7f11d50a3a".
             Using this version instead of original version "7.0.0.0" in "C:\Users\quan\.nuget\packages\librehardwaremonitorlib\0.9.3\lib\net7.0\LibreHardwareMonitorLib.dll" because AutoUnify is 'true'.
             Resolved file path is "C:\Users\quan\.nuget\packages\microsoft.netcore.app.ref\9.0.18\ref\net9.0\System.ComponentModel.Primitives.dll".
             Reference found at search path location "{RawFileName}".
             This reference is not "CopyLocal" because at least one source item had "Private" set to "false" and no source items had "Private" set to "true".
         Primary reference "System.ComponentModel.TypeConverter, Version=9.0.0.0, Culture=neutral, PublicKeyToken=b03f5f7f11d50a3a".
             Resolved file path is "C:\Users\quan\.nuget\packages\microsoft.netcore.app.ref\9.0.18\ref\net9.0\System.ComponentModel.TypeConverter.dll".
             Reference found at search path location "{RawFileName}".
             This reference is not "CopyLocal" because at least one source item had "Private" set to "false" and no source items had "Private" set to "true".
         Unified primary reference "System.ComponentModel, Version=9.0.0.0, Culture=neutral, PublicKeyToken=b03f5f7f11d50a3a".
             Using this version instead of original version "8.0.0.0" in "C:\Users\quan\.nuget\packages\communitytoolkit.mvvm\8.3.2\lib\net8.0-windows10.0.17763\CommunityToolkit.Mvvm.dll" because AutoUnify is 'true'.
             Resolved file path is "C:\Users\quan\.nuget\packages\microsoft.netcore.app.ref\9.0.18\ref\net9.0\System.ComponentModel.dll".
             Reference found at search path location "{RawFileName}".
             This reference is not "CopyLocal" because at least one source item had "Private" set to "false" and no source items had "Private" set to "true".
         Primary reference "System.Configuration, Version=4.0.0.0, Culture=neutral, PublicKeyToken=b03f5f7f11d50a3a".
             Resolved file path is "C:\Users\quan\.nuget\packages\microsoft.netcore.app.ref\9.0.18\ref\net9.0\System.Configuration.dll".
             Reference found at search path location "{RawFileName}".
             This reference is not "CopyLocal" because at least one source item had "Private" set to "false" and no source items had "Private" set to "true".
         Primary reference "System.Console, Version=9.0.0.0, Culture=neutral, PublicKeyToken=b03f5f7f11d50a3a".
             Resolved file path is "C:\Users\quan\.nuget\packages\microsoft.netcore.app.ref\9.0.18\ref\net9.0\System.Console.dll".
             Reference found at search path location "{RawFileName}".
             This reference is not "CopyLocal" because at least one source item had "Private" set to "false" and no source items had "Private" set to "true".
         Primary reference "System.Core, Version=4.0.0.0, Culture=neutral, PublicKeyToken=b77a5c561934e089".
             Resolved file path is "C:\Users\quan\.nuget\packages\microsoft.netcore.app.ref\9.0.18\ref\net9.0\System.Core.dll".
             Reference found at search path location "{RawFileName}".
             This reference is not "CopyLocal" because at least one source item had "Private" set to "false" and no source items had "Private" set to "true".
         Primary reference "System.Data.Common, Version=9.0.0.0, Culture=neutral, PublicKeyToken=b03f5f7f11d50a3a".
             Resolved file path is "C:\Users\quan\.nuget\packages\microsoft.netcore.app.ref\9.0.18\ref\net9.0\System.Data.Common.dll".
             Reference found at search path location "{RawFileName}".
             This reference is not "CopyLocal" because at least one source item had "Private" set to "false" and no source items had "Private" set to "true".
         Primary reference "System.Data.DataSetExtensions, Version=9.0.0.0, Culture=neutral, PublicKeyToken=b77a5c561934e089".
             Resolved file path is "C:\Users\quan\.nuget\packages\microsoft.netcore.app.ref\9.0.18\ref\net9.0\System.Data.DataSetExtensions.dll".
             Reference found at search path location "{RawFileName}".
             This reference is not "CopyLocal" because at least one source item had "Private" set to "false" and no source items had "Private" set to "true".
         Primary reference "System.Data, Version=4.0.0.0, Culture=neutral, PublicKeyToken=b77a5c561934e089".
             Resolved file path is "C:\Users\quan\.nuget\packages\microsoft.netcore.app.ref\9.0.18\ref\net9.0\System.Data.dll".
             Reference found at search path location "{RawFileName}".
             This reference is not "CopyLocal" because at least one source item had "Private" set to "false" and no source items had "Private" set to "true".
         Primary reference "System.Diagnostics.Contracts, Version=9.0.0.0, Culture=neutral, PublicKeyToken=b03f5f7f11d50a3a".
             Resolved file path is "C:\Users\quan\.nuget\packages\microsoft.netcore.app.ref\9.0.18\ref\net9.0\System.Diagnostics.Contracts.dll".
             Reference found at search path location "{RawFileName}".
             This reference is not "CopyLocal" because at least one source item had "Private" set to "false" and no source items had "Private" set to "true".
         Primary reference "System.Diagnostics.Debug, Version=9.0.0.0, Culture=neutral, PublicKeyToken=b03f5f7f11d50a3a".
             Resolved file path is "C:\Users\quan\.nuget\packages\microsoft.netcore.app.ref\9.0.18\ref\net9.0\System.Diagnostics.Debug.dll".
             Reference found at search path location "{RawFileName}".
             This reference is not "CopyLocal" because at least one source item had "Private" set to "false" and no source items had "Private" set to "true".
         Primary reference "System.Diagnostics.DiagnosticSource, Version=9.0.0.0, Culture=neutral, PublicKeyToken=cc7b13ffcd2ddd51".
             Resolved file path is "C:\Users\quan\.nuget\packages\microsoft.netcore.app.ref\9.0.18\ref\net9.0\System.Diagnostics.DiagnosticSource.dll".
             Reference found at search path location "{RawFileName}".
             This reference is not "CopyLocal" because at least one source item had "Private" set to "false" and no source items had "Private" set to "true".
         Primary reference "System.Diagnostics.FileVersionInfo, Version=9.0.0.0, Culture=neutral, PublicKeyToken=b03f5f7f11d50a3a".
             Resolved file path is "C:\Users\quan\.nuget\packages\microsoft.netcore.app.ref\9.0.18\ref\net9.0\System.Diagnostics.FileVersionInfo.dll".
             Reference found at search path location "{RawFileName}".
             This reference is not "CopyLocal" because at least one source item had "Private" set to "false" and no source items had "Private" set to "true".
         Unified primary reference "System.Diagnostics.Process, Version=9.0.0.0, Culture=neutral, PublicKeyToken=b03f5f7f11d50a3a".
             Using this version instead of original version "7.0.0.0" in "C:\Users\quan\.nuget\packages\librehardwaremonitorlib\0.9.3\lib\net7.0\LibreHardwareMonitorLib.dll" because AutoUnify is 'true'.
             Resolved file path is "C:\Users\quan\.nuget\packages\microsoft.netcore.app.ref\9.0.18\ref\net9.0\System.Diagnostics.Process.dll".
             Reference found at search path location "{RawFileName}".
             This reference is not "CopyLocal" because at least one source item had "Private" set to "false" and no source items had "Private" set to "true".
         Primary reference "System.Diagnostics.StackTrace, Version=9.0.0.0, Culture=neutral, PublicKeyToken=b03f5f7f11d50a3a".
             Resolved file path is "C:\Users\quan\.nuget\packages\microsoft.netcore.app.ref\9.0.18\ref\net9.0\System.Diagnostics.StackTrace.dll".
             Reference found at search path location "{RawFileName}".
             This reference is not "CopyLocal" because at least one source item had "Private" set to "false" and no source items had "Private" set to "true".
         Primary reference "System.Diagnostics.TextWriterTraceListener, Version=9.0.0.0, Culture=neutral, PublicKeyToken=b03f5f7f11d50a3a".
             Resolved file path is "C:\Users\quan\.nuget\packages\microsoft.netcore.app.ref\9.0.18\ref\net9.0\System.Diagnostics.TextWriterTraceListener.dll".
             Reference found at search path location "{RawFileName}".
             This reference is not "CopyLocal" because at least one source item had "Private" set to "false" and no source items had "Private" set to "true".
         Primary reference "System.Diagnostics.Tools, Version=9.0.0.0, Culture=neutral, PublicKeyToken=b03f5f7f11d50a3a".
             Resolved file path is "C:\Users\quan\.nuget\packages\microsoft.netcore.app.ref\9.0.18\ref\net9.0\System.Diagnostics.Tools.dll".
             Reference found at search path location "{RawFileName}".
             This reference is not "CopyLocal" because at least one source item had "Private" set to "false" and no source items had "Private" set to "true".
         Unified primary reference "System.Diagnostics.TraceSource, Version=9.0.0.0, Culture=neutral, PublicKeyToken=b03f5f7f11d50a3a".
             Using this version instead of original version "7.0.0.0" in "C:\Users\quan\.nuget\packages\librehardwaremonitorlib\0.9.3\lib\net7.0\LibreHardwareMonitorLib.dll" because AutoUnify is 'true'.
             Resolved file path is "C:\Users\quan\.nuget\packages\microsoft.netcore.app.ref\9.0.18\ref\net9.0\System.Diagnostics.TraceSource.dll".
             Reference found at search path location "{RawFileName}".
             This reference is not "CopyLocal" because at least one source item had "Private" set to "false" and no source items had "Private" set to "true".
         Primary reference "System.Diagnostics.Tracing, Version=9.0.0.0, Culture=neutral, PublicKeyToken=b03f5f7f11d50a3a".
             Resolved file path is "C:\Users\quan\.nuget\packages\microsoft.netcore.app.ref\9.0.18\ref\net9.0\System.Diagnostics.Tracing.dll".
             Reference found at search path location "{RawFileName}".
             This reference is not "CopyLocal" because at least one source item had "Private" set to "false" and no source items had "Private" set to "true".
         Primary reference "System.Drawing.Primitives, Version=9.0.0.0, Culture=neutral, PublicKeyToken=b03f5f7f11d50a3a".
             Resolved file path is "C:\Users\quan\.nuget\packages\microsoft.netcore.app.ref\9.0.18\ref\net9.0\System.Drawing.Primitives.dll".
             Reference found at search path location "{RawFileName}".
             This reference is not "CopyLocal" because at least one source item had "Private" set to "false" and no source items had "Private" set to "true".
         Primary reference "System.Drawing, Version=4.0.0.0, Culture=neutral, PublicKeyToken=b03f5f7f11d50a3a".
             Resolved file path is "C:\Users\quan\.nuget\packages\microsoft.netcore.app.ref\9.0.18\ref\net9.0\System.Drawing.dll".
             Reference found at search path location "{RawFileName}".
             This reference is not "CopyLocal" because at least one source item had "Private" set to "false" and no source items had "Private" set to "true".
         Primary reference "System.Dynamic.Runtime, Version=9.0.0.0, Culture=neutral, PublicKeyToken=b03f5f7f11d50a3a".
             Resolved file path is "C:\Users\quan\.nuget\packages\microsoft.netcore.app.ref\9.0.18\ref\net9.0\System.Dynamic.Runtime.dll".
             Reference found at search path location "{RawFileName}".
             This reference is not "CopyLocal" because at least one source item had "Private" set to "false" and no source items had "Private" set to "true".
         Primary reference "System.Formats.Asn1, Version=9.0.0.0, Culture=neutral, PublicKeyToken=cc7b13ffcd2ddd51".
             Resolved file path is "C:\Users\quan\.nuget\packages\microsoft.netcore.app.ref\9.0.18\ref\net9.0\System.Formats.Asn1.dll".
             Reference found at search path location "{RawFileName}".
             This reference is not "CopyLocal" because at least one source item had "Private" set to "false" and no source items had "Private" set to "true".
         Primary reference "System.Formats.Tar, Version=9.0.0.0, Culture=neutral, PublicKeyToken=cc7b13ffcd2ddd51".
             Resolved file path is "C:\Users\quan\.nuget\packages\microsoft.netcore.app.ref\9.0.18\ref\net9.0\System.Formats.Tar.dll".
             Reference found at search path location "{RawFileName}".
             This reference is not "CopyLocal" because at least one source item had "Private" set to "false" and no source items had "Private" set to "true".
         Primary reference "System.Globalization.Calendars, Version=9.0.0.0, Culture=neutral, PublicKeyToken=b03f5f7f11d50a3a".
             Resolved file path is "C:\Users\quan\.nuget\packages\microsoft.netcore.app.ref\9.0.18\ref\net9.0\System.Globalization.Calendars.dll".
             Reference found at search path location "{RawFileName}".
             This reference is not "CopyLocal" because at least one source item had "Private" set to "false" and no source items had "Private" set to "true".
         Primary reference "System.Globalization.Extensions, Version=9.0.0.0, Culture=neutral, PublicKeyToken=b03f5f7f11d50a3a".
             Resolved file path is "C:\Users\quan\.nuget\packages\microsoft.netcore.app.ref\9.0.18\ref\net9.0\System.Globalization.Extensions.dll".
             Reference found at search path location "{RawFileName}".
             This reference is not "CopyLocal" because at least one source item had "Private" set to "false" and no source items had "Private" set to "true".
         Primary reference "System.Globalization, Version=9.0.0.0, Culture=neutral, PublicKeyToken=b03f5f7f11d50a3a".
             Resolved file path is "C:\Users\quan\.nuget\packages\microsoft.netcore.app.ref\9.0.18\ref\net9.0\System.Globalization.dll".
             Reference found at search path location "{RawFileName}".
             This reference is not "CopyLocal" because at least one source item had "Private" set to "false" and no source items had "Private" set to "true".
         Primary reference "System.IO.Compression.Brotli, Version=9.0.0.0, Culture=neutral, PublicKeyToken=b77a5c561934e089".
             Resolved file path is "C:\Users\quan\.nuget\packages\microsoft.netcore.app.ref\9.0.18\ref\net9.0\System.IO.Compression.Brotli.dll".
             Reference found at search path location "{RawFileName}".
             This reference is not "CopyLocal" because at least one source item had "Private" set to "false" and no source items had "Private" set to "true".
         Primary reference "System.IO.Compression.FileSystem, Version=4.0.0.0, Culture=neutral, PublicKeyToken=b77a5c561934e089".
             Resolved file path is "C:\Users\quan\.nuget\packages\microsoft.netcore.app.ref\9.0.18\ref\net9.0\System.IO.Compression.FileSystem.dll".
             Reference found at search path location "{RawFileName}".
             This reference is not "CopyLocal" because at least one source item had "Private" set to "false" and no source items had "Private" set to "true".
         Primary reference "System.IO.Compression.ZipFile, Version=9.0.0.0, Culture=neutral, PublicKeyToken=b77a5c561934e089".
             Resolved file path is "C:\Users\quan\.nuget\packages\microsoft.netcore.app.ref\9.0.18\ref\net9.0\System.IO.Compression.ZipFile.dll".
             Reference found at search path location "{RawFileName}".
             This reference is not "CopyLocal" because at least one source item had "Private" set to "false" and no source items had "Private" set to "true".
         Unified primary reference "System.IO.Compression, Version=9.0.0.0, Culture=neutral, PublicKeyToken=b77a5c561934e089".
             Using this version instead of original version "7.0.0.0" in "C:\Users\quan\.nuget\packages\librehardwaremonitorlib\0.9.3\lib\net7.0\LibreHardwareMonitorLib.dll" because AutoUnify is 'true'.
             Resolved file path is "C:\Users\quan\.nuget\packages\microsoft.netcore.app.ref\9.0.18\ref\net9.0\System.IO.Compression.dll".
             Reference found at search path location "{RawFileName}".
             This reference is not "CopyLocal" because at least one source item had "Private" set to "false" and no source items had "Private" set to "true".
         Unified primary reference "System.IO.FileSystem.AccessControl, Version=9.0.0.0, Culture=neutral, PublicKeyToken=b03f5f7f11d50a3a".
             Using this version instead of original version "7.0.0.0" in "C:\Users\quan\.nuget\packages\librehardwaremonitorlib\0.9.3\lib\net7.0\LibreHardwareMonitorLib.dll" because AutoUnify is 'true'.
             Resolved file path is "C:\Users\quan\.nuget\packages\microsoft.netcore.app.ref\9.0.18\ref\net9.0\System.IO.FileSystem.AccessControl.dll".
             Reference found at search path location "{RawFileName}".
             This reference is not "CopyLocal" because at least one source item had "Private" set to "false" and no source items had "Private" set to "true".
         Unified primary reference "System.IO.FileSystem.DriveInfo, Version=9.0.0.0, Culture=neutral, PublicKeyToken=b03f5f7f11d50a3a".
             Using this version instead of original version "7.0.0.0" in "C:\Users\quan\.nuget\packages\librehardwaremonitorlib\0.9.3\lib\net7.0\LibreHardwareMonitorLib.dll" because AutoUnify is 'true'.
             Resolved file path is "C:\Users\quan\.nuget\packages\microsoft.netcore.app.ref\9.0.18\ref\net9.0\System.IO.FileSystem.DriveInfo.dll".
             Reference found at search path location "{RawFileName}".
             This reference is not "CopyLocal" because at least one source item had "Private" set to "false" and no source items had "Private" set to "true".
         Primary reference "System.IO.FileSystem.Primitives, Version=9.0.0.0, Culture=neutral, PublicKeyToken=b03f5f7f11d50a3a".
             Resolved file path is "C:\Users\quan\.nuget\packages\microsoft.netcore.app.ref\9.0.18\ref\net9.0\System.IO.FileSystem.Primitives.dll".
             Reference found at search path location "{RawFileName}".
             This reference is not "CopyLocal" because at least one source item had "Private" set to "false" and no source items had "Private" set to "true".
         Primary reference "System.IO.FileSystem.Watcher, Version=9.0.0.0, Culture=neutral, PublicKeyToken=b03f5f7f11d50a3a".
             Resolved file path is "C:\Users\quan\.nuget\packages\microsoft.netcore.app.ref\9.0.18\ref\net9.0\System.IO.FileSystem.Watcher.dll".
             Reference found at search path location "{RawFileName}".
             This reference is not "CopyLocal" because at least one source item had "Private" set to "false" and no source items had "Private" set to "true".
         Primary reference "System.IO.FileSystem, Version=9.0.0.0, Culture=neutral, PublicKeyToken=b03f5f7f11d50a3a".
             Resolved file path is "C:\Users\quan\.nuget\packages\microsoft.netcore.app.ref\9.0.18\ref\net9.0\System.IO.FileSystem.dll".
             Reference found at search path location "{RawFileName}".
             This reference is not "CopyLocal" because at least one source item had "Private" set to "false" and no source items had "Private" set to "true".
         Primary reference "System.IO.IsolatedStorage, Version=9.0.0.0, Culture=neutral, PublicKeyToken=b03f5f7f11d50a3a".
             Resolved file path is "C:\Users\quan\.nuget\packages\microsoft.netcore.app.ref\9.0.18\ref\net9.0\System.IO.IsolatedStorage.dll".
             Reference found at search path location "{RawFileName}".
             This reference is not "CopyLocal" because at least one source item had "Private" set to "false" and no source items had "Private" set to "true".
         Primary reference "System.IO.MemoryMappedFiles, Version=9.0.0.0, Culture=neutral, PublicKeyToken=b03f5f7f11d50a3a".
             Resolved file path is "C:\Users\quan\.nuget\packages\microsoft.netcore.app.ref\9.0.18\ref\net9.0\System.IO.MemoryMappedFiles.dll".
             Reference found at search path location "{RawFileName}".
             This reference is not "CopyLocal" because at least one source item had "Private" set to "false" and no source items had "Private" set to "true".
         Primary reference "System.IO.Pipelines, Version=9.0.0.0, Culture=neutral, PublicKeyToken=cc7b13ffcd2ddd51".
             Resolved file path is "C:\Users\quan\.nuget\packages\microsoft.netcore.app.ref\9.0.18\ref\net9.0\System.IO.Pipelines.dll".
             Reference found at search path location "{RawFileName}".
             This reference is not "CopyLocal" because at least one source item had "Private" set to "false" and no source items had "Private" set to "true".
         Primary reference "System.IO.Pipes.AccessControl, Version=9.0.0.0, Culture=neutral, PublicKeyToken=b03f5f7f11d50a3a".
             Resolved file path is "C:\Users\quan\.nuget\packages\microsoft.netcore.app.ref\9.0.18\ref\net9.0\System.IO.Pipes.AccessControl.dll".
             Reference found at search path location "{RawFileName}".
             This reference is not "CopyLocal" because at least one source item had "Private" set to "false" and no source items had "Private" set to "true".
         Primary reference "System.IO.Pipes, Version=9.0.0.0, Culture=neutral, PublicKeyToken=b03f5f7f11d50a3a".
             Resolved file path is "C:\Users\quan\.nuget\packages\microsoft.netcore.app.ref\9.0.18\ref\net9.0\System.IO.Pipes.dll".
             Reference found at search path location "{RawFileName}".
             This reference is not "CopyLocal" because at least one source item had "Private" set to "false" and no source items had "Private" set to "true".
         Primary reference "System.IO.UnmanagedMemoryStream, Version=9.0.0.0, Culture=neutral, PublicKeyToken=b03f5f7f11d50a3a".
             Resolved file path is "C:\Users\quan\.nuget\packages\microsoft.netcore.app.ref\9.0.18\ref\net9.0\System.IO.UnmanagedMemoryStream.dll".
             Reference found at search path location "{RawFileName}".
             This reference is not "CopyLocal" because at least one source item had "Private" set to "false" and no source items had "Private" set to "true".
         Primary reference "System.IO, Version=9.0.0.0, Culture=neutral, PublicKeyToken=b03f5f7f11d50a3a".
             Resolved file path is "C:\Users\quan\.nuget\packages\microsoft.netcore.app.ref\9.0.18\ref\net9.0\System.IO.dll".
             Reference found at search path location "{RawFileName}".
             This reference is not "CopyLocal" because at least one source item had "Private" set to "false" and no source items had "Private" set to "true".
         Unified primary reference "System.Linq.Expressions, Version=9.0.0.0, Culture=neutral, PublicKeyToken=b03f5f7f11d50a3a".
             Using this version instead of original version "8.0.0.0" in "C:\Users\quan\.nuget\packages\communitytoolkit.mvvm\8.3.2\lib\net8.0-windows10.0.17763\CommunityToolkit.Mvvm.dll" because AutoUnify is 'true'.
             Resolved file path is "C:\Users\quan\.nuget\packages\microsoft.netcore.app.ref\9.0.18\ref\net9.0\System.Linq.Expressions.dll".
             Reference found at search path location "{RawFileName}".
             This reference is not "CopyLocal" because at least one source item had "Private" set to "false" and no source items had "Private" set to "true".
         Primary reference "System.Linq.Parallel, Version=9.0.0.0, Culture=neutral, PublicKeyToken=b03f5f7f11d50a3a".
             Resolved file path is "C:\Users\quan\.nuget\packages\microsoft.netcore.app.ref\9.0.18\ref\net9.0\System.Linq.Parallel.dll".
             Reference found at search path location "{RawFileName}".
             This reference is not "CopyLocal" because at least one source item had "Private" set to "false" and no source items had "Private" set to "true".
         Primary reference "System.Linq.Queryable, Version=9.0.0.0, Culture=neutral, PublicKeyToken=b03f5f7f11d50a3a".
             Resolved file path is "C:\Users\quan\.nuget\packages\microsoft.netcore.app.ref\9.0.18\ref\net9.0\System.Linq.Queryable.dll".
             Reference found at search path location "{RawFileName}".
             This reference is not "CopyLocal" because at least one source item had "Private" set to "false" and no source items had "Private" set to "true".
         Unified primary reference "System.Linq, Version=9.0.0.0, Culture=neutral, PublicKeyToken=b03f5f7f11d50a3a".
             Using this version instead of original version "8.0.0.0" in "C:\Users\quan\.nuget\packages\communitytoolkit.mvvm\8.3.2\lib\net8.0-windows10.0.17763\CommunityToolkit.Mvvm.dll" because AutoUnify is 'true'.
             Using this version instead of original version "7.0.0.0" in "C:\Users\quan\.nuget\packages\librehardwaremonitorlib\0.9.3\lib\net7.0\LibreHardwareMonitorLib.dll" because AutoUnify is 'true'.
             Resolved file path is "C:\Users\quan\.nuget\packages\microsoft.netcore.app.ref\9.0.18\ref\net9.0\System.Linq.dll".
             Reference found at search path location "{RawFileName}".
             This reference is not "CopyLocal" because at least one source item had "Private" set to "false" and no source items had "Private" set to "true".
         Unified primary reference "System.Memory, Version=9.0.0.0, Culture=neutral, PublicKeyToken=cc7b13ffcd2ddd51".
             Using this version instead of original version "6.0.0.0" in "C:\Users\quan\.nuget\packages\microsoft.web.webview2\1.0.2651.64\lib_manual\net6.0-windows10.0.17763.0\Microsoft.Web.WebView2.Core.Projection.dll" because AutoUnify is 'true'.
             Using this version instead of original version "8.0.0.0" in "C:\Users\quan\.nuget\packages\communitytoolkit.mvvm\8.3.2\lib\net8.0-windows10.0.17763\CommunityToolkit.Mvvm.dll" because AutoUnify is 'true'.
             Using this version instead of original version "6.0.0.0" in "C:\Users\quan\.nuget\packages\microsoft.windowsappsdk\1.6.241114003\lib\net6.0-windows10.0.18362.0\Microsoft.InteractiveExperiences.Projection.dll" because AutoUnify is 'true'.
             Using this version instead of original version "6.0.0.0" in "C:\Users\quan\.nuget\packages\microsoft.windowsappsdk\1.6.241114003\lib\net6.0-windows10.0.18362.0\Microsoft.WinUI.dll" because AutoUnify is 'true'.
             Using this version instead of original version "6.0.0.0" in "C:\Users\quan\.nuget\packages\microsoft.windowsappsdk\1.6.241114003\lib\net6.0-windows10.0.18362.0\Microsoft.Windows.AppLifecycle.Projection.dll" because AutoUnify is 'true'.
             Using this version instead of original version "6.0.0.0" in "C:\Users\quan\.nuget\packages\microsoft.windowsappsdk\1.6.241114003\lib\net6.0-windows10.0.18362.0\Microsoft.Windows.AppNotifications.Builder.Projection.dll" because AutoUnify is 'true'.
             Using this version instead of original version "6.0.0.0" in "C:\Users\quan\.nuget\packages\microsoft.windowsappsdk\1.6.241114003\lib\net6.0-windows10.0.18362.0\Microsoft.Windows.AppNotifications.Projection.dll" because AutoUnify is 'true'.
             Using this version instead of original version "6.0.0.0" in "C:\Users\quan\.nuget\packages\microsoft.windowsappsdk\1.6.241114003\lib\net6.0-windows10.0.18362.0\Microsoft.Windows.ApplicationModel.DynamicDependency.Projection.dll" because AutoUnify is 'true'.
             Using this version instead of original version "6.0.0.0" in "C:\Users\quan\.nuget\packages\microsoft.windowsappsdk\1.6.241114003\lib\net6.0-windows10.0.18362.0\Microsoft.Windows.ApplicationModel.Resources.Projection.dll" because AutoUnify is 'true'.
             Using this version instead of original version "6.0.0.0" in "C:\Users\quan\.nuget\packages\microsoft.windowsappsdk\1.6.241114003\lib\net6.0-windows10.0.18362.0\Microsoft.Windows.ApplicationModel.WindowsAppRuntime.Projection.dll" because AutoUnify is 'true'.
             Using this version instead of original version "6.0.0.0" in "C:\Users\quan\.nuget\packages\microsoft.windowsappsdk\1.6.241114003\lib\net6.0-windows10.0.18362.0\Microsoft.Windows.Management.Deployment.Projection.dll" because AutoUnify is 'true'.
             Using this version instead of original version "6.0.0.0" in "C:\Users\quan\.nuget\packages\microsoft.windowsappsdk\1.6.241114003\lib\net6.0-windows10.0.18362.0\Microsoft.Windows.PushNotifications.Projection.dll" because AutoUnify is 'true'.
             Using this version instead of original version "6.0.0.0" in "C:\Users\quan\.nuget\packages\microsoft.windowsappsdk\1.6.241114003\lib\net6.0-windows10.0.18362.0\Microsoft.Windows.Security.AccessControl.Projection.dll" because AutoUnify is 'true'.
             Using this version instead of original version "6.0.0.0" in "C:\Users\quan\.nuget\packages\microsoft.windowsappsdk\1.6.241114003\lib\net6.0-windows10.0.18362.0\Microsoft.Windows.Storage.Projection.dll" because AutoUnify is 'true'.
             Using this version instead of original version "6.0.0.0" in "C:\Users\quan\.nuget\packages\microsoft.windowsappsdk\1.6.241114003\lib\net6.0-windows10.0.18362.0\Microsoft.Windows.System.Power.Projection.dll" because AutoUnify is 'true'.
             Using this version instead of original version "6.0.0.0" in "C:\Users\quan\.nuget\packages\microsoft.windowsappsdk\1.6.241114003\lib\net6.0-windows10.0.18362.0\Microsoft.Windows.System.Projection.dll" because AutoUnify is 'true'.
             Using this version instead of original version "6.0.0.0" in "C:\Users\quan\.nuget\packages\microsoft.windowsappsdk\1.6.241114003\lib\net6.0-windows10.0.18362.0\Microsoft.Windows.Widgets.Projection.dll" because AutoUnify is 'true'.
             Resolved file path is "C:\Users\quan\.nuget\packages\microsoft.netcore.app.ref\9.0.18\ref\net9.0\System.Memory.dll".
             Reference found at search path location "{RawFileName}".
             This reference is not "CopyLocal" because at least one source item had "Private" set to "false" and no source items had "Private" set to "true".
         Primary reference "System.Net.Http.Json, Version=9.0.0.0, Culture=neutral, PublicKeyToken=cc7b13ffcd2ddd51".
             Resolved file path is "C:\Users\quan\.nuget\packages\microsoft.netcore.app.ref\9.0.18\ref\net9.0\System.Net.Http.Json.dll".
             Reference found at search path location "{RawFileName}".
             This reference is not "CopyLocal" because at least one source item had "Private" set to "false" and no source items had "Private" set to "true".
         Primary reference "System.Net.Http, Version=9.0.0.0, Culture=neutral, PublicKeyToken=b03f5f7f11d50a3a".
             Resolved file path is "C:\Users\quan\.nuget\packages\microsoft.netcore.app.ref\9.0.18\ref\net9.0\System.Net.Http.dll".
             Reference found at search path location "{RawFileName}".
             This reference is not "CopyLocal" because at least one source item had "Private" set to "false" and no source items had "Private" set to "true".
         Primary reference "System.Net.HttpListener, Version=9.0.0.0, Culture=neutral, PublicKeyToken=cc7b13ffcd2ddd51".
             Resolved file path is "C:\Users\quan\.nuget\packages\microsoft.netcore.app.ref\9.0.18\ref\net9.0\System.Net.HttpListener.dll".
             Reference found at search path location "{RawFileName}".
             This reference is not "CopyLocal" because at least one source item had "Private" set to "false" and no source items had "Private" set to "true".
         Primary reference "System.Net.Mail, Version=9.0.0.0, Culture=neutral, PublicKeyToken=cc7b13ffcd2ddd51".
             Resolved file path is "C:\Users\quan\.nuget\packages\microsoft.netcore.app.ref\9.0.18\ref\net9.0\System.Net.Mail.dll".
             Reference found at search path location "{RawFileName}".
             This reference is not "CopyLocal" because at least one source item had "Private" set to "false" and no source items had "Private" set to "true".
         Primary reference "System.Net.NameResolution, Version=9.0.0.0, Culture=neutral, PublicKeyToken=b03f5f7f11d50a3a".
             Resolved file path is "C:\Users\quan\.nuget\packages\microsoft.netcore.app.ref\9.0.18\ref\net9.0\System.Net.NameResolution.dll".
             Reference found at search path location "{RawFileName}".
             This reference is not "CopyLocal" because at least one source item had "Private" set to "false" and no source items had "Private" set to "true".
         Unified primary reference "System.Net.NetworkInformation, Version=9.0.0.0, Culture=neutral, PublicKeyToken=b03f5f7f11d50a3a".
             Using this version instead of original version "7.0.0.0" in "C:\Users\quan\.nuget\packages\librehardwaremonitorlib\0.9.3\lib\net7.0\LibreHardwareMonitorLib.dll" because AutoUnify is 'true'.
             Resolved file path is "C:\Users\quan\.nuget\packages\microsoft.netcore.app.ref\9.0.18\ref\net9.0\System.Net.NetworkInformation.dll".
             Reference found at search path location "{RawFileName}".
             This reference is not "CopyLocal" because at least one source item had "Private" set to "false" and no source items had "Private" set to "true".
         Primary reference "System.Net.Ping, Version=9.0.0.0, Culture=neutral, PublicKeyToken=b03f5f7f11d50a3a".
             Resolved file path is "C:\Users\quan\.nuget\packages\microsoft.netcore.app.ref\9.0.18\ref\net9.0\System.Net.Ping.dll".
             Reference found at search path location "{RawFileName}".
             This reference is not "CopyLocal" because at least one source item had "Private" set to "false" and no source items had "Private" set to "true".
         Primary reference "System.Net.Primitives, Version=9.0.0.0, Culture=neutral, PublicKeyToken=b03f5f7f11d50a3a".
             Resolved file path is "C:\Users\quan\.nuget\packages\microsoft.netcore.app.ref\9.0.18\ref\net9.0\System.Net.Primitives.dll".
             Reference found at search path location "{RawFileName}".
             This reference is not "CopyLocal" because at least one source item had "Private" set to "false" and no source items had "Private" set to "true".
         Primary reference "System.Net.Quic, Version=9.0.0.0, Culture=neutral, PublicKeyToken=b03f5f7f11d50a3a".
             Resolved file path is "C:\Users\quan\.nuget\packages\microsoft.netcore.app.ref\9.0.18\ref\net9.0\System.Net.Quic.dll".
             Reference found at search path location "{RawFileName}".
             This reference is not "CopyLocal" because at least one source item had "Private" set to "false" and no source items had "Private" set to "true".
         Primary reference "System.Net.Requests, Version=9.0.0.0, Culture=neutral, PublicKeyToken=b03f5f7f11d50a3a".
             Resolved file path is "C:\Users\quan\.nuget\packages\microsoft.netcore.app.ref\9.0.18\ref\net9.0\System.Net.Requests.dll".
             Reference found at search path location "{RawFileName}".
             This reference is not "CopyLocal" because at least one source item had "Private" set to "false" and no source items had "Private" set to "true".
         Primary reference "System.Net.Security, Version=9.0.0.0, Culture=neutral, PublicKeyToken=b03f5f7f11d50a3a".
             Resolved file path is "C:\Users\quan\.nuget\packages\microsoft.netcore.app.ref\9.0.18\ref\net9.0\System.Net.Security.dll".
             Reference found at search path location "{RawFileName}".
             This reference is not "CopyLocal" because at least one source item had "Private" set to "false" and no source items had "Private" set to "true".
         Primary reference "System.Net.ServicePoint, Version=9.0.0.0, Culture=neutral, PublicKeyToken=cc7b13ffcd2ddd51".
             Resolved file path is "C:\Users\quan\.nuget\packages\microsoft.netcore.app.ref\9.0.18\ref\net9.0\System.Net.ServicePoint.dll".
             Reference found at search path location "{RawFileName}".
             This reference is not "CopyLocal" because at least one source item had "Private" set to "false" and no source items had "Private" set to "true".
         Primary reference "System.Net.Sockets, Version=9.0.0.0, Culture=neutral, PublicKeyToken=b03f5f7f11d50a3a".
             Resolved file path is "C:\Users\quan\.nuget\packages\microsoft.netcore.app.ref\9.0.18\ref\net9.0\System.Net.Sockets.dll".
             Reference found at search path location "{RawFileName}".
             This reference is not "CopyLocal" because at least one source item had "Private" set to "false" and no source items had "Private" set to "true".
         Primary reference "System.Net.WebClient, Version=9.0.0.0, Culture=neutral, PublicKeyToken=cc7b13ffcd2ddd51".
             Resolved file path is "C:\Users\quan\.nuget\packages\microsoft.netcore.app.ref\9.0.18\ref\net9.0\System.Net.WebClient.dll".
             Reference found at search path location "{RawFileName}".
             This reference is not "CopyLocal" because at least one source item had "Private" set to "false" and no source items had "Private" set to "true".
         Primary reference "System.Net.WebHeaderCollection, Version=9.0.0.0, Culture=neutral, PublicKeyToken=b03f5f7f11d50a3a".
             Resolved file path is "C:\Users\quan\.nuget\packages\microsoft.netcore.app.ref\9.0.18\ref\net9.0\System.Net.WebHeaderCollection.dll".
             Reference found at search path location "{RawFileName}".
             This reference is not "CopyLocal" because at least one source item had "Private" set to "false" and no source items had "Private" set to "true".
         Primary reference "System.Net.WebProxy, Version=9.0.0.0, Culture=neutral, PublicKeyToken=cc7b13ffcd2ddd51".
             Resolved file path is "C:\Users\quan\.nuget\packages\microsoft.netcore.app.ref\9.0.18\ref\net9.0\System.Net.WebProxy.dll".
             Reference found at search path location "{RawFileName}".
             This reference is not "CopyLocal" because at least one source item had "Private" set to "false" and no source items had "Private" set to "true".
         Primary reference "System.Net.WebSockets.Client, Version=9.0.0.0, Culture=neutral, PublicKeyToken=b03f5f7f11d50a3a".
             Resolved file path is "C:\Users\quan\.nuget\packages\microsoft.netcore.app.ref\9.0.18\ref\net9.0\System.Net.WebSockets.Client.dll".
             Reference found at search path location "{RawFileName}".
             This reference is not "CopyLocal" because at least one source item had "Private" set to "false" and no source items had "Private" set to "true".
         Primary reference "System.Net.WebSockets, Version=9.0.0.0, Culture=neutral, PublicKeyToken=b03f5f7f11d50a3a".
             Resolved file path is "C:\Users\quan\.nuget\packages\microsoft.netcore.app.ref\9.0.18\ref\net9.0\System.Net.WebSockets.dll".
             Reference found at search path location "{RawFileName}".
             This reference is not "CopyLocal" because at least one source item had "Private" set to "false" and no source items had "Private" set to "true".
         Primary reference "System.Net, Version=4.0.0.0, Culture=neutral, PublicKeyToken=b03f5f7f11d50a3a".
             Resolved file path is "C:\Users\quan\.nuget\packages\microsoft.netcore.app.ref\9.0.18\ref\net9.0\System.Net.dll".
             Reference found at search path location "{RawFileName}".
             This reference is not "CopyLocal" because at least one source item had "Private" set to "false" and no source items had "Private" set to "true".
         Unified primary reference "System.Numerics.Vectors, Version=9.0.0.0, Culture=neutral, PublicKeyToken=b03f5f7f11d50a3a".
             Using this version instead of original version "6.0.0.0" in "C:\Users\quan\.nuget\packages\microsoft.windowsappsdk\1.6.241114003\lib\net6.0-windows10.0.18362.0\Microsoft.InteractiveExperiences.Projection.dll" because AutoUnify is 'true'.
             Using this version instead of original version "6.0.0.0" in "C:\Users\quan\.nuget\packages\microsoft.windowsappsdk\1.6.241114003\lib\net6.0-windows10.0.18362.0\Microsoft.WinUI.dll" because AutoUnify is 'true'.
             Resolved file path is "C:\Users\quan\.nuget\packages\microsoft.netcore.app.ref\9.0.18\ref\net9.0\System.Numerics.Vectors.dll".
             Reference found at search path location "{RawFileName}".
             This reference is not "CopyLocal" because at least one source item had "Private" set to "false" and no source items had "Private" set to "true".
         Primary reference "System.Numerics, Version=4.0.0.0, Culture=neutral, PublicKeyToken=b77a5c561934e089".
             Resolved file path is "C:\Users\quan\.nuget\packages\microsoft.netcore.app.ref\9.0.18\ref\net9.0\System.Numerics.dll".
             Reference found at search path location "{RawFileName}".
             This reference is not "CopyLocal" because at least one source item had "Private" set to "false" and no source items had "Private" set to "true".
         Unified primary reference "System.ObjectModel, Version=9.0.0.0, Culture=neutral, PublicKeyToken=b03f5f7f11d50a3a".
             Using this version instead of original version "8.0.0.0" in "C:\Users\quan\.nuget\packages\communitytoolkit.mvvm\8.3.2\lib\net8.0-windows10.0.17763\CommunityToolkit.Mvvm.dll" because AutoUnify is 'true'.
             Using this version instead of original version "6.0.0.0" in "C:\Users\quan\.nuget\packages\microsoft.windowsappsdk\1.6.241114003\lib\net6.0-windows10.0.18362.0\Microsoft.WinUI.dll" because AutoUnify is 'true'.
             Resolved file path is "C:\Users\quan\.nuget\packages\microsoft.netcore.app.ref\9.0.18\ref\net9.0\System.ObjectModel.dll".
             Reference found at search path location "{RawFileName}".
             This reference is not "CopyLocal" because at least one source item had "Private" set to "false" and no source items had "Private" set to "true".
         Primary reference "System.Reflection.DispatchProxy, Version=9.0.0.0, Culture=neutral, PublicKeyToken=b03f5f7f11d50a3a".
             Resolved file path is "C:\Users\quan\.nuget\packages\microsoft.netcore.app.ref\9.0.18\ref\net9.0\System.Reflection.DispatchProxy.dll".
             Reference found at search path location "{RawFileName}".
             This reference is not "CopyLocal" because at least one source item had "Private" set to "false" and no source items had "Private" set to "true".
         Primary reference "System.Reflection.Emit.ILGeneration, Version=9.0.0.0, Culture=neutral, PublicKeyToken=b03f5f7f11d50a3a".
             Resolved file path is "C:\Users\quan\.nuget\packages\microsoft.netcore.app.ref\9.0.18\ref\net9.0\System.Reflection.Emit.ILGeneration.dll".
             Reference found at search path location "{RawFileName}".
             This reference is not "CopyLocal" because at least one source item had "Private" set to "false" and no source items had "Private" set to "true".
         Primary reference "System.Reflection.Emit.Lightweight, Version=9.0.0.0, Culture=neutral, PublicKeyToken=b03f5f7f11d50a3a".
             Resolved file path is "C:\Users\quan\.nuget\packages\microsoft.netcore.app.ref\9.0.18\ref\net9.0\System.Reflection.Emit.Lightweight.dll".
             Reference found at search path location "{RawFileName}".
             This reference is not "CopyLocal" because at least one source item had "Private" set to "false" and no source items had "Private" set to "true".
         Primary reference "System.Reflection.Emit, Version=9.0.0.0, Culture=neutral, PublicKeyToken=b03f5f7f11d50a3a".
             Resolved file path is "C:\Users\quan\.nuget\packages\microsoft.netcore.app.ref\9.0.18\ref\net9.0\System.Reflection.Emit.dll".
             Reference found at search path location "{RawFileName}".
             This reference is not "CopyLocal" because at least one source item had "Private" set to "false" and no source items had "Private" set to "true".
         Primary reference "System.Reflection.Extensions, Version=9.0.0.0, Culture=neutral, PublicKeyToken=b03f5f7f11d50a3a".
             Resolved file path is "C:\Users\quan\.nuget\packages\microsoft.netcore.app.ref\9.0.18\ref\net9.0\System.Reflection.Extensions.dll".
             Reference found at search path location "{RawFileName}".
             This reference is not "CopyLocal" because at least one source item had "Private" set to "false" and no source items had "Private" set to "true".
         Primary reference "System.Reflection.Metadata, Version=9.0.0.0, Culture=neutral, PublicKeyToken=b03f5f7f11d50a3a".
             Resolved file path is "C:\Users\quan\.nuget\packages\microsoft.netcore.app.ref\9.0.18\ref\net9.0\System.Reflection.Metadata.dll".
             Reference found at search path location "{RawFileName}".
             This reference is not "CopyLocal" because at least one source item had "Private" set to "false" and no source items had "Private" set to "true".
         Primary reference "System.Reflection.Primitives, Version=9.0.0.0, Culture=neutral, PublicKeyToken=b03f5f7f11d50a3a".
             Resolved file path is "C:\Users\quan\.nuget\packages\microsoft.netcore.app.ref\9.0.18\ref\net9.0\System.Reflection.Primitives.dll".
             Reference found at search path location "{RawFileName}".
             This reference is not "CopyLocal" because at least one source item had "Private" set to "false" and no source items had "Private" set to "true".
         Primary reference "System.Reflection.TypeExtensions, Version=9.0.0.0, Culture=neutral, PublicKeyToken=b03f5f7f11d50a3a".
             Resolved file path is "C:\Users\quan\.nuget\packages\microsoft.netcore.app.ref\9.0.18\ref\net9.0\System.Reflection.TypeExtensions.dll".
             Reference found at search path location "{RawFileName}".
             This reference is not "CopyLocal" because at least one source item had "Private" set to "false" and no source items had "Private" set to "true".
         Primary reference "System.Reflection, Version=9.0.0.0, Culture=neutral, PublicKeyToken=b03f5f7f11d50a3a".
             Resolved file path is "C:\Users\quan\.nuget\packages\microsoft.netcore.app.ref\9.0.18\ref\net9.0\System.Reflection.dll".
             Reference found at search path location "{RawFileName}".
             This reference is not "CopyLocal" because at least one source item had "Private" set to "false" and no source items had "Private" set to "true".
         Primary reference "System.Resources.Reader, Version=9.0.0.0, Culture=neutral, PublicKeyToken=b03f5f7f11d50a3a".
             Resolved file path is "C:\Users\quan\.nuget\packages\microsoft.netcore.app.ref\9.0.18\ref\net9.0\System.Resources.Reader.dll".
             Reference found at search path location "{RawFileName}".
             This reference is not "CopyLocal" because at least one source item had "Private" set to "false" and no source items had "Private" set to "true".
         Primary reference "System.Resources.ResourceManager, Version=9.0.0.0, Culture=neutral, PublicKeyToken=b03f5f7f11d50a3a".
             Resolved file path is "C:\Users\quan\.nuget\packages\microsoft.netcore.app.ref\9.0.18\ref\net9.0\System.Resources.ResourceManager.dll".
             Reference found at search path location "{RawFileName}".
             This reference is not "CopyLocal" because at least one source item had "Private" set to "false" and no source items had "Private" set to "true".
         Primary reference "System.Resources.Writer, Version=9.0.0.0, Culture=neutral, PublicKeyToken=b03f5f7f11d50a3a".
             Resolved file path is "C:\Users\quan\.nuget\packages\microsoft.netcore.app.ref\9.0.18\ref\net9.0\System.Resources.Writer.dll".
             Reference found at search path location "{RawFileName}".
             This reference is not "CopyLocal" because at least one source item had "Private" set to "false" and no source items had "Private" set to "true".
         Unified primary reference "System.Runtime.CompilerServices.Unsafe, Version=9.0.0.0, Culture=neutral, PublicKeyToken=b03f5f7f11d50a3a".
             Using this version instead of original version "6.0.0.0" in "C:\Users\quan\.nuget\packages\microsoft.web.webview2\1.0.2651.64\lib_manual\net6.0-windows10.0.17763.0\Microsoft.Web.WebView2.Core.Projection.dll" because AutoUnify is 'true'.
             Using this version instead of original version "6.0.0.0" in "C:\Users\quan\.nuget\packages\microsoft.windowsappsdk\1.6.241114003\lib\net6.0-windows10.0.18362.0\Microsoft.InteractiveExperiences.Projection.dll" because AutoUnify is 'true'.
             Using this version instead of original version "6.0.0.0" in "C:\Users\quan\.nuget\packages\microsoft.windowsappsdk\1.6.241114003\lib\net6.0-windows10.0.18362.0\Microsoft.WinUI.dll" because AutoUnify is 'true'.
             Using this version instead of original version "6.0.0.0" in "C:\Users\quan\.nuget\packages\microsoft.windowsappsdk\1.6.241114003\lib\net6.0-windows10.0.18362.0\Microsoft.Windows.AppLifecycle.Projection.dll" because AutoUnify is 'true'.
             Using this version instead of original version "6.0.0.0" in "C:\Users\quan\.nuget\packages\microsoft.windowsappsdk\1.6.241114003\lib\net6.0-windows10.0.18362.0\Microsoft.Windows.AppNotifications.Builder.Projection.dll" because AutoUnify is 'true'.
             Using this version instead of original version "6.0.0.0" in "C:\Users\quan\.nuget\packages\microsoft.windowsappsdk\1.6.241114003\lib\net6.0-windows10.0.18362.0\Microsoft.Windows.AppNotifications.Projection.dll" because AutoUnify is 'true'.
             Using this version instead of original version "6.0.0.0" in "C:\Users\quan\.nuget\packages\microsoft.windowsappsdk\1.6.241114003\lib\net6.0-windows10.0.18362.0\Microsoft.Windows.ApplicationModel.DynamicDependency.Projection.dll" because AutoUnify is 'true'.
             Using this version instead of original version "6.0.0.0" in "C:\Users\quan\.nuget\packages\microsoft.windowsappsdk\1.6.241114003\lib\net6.0-windows10.0.18362.0\Microsoft.Windows.ApplicationModel.Resources.Projection.dll" because AutoUnify is 'true'.
             Using this version instead of original version "6.0.0.0" in "C:\Users\quan\.nuget\packages\microsoft.windowsappsdk\1.6.241114003\lib\net6.0-windows10.0.18362.0\Microsoft.Windows.ApplicationModel.WindowsAppRuntime.Projection.dll" because AutoUnify is 'true'.
             Using this version instead of original version "6.0.0.0" in "C:\Users\quan\.nuget\packages\microsoft.windowsappsdk\1.6.241114003\lib\net6.0-windows10.0.18362.0\Microsoft.Windows.Management.Deployment.Projection.dll" because AutoUnify is 'true'.
             Using this version instead of original version "6.0.0.0" in "C:\Users\quan\.nuget\packages\microsoft.windowsappsdk\1.6.241114003\lib\net6.0-windows10.0.18362.0\Microsoft.Windows.PushNotifications.Projection.dll" because AutoUnify is 'true'.
             Using this version instead of original version "6.0.0.0" in "C:\Users\quan\.nuget\packages\microsoft.windowsappsdk\1.6.241114003\lib\net6.0-windows10.0.18362.0\Microsoft.Windows.Security.AccessControl.Projection.dll" because AutoUnify is 'true'.
             Using this version instead of original version "6.0.0.0" in "C:\Users\quan\.nuget\packages\microsoft.windowsappsdk\1.6.241114003\lib\net6.0-windows10.0.18362.0\Microsoft.Windows.Storage.Projection.dll" because AutoUnify is 'true'.
             Using this version instead of original version "6.0.0.0" in "C:\Users\quan\.nuget\packages\microsoft.windowsappsdk\1.6.241114003\lib\net6.0-windows10.0.18362.0\Microsoft.Windows.System.Power.Projection.dll" because AutoUnify is 'true'.
             Using this version instead of original version "6.0.0.0" in "C:\Users\quan\.nuget\packages\microsoft.windowsappsdk\1.6.241114003\lib\net6.0-windows10.0.18362.0\Microsoft.Windows.System.Projection.dll" because AutoUnify is 'true'.
             Using this version instead of original version "6.0.0.0" in "C:\Users\quan\.nuget\packages\microsoft.windowsappsdk\1.6.241114003\lib\net6.0-windows10.0.18362.0\Microsoft.Windows.Widgets.Projection.dll" because AutoUnify is 'true'.
             Resolved file path is "C:\Users\quan\.nuget\packages\microsoft.netcore.app.ref\9.0.18\ref\net9.0\System.Runtime.CompilerServices.Unsafe.dll".
             Reference found at search path location "{RawFileName}".
             This reference is not "CopyLocal" because at least one source item had "Private" set to "false" and no source items had "Private" set to "true".
         Primary reference "System.Runtime.CompilerServices.VisualC, Version=9.0.0.0, Culture=neutral, PublicKeyToken=b03f5f7f11d50a3a".
             Resolved file path is "C:\Users\quan\.nuget\packages\microsoft.netcore.app.ref\9.0.18\ref\net9.0\System.Runtime.CompilerServices.VisualC.dll".
             Reference found at search path location "{RawFileName}".
             This reference is not "CopyLocal" because at least one source item had "Private" set to "false" and no source items had "Private" set to "true".
         Primary reference "System.Runtime.Extensions, Version=9.0.0.0, Culture=neutral, PublicKeyToken=b03f5f7f11d50a3a".
             Resolved file path is "C:\Users\quan\.nuget\packages\microsoft.netcore.app.ref\9.0.18\ref\net9.0\System.Runtime.Extensions.dll".
             Reference found at search path location "{RawFileName}".
             This reference is not "CopyLocal" because at least one source item had "Private" set to "false" and no source items had "Private" set to "true".
         Primary reference "System.Runtime.Handles, Version=9.0.0.0, Culture=neutral, PublicKeyToken=b03f5f7f11d50a3a".
             Resolved file path is "C:\Users\quan\.nuget\packages\microsoft.netcore.app.ref\9.0.18\ref\net9.0\System.Runtime.Handles.dll".
             Reference found at search path location "{RawFileName}".
             This reference is not "CopyLocal" because at least one source item had "Private" set to "false" and no source items had "Private" set to "true".
         Primary reference "System.Runtime.InteropServices.JavaScript, Version=9.0.0.0, Culture=neutral, PublicKeyToken=b03f5f7f11d50a3a".
             Resolved file path is "C:\Users\quan\.nuget\packages\microsoft.netcore.app.ref\9.0.18\ref\net9.0\System.Runtime.InteropServices.JavaScript.dll".
             Reference found at search path location "{RawFileName}".
             This reference is not "CopyLocal" because at least one source item had "Private" set to "false" and no source items had "Private" set to "true".
         Primary reference "System.Runtime.InteropServices.RuntimeInformation, Version=9.0.0.0, Culture=neutral, PublicKeyToken=b03f5f7f11d50a3a".
             Resolved file path is "C:\Users\quan\.nuget\packages\microsoft.netcore.app.ref\9.0.18\ref\net9.0\System.Runtime.InteropServices.RuntimeInformation.dll".
             Reference found at search path location "{RawFileName}".
             This reference is not "CopyLocal" because at least one source item had "Private" set to "false" and no source items had "Private" set to "true".
         Unified primary reference "System.Runtime.InteropServices, Version=9.0.0.0, Culture=neutral, PublicKeyToken=b03f5f7f11d50a3a".
             Using this version instead of original version "6.0.0.0" in "C:\Users\quan\.nuget\packages\microsoft.web.webview2\1.0.2651.64\lib_manual\net6.0-windows10.0.17763.0\Microsoft.Web.WebView2.Core.Projection.dll" because AutoUnify is 'true'.
             Using this version instead of original version "8.0.0.0" in "C:\Users\quan\.nuget\packages\communitytoolkit.mvvm\8.3.2\lib\net8.0-windows10.0.17763\CommunityToolkit.Mvvm.dll" because AutoUnify is 'true'.
             Using this version instead of original version "7.0.0.0" in "C:\Users\quan\.nuget\packages\librehardwaremonitorlib\0.9.3\lib\net7.0\LibreHardwareMonitorLib.dll" because AutoUnify is 'true'.
             Using this version instead of original version "6.0.0.0" in "C:\Users\quan\.nuget\packages\microsoft.windowsappsdk\1.6.241114003\lib\net6.0-windows10.0.18362.0\Microsoft.InteractiveExperiences.Projection.dll" because AutoUnify is 'true'.
             Using this version instead of original version "6.0.0.0" in "C:\Users\quan\.nuget\packages\microsoft.windowsappsdk\1.6.241114003\lib\net6.0-windows10.0.18362.0\Microsoft.WinUI.dll" because AutoUnify is 'true'.
             Using this version instead of original version "6.0.0.0" in "C:\Users\quan\.nuget\packages\microsoft.windowsappsdk\1.6.241114003\lib\net6.0-windows10.0.18362.0\Microsoft.Windows.AppLifecycle.Projection.dll" because AutoUnify is 'true'.
             Using this version instead of original version "6.0.0.0" in "C:\Users\quan\.nuget\packages\microsoft.windowsappsdk\1.6.241114003\lib\net6.0-windows10.0.18362.0\Microsoft.Windows.AppNotifications.Builder.Projection.dll" because AutoUnify is 'true'.
             Using this version instead of original version "6.0.0.0" in "C:\Users\quan\.nuget\packages\microsoft.windowsappsdk\1.6.241114003\lib\net6.0-windows10.0.18362.0\Microsoft.Windows.AppNotifications.Projection.dll" because AutoUnify is 'true'.
             Using this version instead of original version "6.0.0.0" in "C:\Users\quan\.nuget\packages\microsoft.windowsappsdk\1.6.241114003\lib\net6.0-windows10.0.18362.0\Microsoft.Windows.ApplicationModel.DynamicDependency.Projection.dll" because AutoUnify is 'true'.
             Using this version instead of original version "6.0.0.0" in "C:\Users\quan\.nuget\packages\microsoft.windowsappsdk\1.6.241114003\lib\net6.0-windows10.0.18362.0\Microsoft.Windows.ApplicationModel.Resources.Projection.dll" because AutoUnify is 'true'.
             Using this version instead of original version "6.0.0.0" in "C:\Users\quan\.nuget\packages\microsoft.windowsappsdk\1.6.241114003\lib\net6.0-windows10.0.18362.0\Microsoft.Windows.ApplicationModel.WindowsAppRuntime.Projection.dll" because AutoUnify is 'true'.
             Using this version instead of original version "6.0.0.0" in "C:\Users\quan\.nuget\packages\microsoft.windowsappsdk\1.6.241114003\lib\net6.0-windows10.0.18362.0\Microsoft.Windows.Management.Deployment.Projection.dll" because AutoUnify is 'true'.
             Using this version instead of original version "6.0.0.0" in "C:\Users\quan\.nuget\packages\microsoft.windowsappsdk\1.6.241114003\lib\net6.0-windows10.0.18362.0\Microsoft.Windows.PushNotifications.Projection.dll" because AutoUnify is 'true'.
             Using this version instead of original version "6.0.0.0" in "C:\Users\quan\.nuget\packages\microsoft.windowsappsdk\1.6.241114003\lib\net6.0-windows10.0.18362.0\Microsoft.Windows.Security.AccessControl.Projection.dll" because AutoUnify is 'true'.
             Using this version instead of original version "6.0.0.0" in "C:\Users\quan\.nuget\packages\microsoft.windowsappsdk\1.6.241114003\lib\net6.0-windows10.0.18362.0\Microsoft.Windows.Storage.Projection.dll" because AutoUnify is 'true'.
             Using this version instead of original version "6.0.0.0" in "C:\Users\quan\.nuget\packages\microsoft.windowsappsdk\1.6.241114003\lib\net6.0-windows10.0.18362.0\Microsoft.Windows.System.Power.Projection.dll" because AutoUnify is 'true'.
             Using this version instead of original version "6.0.0.0" in "C:\Users\quan\.nuget\packages\microsoft.windowsappsdk\1.6.241114003\lib\net6.0-windows10.0.18362.0\Microsoft.Windows.System.Projection.dll" because AutoUnify is 'true'.
             Using this version instead of original version "6.0.0.0" in "C:\Users\quan\.nuget\packages\microsoft.windowsappsdk\1.6.241114003\lib\net6.0-windows10.0.18362.0\Microsoft.Windows.Widgets.Projection.dll" because AutoUnify is 'true'.
             Resolved file path is "C:\Users\quan\.nuget\packages\microsoft.netcore.app.ref\9.0.18\ref\net9.0\System.Runtime.InteropServices.dll".
             Reference found at search path location "{RawFileName}".
             This reference is not "CopyLocal" because at least one source item had "Private" set to "false" and no source items had "Private" set to "true".
         Primary reference "System.Runtime.Intrinsics, Version=9.0.0.0, Culture=neutral, PublicKeyToken=cc7b13ffcd2ddd51".
             Resolved file path is "C:\Users\quan\.nuget\packages\microsoft.netcore.app.ref\9.0.18\ref\net9.0\System.Runtime.Intrinsics.dll".
             Reference found at search path location "{RawFileName}".
             This reference is not "CopyLocal" because at least one source item had "Private" set to "false" and no source items had "Private" set to "true".
         Primary reference "System.Runtime.Loader, Version=9.0.0.0, Culture=neutral, PublicKeyToken=b03f5f7f11d50a3a".
             Resolved file path is "C:\Users\quan\.nuget\packages\microsoft.netcore.app.ref\9.0.18\ref\net9.0\System.Runtime.Loader.dll".
             Reference found at search path location "{RawFileName}".
             This reference is not "CopyLocal" because at least one source item had "Private" set to "false" and no source items had "Private" set to "true".
         Primary reference "System.Runtime.Numerics, Version=9.0.0.0, Culture=neutral, PublicKeyToken=b03f5f7f11d50a3a".
             Resolved file path is "C:\Users\quan\.nuget\packages\microsoft.netcore.app.ref\9.0.18\ref\net9.0\System.Runtime.Numerics.dll".
             Reference found at search path location "{RawFileName}".
             This reference is not "CopyLocal" because at least one source item had "Private" set to "false" and no source items had "Private" set to "true".
         Primary reference "System.Runtime.Serialization.Formatters, Version=8.1.0.0, Culture=neutral, PublicKeyToken=b03f5f7f11d50a3a".
             Resolved file path is "C:\Users\quan\.nuget\packages\microsoft.netcore.app.ref\9.0.18\ref\net9.0\System.Runtime.Serialization.Formatters.dll".
             Reference found at search path location "{RawFileName}".
             This reference is not "CopyLocal" because at least one source item had "Private" set to "false" and no source items had "Private" set to "true".
         Primary reference "System.Runtime.Serialization.Json, Version=9.0.0.0, Culture=neutral, PublicKeyToken=b03f5f7f11d50a3a".
             Resolved file path is "C:\Users\quan\.nuget\packages\microsoft.netcore.app.ref\9.0.18\ref\net9.0\System.Runtime.Serialization.Json.dll".
             Reference found at search path location "{RawFileName}".
             This reference is not "CopyLocal" because at least one source item had "Private" set to "false" and no source items had "Private" set to "true".
         Primary reference "System.Runtime.Serialization.Primitives, Version=9.0.0.0, Culture=neutral, PublicKeyToken=b03f5f7f11d50a3a".
             Resolved file path is "C:\Users\quan\.nuget\packages\microsoft.netcore.app.ref\9.0.18\ref\net9.0\System.Runtime.Serialization.Primitives.dll".
             Reference found at search path location "{RawFileName}".
             This reference is not "CopyLocal" because at least one source item had "Private" set to "false" and no source items had "Private" set to "true".
         Primary reference "System.Runtime.Serialization.Xml, Version=9.0.0.0, Culture=neutral, PublicKeyToken=b03f5f7f11d50a3a".
             Resolved file path is "C:\Users\quan\.nuget\packages\microsoft.netcore.app.ref\9.0.18\ref\net9.0\System.Runtime.Serialization.Xml.dll".
             Reference found at search path location "{RawFileName}".
             This reference is not "CopyLocal" because at least one source item had "Private" set to "false" and no source items had "Private" set to "true".
         Primary reference "System.Runtime.Serialization, Version=4.0.0.0, Culture=neutral, PublicKeyToken=b77a5c561934e089".
             Resolved file path is "C:\Users\quan\.nuget\packages\microsoft.netcore.app.ref\9.0.18\ref\net9.0\System.Runtime.Serialization.dll".
             Reference found at search path location "{RawFileName}".
             This reference is not "CopyLocal" because at least one source item had "Private" set to "false" and no source items had "Private" set to "true".
         Unified primary reference "System.Runtime, Version=9.0.0.0, Culture=neutral, PublicKeyToken=b03f5f7f11d50a3a".
             Using this version instead of original version "6.0.0.0" in "C:\Users\quan\.nuget\packages\microsoft.web.webview2\1.0.2651.64\lib_manual\net6.0-windows10.0.17763.0\Microsoft.Web.WebView2.Core.Projection.dll" because AutoUnify is 'true'.
             Using this version instead of original version "8.0.0.0" in "C:\Users\quan\.nuget\packages\communitytoolkit.mvvm\8.3.2\lib\net8.0-windows10.0.17763\CommunityToolkit.Mvvm.dll" because AutoUnify is 'true'.
             Using this version instead of original version "7.0.0.0" in "C:\Users\quan\.nuget\packages\librehardwaremonitorlib\0.9.3\lib\net7.0\LibreHardwareMonitorLib.dll" because AutoUnify is 'true'.
             Using this version instead of original version "6.0.0.0" in "C:\Users\quan\.nuget\packages\microsoft.windowsappsdk\1.6.241114003\lib\net6.0-windows10.0.18362.0\Microsoft.InteractiveExperiences.Projection.dll" because AutoUnify is 'true'.
             Using this version instead of original version "6.0.0.0" in "C:\Users\quan\.nuget\packages\microsoft.windowsappsdk\1.6.241114003\lib\net6.0-windows10.0.18362.0\Microsoft.WinUI.dll" because AutoUnify is 'true'.
             Using this version instead of original version "6.0.0.0" in "C:\Users\quan\.nuget\packages\microsoft.windowsappsdk\1.6.241114003\lib\net6.0-windows10.0.18362.0\Microsoft.Windows.AppLifecycle.Projection.dll" because AutoUnify is 'true'.
             Using this version instead of original version "6.0.0.0" in "C:\Users\quan\.nuget\packages\microsoft.windowsappsdk\1.6.241114003\lib\net6.0-windows10.0.18362.0\Microsoft.Windows.AppNotifications.Builder.Projection.dll" because AutoUnify is 'true'.
             Using this version instead of original version "6.0.0.0" in "C:\Users\quan\.nuget\packages\microsoft.windowsappsdk\1.6.241114003\lib\net6.0-windows10.0.18362.0\Microsoft.Windows.AppNotifications.Projection.dll" because AutoUnify is 'true'.
             Using this version instead of original version "6.0.0.0" in "C:\Users\quan\.nuget\packages\microsoft.windowsappsdk\1.6.241114003\lib\net6.0-windows10.0.18362.0\Microsoft.Windows.ApplicationModel.DynamicDependency.Projection.dll" because AutoUnify is 'true'.
             Using this version instead of original version "6.0.0.0" in "C:\Users\quan\.nuget\packages\microsoft.windowsappsdk\1.6.241114003\lib\net6.0-windows10.0.18362.0\Microsoft.Windows.ApplicationModel.Resources.Projection.dll" because AutoUnify is 'true'.
             Using this version instead of original version "6.0.0.0" in "C:\Users\quan\.nuget\packages\microsoft.windowsappsdk\1.6.241114003\lib\net6.0-windows10.0.18362.0\Microsoft.Windows.ApplicationModel.WindowsAppRuntime.Projection.dll" because AutoUnify is 'true'.
             Using this version instead of original version "6.0.0.0" in "C:\Users\quan\.nuget\packages\microsoft.windowsappsdk\1.6.241114003\lib\net6.0-windows10.0.18362.0\Microsoft.Windows.Management.Deployment.Projection.dll" because AutoUnify is 'true'.
             Using this version instead of original version "6.0.0.0" in "C:\Users\quan\.nuget\packages\microsoft.windowsappsdk\1.6.241114003\lib\net6.0-windows10.0.18362.0\Microsoft.Windows.PushNotifications.Projection.dll" because AutoUnify is 'true'.
             Using this version instead of original version "6.0.0.0" in "C:\Users\quan\.nuget\packages\microsoft.windowsappsdk\1.6.241114003\lib\net6.0-windows10.0.18362.0\Microsoft.Windows.Security.AccessControl.Projection.dll" because AutoUnify is 'true'.
             Using this version instead of original version "6.0.0.0" in "C:\Users\quan\.nuget\packages\microsoft.windowsappsdk\1.6.241114003\lib\net6.0-windows10.0.18362.0\Microsoft.Windows.Storage.Projection.dll" because AutoUnify is 'true'.
             Using this version instead of original version "6.0.0.0" in "C:\Users\quan\.nuget\packages\microsoft.windowsappsdk\1.6.241114003\lib\net6.0-windows10.0.18362.0\Microsoft.Windows.System.Power.Projection.dll" because AutoUnify is 'true'.
             Using this version instead of original version "6.0.0.0" in "C:\Users\quan\.nuget\packages\microsoft.windowsappsdk\1.6.241114003\lib\net6.0-windows10.0.18362.0\Microsoft.Windows.System.Projection.dll" because AutoUnify is 'true'.
             Using this version instead of original version "6.0.0.0" in "C:\Users\quan\.nuget\packages\microsoft.windowsappsdk\1.6.241114003\lib\net6.0-windows10.0.18362.0\Microsoft.Windows.Widgets.Projection.dll" because AutoUnify is 'true'.
             Using this version instead of original version "6.0.0.0" in "C:\Users\quan\.nuget\packages\microsoft.windowsappsdk\1.6.241114003\lib\net6.0-windows10.0.18362.0\Microsoft.WindowsAppRuntime.Bootstrap.Net.dll" because AutoUnify is 'true'.
             Resolved file path is "C:\Users\quan\.nuget\packages\microsoft.netcore.app.ref\9.0.18\ref\net9.0\System.Runtime.dll".
             Reference found at search path location "{RawFileName}".
             This reference is not "CopyLocal" because at least one source item had "Private" set to "false" and no source items had "Private" set to "true".
         Unified primary reference "System.Security.AccessControl, Version=9.0.0.0, Culture=neutral, PublicKeyToken=b03f5f7f11d50a3a".
             Using this version instead of original version "7.0.0.0" in "C:\Users\quan\.nuget\packages\librehardwaremonitorlib\0.9.3\lib\net7.0\LibreHardwareMonitorLib.dll" because AutoUnify is 'true'.
             Resolved file path is "C:\Users\quan\.nuget\packages\microsoft.netcore.app.ref\9.0.18\ref\net9.0\System.Security.AccessControl.dll".
             Reference found at search path location "{RawFileName}".
             This reference is not "CopyLocal" because at least one source item had "Private" set to "false" and no source items had "Private" set to "true".
         Primary reference "System.Security.Claims, Version=9.0.0.0, Culture=neutral, PublicKeyToken=b03f5f7f11d50a3a".
             Resolved file path is "C:\Users\quan\.nuget\packages\microsoft.netcore.app.ref\9.0.18\ref\net9.0\System.Security.Claims.dll".
             Reference found at search path location "{RawFileName}".
             This reference is not "CopyLocal" because at least one source item had "Private" set to "false" and no source items had "Private" set to "true".
         Primary reference "System.Security.Cryptography.Algorithms, Version=9.0.0.0, Culture=neutral, PublicKeyToken=b03f5f7f11d50a3a".
             Resolved file path is "C:\Users\quan\.nuget\packages\microsoft.netcore.app.ref\9.0.18\ref\net9.0\System.Security.Cryptography.Algorithms.dll".
             Reference found at search path location "{RawFileName}".
             This reference is not "CopyLocal" because at least one source item had "Private" set to "false" and no source items had "Private" set to "true".
         Primary reference "System.Security.Cryptography.Cng, Version=9.0.0.0, Culture=neutral, PublicKeyToken=b03f5f7f11d50a3a".
             Resolved file path is "C:\Users\quan\.nuget\packages\microsoft.netcore.app.ref\9.0.18\ref\net9.0\System.Security.Cryptography.Cng.dll".
             Reference found at search path location "{RawFileName}".
             This reference is not "CopyLocal" because at least one source item had "Private" set to "false" and no source items had "Private" set to "true".
         Primary reference "System.Security.Cryptography.Csp, Version=9.0.0.0, Culture=neutral, PublicKeyToken=b03f5f7f11d50a3a".
             Resolved file path is "C:\Users\quan\.nuget\packages\microsoft.netcore.app.ref\9.0.18\ref\net9.0\System.Security.Cryptography.Csp.dll".
             Reference found at search path location "{RawFileName}".
             This reference is not "CopyLocal" because at least one source item had "Private" set to "false" and no source items had "Private" set to "true".
         Primary reference "System.Security.Cryptography.Encoding, Version=9.0.0.0, Culture=neutral, PublicKeyToken=b03f5f7f11d50a3a".
             Resolved file path is "C:\Users\quan\.nuget\packages\microsoft.netcore.app.ref\9.0.18\ref\net9.0\System.Security.Cryptography.Encoding.dll".
             Reference found at search path location "{RawFileName}".
             This reference is not "CopyLocal" because at least one source item had "Private" set to "false" and no source items had "Private" set to "true".
         Primary reference "System.Security.Cryptography.OpenSsl, Version=9.0.0.0, Culture=neutral, PublicKeyToken=b03f5f7f11d50a3a".
             Resolved file path is "C:\Users\quan\.nuget\packages\microsoft.netcore.app.ref\9.0.18\ref\net9.0\System.Security.Cryptography.OpenSsl.dll".
             Reference found at search path location "{RawFileName}".
             This reference is not "CopyLocal" because at least one source item had "Private" set to "false" and no source items had "Private" set to "true".
         Primary reference "System.Security.Cryptography.Primitives, Version=9.0.0.0, Culture=neutral, PublicKeyToken=b03f5f7f11d50a3a".
             Resolved file path is "C:\Users\quan\.nuget\packages\microsoft.netcore.app.ref\9.0.18\ref\net9.0\System.Security.Cryptography.Primitives.dll".
             Reference found at search path location "{RawFileName}".
             This reference is not "CopyLocal" because at least one source item had "Private" set to "false" and no source items had "Private" set to "true".
         Primary reference "System.Security.Cryptography.X509Certificates, Version=9.0.0.0, Culture=neutral, PublicKeyToken=b03f5f7f11d50a3a".
             Resolved file path is "C:\Users\quan\.nuget\packages\microsoft.netcore.app.ref\9.0.18\ref\net9.0\System.Security.Cryptography.X509Certificates.dll".
             Reference found at search path location "{RawFileName}".
             This reference is not "CopyLocal" because at least one source item had "Private" set to "false" and no source items had "Private" set to "true".
         Primary reference "System.Security.Cryptography, Version=9.0.0.0, Culture=neutral, PublicKeyToken=b03f5f7f11d50a3a".
             Resolved file path is "C:\Users\quan\.nuget\packages\microsoft.netcore.app.ref\9.0.18\ref\net9.0\System.Security.Cryptography.dll".
             Reference found at search path location "{RawFileName}".
             This reference is not "CopyLocal" because at least one source item had "Private" set to "false" and no source items had "Private" set to "true".
         Primary reference "System.Security.Principal.Windows, Version=9.0.0.0, Culture=neutral, PublicKeyToken=b03f5f7f11d50a3a".
             Resolved file path is "C:\Users\quan\.nuget\packages\microsoft.netcore.app.ref\9.0.18\ref\net9.0\System.Security.Principal.Windows.dll".
             Reference found at search path location "{RawFileName}".
             This reference is not "CopyLocal" because at least one source item had "Private" set to "false" and no source items had "Private" set to "true".
         Primary reference "System.Security.Principal, Version=9.0.0.0, Culture=neutral, PublicKeyToken=b03f5f7f11d50a3a".
             Resolved file path is "C:\Users\quan\.nuget\packages\microsoft.netcore.app.ref\9.0.18\ref\net9.0\System.Security.Principal.dll".
             Reference found at search path location "{RawFileName}".
             This reference is not "CopyLocal" because at least one source item had "Private" set to "false" and no source items had "Private" set to "true".
         Primary reference "System.Security.SecureString, Version=9.0.0.0, Culture=neutral, PublicKeyToken=b03f5f7f11d50a3a".
             Resolved file path is "C:\Users\quan\.nuget\packages\microsoft.netcore.app.ref\9.0.18\ref\net9.0\System.Security.SecureString.dll".
             Reference found at search path location "{RawFileName}".
             This reference is not "CopyLocal" because at least one source item had "Private" set to "false" and no source items had "Private" set to "true".
         Primary reference "System.Security, Version=4.0.0.0, Culture=neutral, PublicKeyToken=b03f5f7f11d50a3a".
             Resolved file path is "C:\Users\quan\.nuget\packages\microsoft.netcore.app.ref\9.0.18\ref\net9.0\System.Security.dll".
             Reference found at search path location "{RawFileName}".
             This reference is not "CopyLocal" because at least one source item had "Private" set to "false" and no source items had "Private" set to "true".
         Primary reference "System.ServiceModel.Web, Version=4.0.0.0, Culture=neutral, PublicKeyToken=31bf3856ad364e35".
             Resolved file path is "C:\Users\quan\.nuget\packages\microsoft.netcore.app.ref\9.0.18\ref\net9.0\System.ServiceModel.Web.dll".
             Reference found at search path location "{RawFileName}".
             This reference is not "CopyLocal" because at least one source item had "Private" set to "false" and no source items had "Private" set to "true".
         Primary reference "System.ServiceProcess, Version=4.0.0.0, Culture=neutral, PublicKeyToken=b03f5f7f11d50a3a".
             Resolved file path is "C:\Users\quan\.nuget\packages\microsoft.netcore.app.ref\9.0.18\ref\net9.0\System.ServiceProcess.dll".
             Reference found at search path location "{RawFileName}".
             This reference is not "CopyLocal" because at least one source item had "Private" set to "false" and no source items had "Private" set to "true".
         Primary reference "System.Text.Encoding.CodePages, Version=9.0.0.0, Culture=neutral, PublicKeyToken=b03f5f7f11d50a3a".
             Resolved file path is "C:\Users\quan\.nuget\packages\microsoft.netcore.app.ref\9.0.18\ref\net9.0\System.Text.Encoding.CodePages.dll".
             Reference found at search path location "{RawFileName}".
             This reference is not "CopyLocal" because at least one source item had "Private" set to "false" and no source items had "Private" set to "true".
         Primary reference "System.Text.Encoding.Extensions, Version=9.0.0.0, Culture=neutral, PublicKeyToken=b03f5f7f11d50a3a".
             Resolved file path is "C:\Users\quan\.nuget\packages\microsoft.netcore.app.ref\9.0.18\ref\net9.0\System.Text.Encoding.Extensions.dll".
             Reference found at search path location "{RawFileName}".
             This reference is not "CopyLocal" because at least one source item had "Private" set to "false" and no source items had "Private" set to "true".
         Primary reference "System.Text.Encoding, Version=9.0.0.0, Culture=neutral, PublicKeyToken=b03f5f7f11d50a3a".
             Resolved file path is "C:\Users\quan\.nuget\packages\microsoft.netcore.app.ref\9.0.18\ref\net9.0\System.Text.Encoding.dll".
             Reference found at search path location "{RawFileName}".
             This reference is not "CopyLocal" because at least one source item had "Private" set to "false" and no source items had "Private" set to "true".
         Primary reference "System.Text.Encodings.Web, Version=9.0.0.0, Culture=neutral, PublicKeyToken=cc7b13ffcd2ddd51".
             Resolved file path is "C:\Users\quan\.nuget\packages\microsoft.netcore.app.ref\9.0.18\ref\net9.0\System.Text.Encodings.Web.dll".
             Reference found at search path location "{RawFileName}".
             This reference is not "CopyLocal" because at least one source item had "Private" set to "false" and no source items had "Private" set to "true".
         Primary reference "System.Text.Json, Version=9.0.0.0, Culture=neutral, PublicKeyToken=cc7b13ffcd2ddd51".
             Resolved file path is "C:\Users\quan\.nuget\packages\microsoft.netcore.app.ref\9.0.18\ref\net9.0\System.Text.Json.dll".
             Reference found at search path location "{RawFileName}".
             This reference is not "CopyLocal" because at least one source item had "Private" set to "false" and no source items had "Private" set to "true".
         Unified primary reference "System.Text.RegularExpressions, Version=9.0.0.0, Culture=neutral, PublicKeyToken=b03f5f7f11d50a3a".
             Using this version instead of original version "7.0.0.0" in "C:\Users\quan\.nuget\packages\librehardwaremonitorlib\0.9.3\lib\net7.0\LibreHardwareMonitorLib.dll" because AutoUnify is 'true'.
             Resolved file path is "C:\Users\quan\.nuget\packages\microsoft.netcore.app.ref\9.0.18\ref\net9.0\System.Text.RegularExpressions.dll".
             Reference found at search path location "{RawFileName}".
             This reference is not "CopyLocal" because at least one source item had "Private" set to "false" and no source items had "Private" set to "true".
         Primary reference "System.Threading.Channels, Version=9.0.0.0, Culture=neutral, PublicKeyToken=cc7b13ffcd2ddd51".
             Resolved file path is "C:\Users\quan\.nuget\packages\microsoft.netcore.app.ref\9.0.18\ref\net9.0\System.Threading.Channels.dll".
             Reference found at search path location "{RawFileName}".
             This reference is not "CopyLocal" because at least one source item had "Private" set to "false" and no source items had "Private" set to "true".
         Primary reference "System.Threading.Overlapped, Version=9.0.0.0, Culture=neutral, PublicKeyToken=b03f5f7f11d50a3a".
             Resolved file path is "C:\Users\quan\.nuget\packages\microsoft.netcore.app.ref\9.0.18\ref\net9.0\System.Threading.Overlapped.dll".
             Reference found at search path location "{RawFileName}".
             This reference is not "CopyLocal" because at least one source item had "Private" set to "false" and no source items had "Private" set to "true".
         Primary reference "System.Threading.Tasks.Dataflow, Version=9.0.0.0, Culture=neutral, PublicKeyToken=b03f5f7f11d50a3a".
             Resolved file path is "C:\Users\quan\.nuget\packages\microsoft.netcore.app.ref\9.0.18\ref\net9.0\System.Threading.Tasks.Dataflow.dll".
             Reference found at search path location "{RawFileName}".
             This reference is not "CopyLocal" because at least one source item had "Private" set to "false" and no source items had "Private" set to "true".
         Primary reference "System.Threading.Tasks.Extensions, Version=9.0.0.0, Culture=neutral, PublicKeyToken=cc7b13ffcd2ddd51".
             Resolved file path is "C:\Users\quan\.nuget\packages\microsoft.netcore.app.ref\9.0.18\ref\net9.0\System.Threading.Tasks.Extensions.dll".
             Reference found at search path location "{RawFileName}".
             This reference is not "CopyLocal" because at least one source item had "Private" set to "false" and no source items had "Private" set to "true".
         Primary reference "System.Threading.Tasks.Parallel, Version=9.0.0.0, Culture=neutral, PublicKeyToken=b03f5f7f11d50a3a".
             Resolved file path is "C:\Users\quan\.nuget\packages\microsoft.netcore.app.ref\9.0.18\ref\net9.0\System.Threading.Tasks.Parallel.dll".
             Reference found at search path location "{RawFileName}".
             This reference is not "CopyLocal" because at least one source item had "Private" set to "false" and no source items had "Private" set to "true".
         Primary reference "System.Threading.Tasks, Version=9.0.0.0, Culture=neutral, PublicKeyToken=b03f5f7f11d50a3a".
             Resolved file path is "C:\Users\quan\.nuget\packages\microsoft.netcore.app.ref\9.0.18\ref\net9.0\System.Threading.Tasks.dll".
             Reference found at search path location "{RawFileName}".
             This reference is not "CopyLocal" because at least one source item had "Private" set to "false" and no source items had "Private" set to "true".
         Unified primary reference "System.Threading.Thread, Version=9.0.0.0, Culture=neutral, PublicKeyToken=b03f5f7f11d50a3a".
             Using this version instead of original version "7.0.0.0" in "C:\Users\quan\.nuget\packages\librehardwaremonitorlib\0.9.3\lib\net7.0\LibreHardwareMonitorLib.dll" because AutoUnify is 'true'.
             Resolved file path is "C:\Users\quan\.nuget\packages\microsoft.netcore.app.ref\9.0.18\ref\net9.0\System.Threading.Thread.dll".
             Reference found at search path location "{RawFileName}".
             This reference is not "CopyLocal" because at least one source item had "Private" set to "false" and no source items had "Private" set to "true".
         Primary reference "System.Threading.ThreadPool, Version=9.0.0.0, Culture=neutral, PublicKeyToken=b03f5f7f11d50a3a".
             Resolved file path is "C:\Users\quan\.nuget\packages\microsoft.netcore.app.ref\9.0.18\ref\net9.0\System.Threading.ThreadPool.dll".
             Reference found at search path location "{RawFileName}".
             This reference is not "CopyLocal" because at least one source item had "Private" set to "false" and no source items had "Private" set to "true".
         Primary reference "System.Threading.Timer, Version=9.0.0.0, Culture=neutral, PublicKeyToken=b03f5f7f11d50a3a".
             Resolved file path is "C:\Users\quan\.nuget\packages\microsoft.netcore.app.ref\9.0.18\ref\net9.0\System.Threading.Timer.dll".
             Reference found at search path location "{RawFileName}".
             This reference is not "CopyLocal" because at least one source item had "Private" set to "false" and no source items had "Private" set to "true".
         Unified primary reference "System.Threading, Version=9.0.0.0, Culture=neutral, PublicKeyToken=b03f5f7f11d50a3a".
             Using this version instead of original version "6.0.0.0" in "C:\Users\quan\.nuget\packages\microsoft.web.webview2\1.0.2651.64\lib_manual\net6.0-windows10.0.17763.0\Microsoft.Web.WebView2.Core.Projection.dll" because AutoUnify is 'true'.
             Using this version instead of original version "8.0.0.0" in "C:\Users\quan\.nuget\packages\communitytoolkit.mvvm\8.3.2\lib\net8.0-windows10.0.17763\CommunityToolkit.Mvvm.dll" because AutoUnify is 'true'.
             Using this version instead of original version "7.0.0.0" in "C:\Users\quan\.nuget\packages\librehardwaremonitorlib\0.9.3\lib\net7.0\LibreHardwareMonitorLib.dll" because AutoUnify is 'true'.
             Using this version instead of original version "6.0.0.0" in "C:\Users\quan\.nuget\packages\microsoft.windowsappsdk\1.6.241114003\lib\net6.0-windows10.0.18362.0\Microsoft.InteractiveExperiences.Projection.dll" because AutoUnify is 'true'.
             Using this version instead of original version "6.0.0.0" in "C:\Users\quan\.nuget\packages\microsoft.windowsappsdk\1.6.241114003\lib\net6.0-windows10.0.18362.0\Microsoft.WinUI.dll" because AutoUnify is 'true'.
             Using this version instead of original version "6.0.0.0" in "C:\Users\quan\.nuget\packages\microsoft.windowsappsdk\1.6.241114003\lib\net6.0-windows10.0.18362.0\Microsoft.Windows.AppLifecycle.Projection.dll" because AutoUnify is 'true'.
             Using this version instead of original version "6.0.0.0" in "C:\Users\quan\.nuget\packages\microsoft.windowsappsdk\1.6.241114003\lib\net6.0-windows10.0.18362.0\Microsoft.Windows.AppNotifications.Builder.Projection.dll" because AutoUnify is 'true'.
             Using this version instead of original version "6.0.0.0" in "C:\Users\quan\.nuget\packages\microsoft.windowsappsdk\1.6.241114003\lib\net6.0-windows10.0.18362.0\Microsoft.Windows.AppNotifications.Projection.dll" because AutoUnify is 'true'.
             Using this version instead of original version "6.0.0.0" in "C:\Users\quan\.nuget\packages\microsoft.windowsappsdk\1.6.241114003\lib\net6.0-windows10.0.18362.0\Microsoft.Windows.ApplicationModel.DynamicDependency.Projection.dll" because AutoUnify is 'true'.
             Using this version instead of original version "6.0.0.0" in "C:\Users\quan\.nuget\packages\microsoft.windowsappsdk\1.6.241114003\lib\net6.0-windows10.0.18362.0\Microsoft.Windows.ApplicationModel.Resources.Projection.dll" because AutoUnify is 'true'.
             Using this version instead of original version "6.0.0.0" in "C:\Users\quan\.nuget\packages\microsoft.windowsappsdk\1.6.241114003\lib\net6.0-windows10.0.18362.0\Microsoft.Windows.ApplicationModel.WindowsAppRuntime.Projection.dll" because AutoUnify is 'true'.
             Using this version instead of original version "6.0.0.0" in "C:\Users\quan\.nuget\packages\microsoft.windowsappsdk\1.6.241114003\lib\net6.0-windows10.0.18362.0\Microsoft.Windows.Management.Deployment.Projection.dll" because AutoUnify is 'true'.
             Using this version instead of original version "6.0.0.0" in "C:\Users\quan\.nuget\packages\microsoft.windowsappsdk\1.6.241114003\lib\net6.0-windows10.0.18362.0\Microsoft.Windows.PushNotifications.Projection.dll" because AutoUnify is 'true'.
             Using this version instead of original version "6.0.0.0" in "C:\Users\quan\.nuget\packages\microsoft.windowsappsdk\1.6.241114003\lib\net6.0-windows10.0.18362.0\Microsoft.Windows.Storage.Projection.dll" because AutoUnify is 'true'.
             Using this version instead of original version "6.0.0.0" in "C:\Users\quan\.nuget\packages\microsoft.windowsappsdk\1.6.241114003\lib\net6.0-windows10.0.18362.0\Microsoft.Windows.System.Power.Projection.dll" because AutoUnify is 'true'.
             Using this version instead of original version "6.0.0.0" in "C:\Users\quan\.nuget\packages\microsoft.windowsappsdk\1.6.241114003\lib\net6.0-windows10.0.18362.0\Microsoft.Windows.System.Projection.dll" because AutoUnify is 'true'.
             Using this version instead of original version "6.0.0.0" in "C:\Users\quan\.nuget\packages\microsoft.windowsappsdk\1.6.241114003\lib\net6.0-windows10.0.18362.0\Microsoft.Windows.Widgets.Projection.dll" because AutoUnify is 'true'.
             Resolved file path is "C:\Users\quan\.nuget\packages\microsoft.netcore.app.ref\9.0.18\ref\net9.0\System.Threading.dll".
             Reference found at search path location "{RawFileName}".
             This reference is not "CopyLocal" because at least one source item had "Private" set to "false" and no source items had "Private" set to "true".
         Primary reference "System.Transactions.Local, Version=9.0.0.0, Culture=neutral, PublicKeyToken=cc7b13ffcd2ddd51".
             Resolved file path is "C:\Users\quan\.nuget\packages\microsoft.netcore.app.ref\9.0.18\ref\net9.0\System.Transactions.Local.dll".
             Reference found at search path location "{RawFileName}".
             This reference is not "CopyLocal" because at least one source item had "Private" set to "false" and no source items had "Private" set to "true".
         Primary reference "System.Transactions, Version=4.0.0.0, Culture=neutral, PublicKeyToken=b77a5c561934e089".
             Resolved file path is "C:\Users\quan\.nuget\packages\microsoft.netcore.app.ref\9.0.18\ref\net9.0\System.Transactions.dll".
             Reference found at search path location "{RawFileName}".
             This reference is not "CopyLocal" because at least one source item had "Private" set to "false" and no source items had "Private" set to "true".
         Primary reference "System.ValueTuple, Version=9.0.0.0, Culture=neutral, PublicKeyToken=cc7b13ffcd2ddd51".
             Resolved file path is "C:\Users\quan\.nuget\packages\microsoft.netcore.app.ref\9.0.18\ref\net9.0\System.ValueTuple.dll".
             Reference found at search path location "{RawFileName}".
             This reference is not "CopyLocal" because at least one source item had "Private" set to "false" and no source items had "Private" set to "true".
         Primary reference "System.Web.HttpUtility, Version=9.0.0.0, Culture=neutral, PublicKeyToken=cc7b13ffcd2ddd51".
             Resolved file path is "C:\Users\quan\.nuget\packages\microsoft.netcore.app.ref\9.0.18\ref\net9.0\System.Web.HttpUtility.dll".
             Reference found at search path location "{RawFileName}".
             This reference is not "CopyLocal" because at least one source item had "Private" set to "false" and no source items had "Private" set to "true".
         Primary reference "System.Web, Version=4.0.0.0, Culture=neutral, PublicKeyToken=b03f5f7f11d50a3a".
             Resolved file path is "C:\Users\quan\.nuget\packages\microsoft.netcore.app.ref\9.0.18\ref\net9.0\System.Web.dll".
             Reference found at search path location "{RawFileName}".
             This reference is not "CopyLocal" because at least one source item had "Private" set to "false" and no source items had "Private" set to "true".
         Primary reference "System.Windows, Version=4.0.0.0, Culture=neutral, PublicKeyToken=b03f5f7f11d50a3a".
             Resolved file path is "C:\Users\quan\.nuget\packages\microsoft.netcore.app.ref\9.0.18\ref\net9.0\System.Windows.dll".
             Reference found at search path location "{RawFileName}".
             This reference is not "CopyLocal" because at least one source item had "Private" set to "false" and no source items had "Private" set to "true".
         Primary reference "System.Xml.Linq, Version=4.0.0.0, Culture=neutral, PublicKeyToken=b77a5c561934e089".
             Resolved file path is "C:\Users\quan\.nuget\packages\microsoft.netcore.app.ref\9.0.18\ref\net9.0\System.Xml.Linq.dll".
             Reference found at search path location "{RawFileName}".
             This reference is not "CopyLocal" because at least one source item had "Private" set to "false" and no source items had "Private" set to "true".
         Primary reference "System.Xml.ReaderWriter, Version=9.0.0.0, Culture=neutral, PublicKeyToken=b03f5f7f11d50a3a".
             Resolved file path is "C:\Users\quan\.nuget\packages\microsoft.netcore.app.ref\9.0.18\ref\net9.0\System.Xml.ReaderWriter.dll".
             Reference found at search path location "{RawFileName}".
             This reference is not "CopyLocal" because at least one source item had "Private" set to "false" and no source items had "Private" set to "true".
         Primary reference "System.Xml.Serialization, Version=4.0.0.0, Culture=neutral, PublicKeyToken=b77a5c561934e089".
             Resolved file path is "C:\Users\quan\.nuget\packages\microsoft.netcore.app.ref\9.0.18\ref\net9.0\System.Xml.Serialization.dll".
             Reference found at search path location "{RawFileName}".
             This reference is not "CopyLocal" because at least one source item had "Private" set to "false" and no source items had "Private" set to "true".
         Primary reference "System.Xml.XDocument, Version=9.0.0.0, Culture=neutral, PublicKeyToken=b03f5f7f11d50a3a".
             Resolved file path is "C:\Users\quan\.nuget\packages\microsoft.netcore.app.ref\9.0.18\ref\net9.0\System.Xml.XDocument.dll".
             Reference found at search path location "{RawFileName}".
             This reference is not "CopyLocal" because at least one source item had "Private" set to "false" and no source items had "Private" set to "true".
         Primary reference "System.Xml.XPath.XDocument, Version=9.0.0.0, Culture=neutral, PublicKeyToken=b03f5f7f11d50a3a".
             Resolved file path is "C:\Users\quan\.nuget\packages\microsoft.netcore.app.ref\9.0.18\ref\net9.0\System.Xml.XPath.XDocument.dll".
             Reference found at search path location "{RawFileName}".
             This reference is not "CopyLocal" because at least one source item had "Private" set to "false" and no source items had "Private" set to "true".
         Primary reference "System.Xml.XPath, Version=9.0.0.0, Culture=neutral, PublicKeyToken=b03f5f7f11d50a3a".
             Resolved file path is "C:\Users\quan\.nuget\packages\microsoft.netcore.app.ref\9.0.18\ref\net9.0\System.Xml.XPath.dll".
             Reference found at search path location "{RawFileName}".
             This reference is not "CopyLocal" because at least one source item had "Private" set to "false" and no source items had "Private" set to "true".
         Primary reference "System.Xml.XmlDocument, Version=9.0.0.0, Culture=neutral, PublicKeyToken=b03f5f7f11d50a3a".
             Resolved file path is "C:\Users\quan\.nuget\packages\microsoft.netcore.app.ref\9.0.18\ref\net9.0\System.Xml.XmlDocument.dll".
             Reference found at search path location "{RawFileName}".
             This reference is not "CopyLocal" because at least one source item had "Private" set to "false" and no source items had "Private" set to "true".
         Primary reference "System.Xml.XmlSerializer, Version=9.0.0.0, Culture=neutral, PublicKeyToken=b03f5f7f11d50a3a".
             Resolved file path is "C:\Users\quan\.nuget\packages\microsoft.netcore.app.ref\9.0.18\ref\net9.0\System.Xml.XmlSerializer.dll".
             Reference found at search path location "{RawFileName}".
             This reference is not "CopyLocal" because at least one source item had "Private" set to "false" and no source items had "Private" set to "true".
         Primary reference "System.Xml, Version=4.0.0.0, Culture=neutral, PublicKeyToken=b77a5c561934e089".
             Resolved file path is "C:\Users\quan\.nuget\packages\microsoft.netcore.app.ref\9.0.18\ref\net9.0\System.Xml.dll".
             Reference found at search path location "{RawFileName}".
             This reference is not "CopyLocal" because at least one source item had "Private" set to "false" and no source items had "Private" set to "true".
         Primary reference "System, Version=4.0.0.0, Culture=neutral, PublicKeyToken=b77a5c561934e089".
             Resolved file path is "C:\Users\quan\.nuget\packages\microsoft.netcore.app.ref\9.0.18\ref\net9.0\System.dll".
             Reference found at search path location "{RawFileName}".
             This reference is not "CopyLocal" because at least one source item had "Private" set to "false" and no source items had "Private" set to "true".
         Primary reference "WindowsBase, Version=4.0.0.0, Culture=neutral, PublicKeyToken=31bf3856ad364e35".
             Resolved file path is "C:\Users\quan\.nuget\packages\microsoft.netcore.app.ref\9.0.18\ref\net9.0\WindowsBase.dll".
             Reference found at search path location "{RawFileName}".
             This reference is not "CopyLocal" because at least one source item had "Private" set to "false" and no source items had "Private" set to "true".
         Primary reference "mscorlib, Version=4.0.0.0, Culture=neutral, PublicKeyToken=b77a5c561934e089".
             Resolved file path is "C:\Users\quan\.nuget\packages\microsoft.netcore.app.ref\9.0.18\ref\net9.0\mscorlib.dll".
             Reference found at search path location "{RawFileName}".
             This reference is not "CopyLocal" because at least one source item had "Private" set to "false" and no source items had "Private" set to "true".
         Unified primary reference "netstandard, Version=2.1.0.0, Culture=neutral, PublicKeyToken=cc7b13ffcd2ddd51".
             Using this version instead of original version "2.0.0.0" in "C:\Users\quan\.nuget\packages\hidsharp\2.1.0\lib\netstandard2.0\HidSharp.dll" because AutoUnify is 'true'.
             Using this version instead of original version "2.0.0.0" in "C:\Users\quan\.nuget\packages\mono.posix.netstandard\1.0.0\ref\netstandard2.0\Mono.Posix.NETStandard.dll" because AutoUnify is 'true'.
             Resolved file path is "C:\Users\quan\.nuget\packages\microsoft.netcore.app.ref\9.0.18\ref\net9.0\netstandard.dll".
             Reference found at search path location "{RawFileName}".
             This reference is not "CopyLocal" because at least one source item had "Private" set to "false" and no source items had "Private" set to "true".
         Unified primary reference "Microsoft.Windows.SDK.NET, Version=10.0.22621.38, Culture=neutral, PublicKeyToken=31bf3856ad364e35".
             Using this version instead of original version "10.0.17763.24" in "C:\Users\quan\.nuget\packages\microsoft.web.webview2\1.0.2651.64\lib_manual\net6.0-windows10.0.17763.0\Microsoft.Web.WebView2.Core.Projection.dll" because AutoUnify is 'true'.
             Using this version instead of original version "10.0.18362.38" in "C:\Users\quan\.nuget\packages\microsoft.windowsappsdk\1.6.241114003\lib\net6.0-windows10.0.18362.0\Microsoft.InteractiveExperiences.Projection.dll" because AutoUnify is 'true'.
             Using this version instead of original version "10.0.17763.38" in "C:\Users\quan\.nuget\packages\microsoft.windowsappsdk\1.6.241114003\lib\net6.0-windows10.0.18362.0\Microsoft.WinUI.dll" because AutoUnify is 'true'.
             Using this version instead of original version "10.0.17763.38" in "C:\Users\quan\.nuget\packages\microsoft.windowsappsdk\1.6.241114003\lib\net6.0-windows10.0.18362.0\Microsoft.Windows.AppLifecycle.Projection.dll" because AutoUnify is 'true'.
             Using this version instead of original version "10.0.17763.38" in "C:\Users\quan\.nuget\packages\microsoft.windowsappsdk\1.6.241114003\lib\net6.0-windows10.0.18362.0\Microsoft.Windows.AppNotifications.Builder.Projection.dll" because AutoUnify is 'true'.
             Using this version instead of original version "10.0.17763.38" in "C:\Users\quan\.nuget\packages\microsoft.windowsappsdk\1.6.241114003\lib\net6.0-windows10.0.18362.0\Microsoft.Windows.AppNotifications.Projection.dll" because AutoUnify is 'true'.
             Using this version instead of original version "10.0.17763.38" in "C:\Users\quan\.nuget\packages\microsoft.windowsappsdk\1.6.241114003\lib\net6.0-windows10.0.18362.0\Microsoft.Windows.ApplicationModel.DynamicDependency.Projection.dll" because AutoUnify is 'true'.
             Using this version instead of original version "10.0.17763.38" in "C:\Users\quan\.nuget\packages\microsoft.windowsappsdk\1.6.241114003\lib\net6.0-windows10.0.18362.0\Microsoft.Windows.ApplicationModel.Resources.Projection.dll" because AutoUnify is 'true'.
             Using this version instead of original version "10.0.17763.38" in "C:\Users\quan\.nuget\packages\microsoft.windowsappsdk\1.6.241114003\lib\net6.0-windows10.0.18362.0\Microsoft.Windows.ApplicationModel.WindowsAppRuntime.Projection.dll" because AutoUnify is 'true'.
             Using this version instead of original version "10.0.17763.38" in "C:\Users\quan\.nuget\packages\microsoft.windowsappsdk\1.6.241114003\lib\net6.0-windows10.0.18362.0\Microsoft.Windows.Management.Deployment.Projection.dll" because AutoUnify is 'true'.
             Using this version instead of original version "10.0.17763.38" in "C:\Users\quan\.nuget\packages\microsoft.windowsappsdk\1.6.241114003\lib\net6.0-windows10.0.18362.0\Microsoft.Windows.PushNotifications.Projection.dll" because AutoUnify is 'true'.
             Using this version instead of original version "10.0.17763.38" in "C:\Users\quan\.nuget\packages\microsoft.windowsappsdk\1.6.241114003\lib\net6.0-windows10.0.18362.0\Microsoft.Windows.Security.AccessControl.Projection.dll" because AutoUnify is 'true'.
             Using this version instead of original version "10.0.17763.38" in "C:\Users\quan\.nuget\packages\microsoft.windowsappsdk\1.6.241114003\lib\net6.0-windows10.0.18362.0\Microsoft.Windows.Storage.Projection.dll" because AutoUnify is 'true'.
             Using this version instead of original version "10.0.17763.38" in "C:\Users\quan\.nuget\packages\microsoft.windowsappsdk\1.6.241114003\lib\net6.0-windows10.0.18362.0\Microsoft.Windows.System.Power.Projection.dll" because AutoUnify is 'true'.
             Using this version instead of original version "10.0.17763.38" in "C:\Users\quan\.nuget\packages\microsoft.windowsappsdk\1.6.241114003\lib\net6.0-windows10.0.18362.0\Microsoft.Windows.System.Projection.dll" because AutoUnify is 'true'.
             Using this version instead of original version "10.0.17763.38" in "C:\Users\quan\.nuget\packages\microsoft.windowsappsdk\1.6.241114003\lib\net6.0-windows10.0.18362.0\Microsoft.Windows.Widgets.Projection.dll" because AutoUnify is 'true'.
             Resolved file path is "C:\Users\quan\.nuget\packages\microsoft.windows.sdk.net.ref\10.0.22621.57\lib\net8.0\Microsoft.Windows.SDK.NET.dll".
             Reference found at search path location "{RawFileName}".
             This reference is not "CopyLocal" because at least one source item had "Private" set to "false" and no source items had "Private" set to "true".
         Unified primary reference "WinRT.Runtime, Version=2.2.0.0, Culture=neutral, PublicKeyToken=99ea127f02d97709".
             Using this version instead of original version "2.0.0.0" in "C:\Users\quan\.nuget\packages\microsoft.web.webview2\1.0.2651.64\lib_manual\net6.0-windows10.0.17763.0\Microsoft.Web.WebView2.Core.Projection.dll" because AutoUnify is 'true'.
             Using this version instead of original version "2.1.0.0" in "C:\Users\quan\.nuget\packages\communitytoolkit.mvvm\8.3.2\lib\net8.0-windows10.0.17763\CommunityToolkit.Mvvm.dll" because AutoUnify is 'true'.
             Using this version instead of original version "2.1.0.0" in "C:\Users\quan\.nuget\packages\microsoft.windowsappsdk\1.6.241114003\lib\net6.0-windows10.0.18362.0\Microsoft.InteractiveExperiences.Projection.dll" because AutoUnify is 'true'.
             Using this version instead of original version "2.1.0.0" in "C:\Users\quan\.nuget\packages\microsoft.windowsappsdk\1.6.241114003\lib\net6.0-windows10.0.18362.0\Microsoft.WinUI.dll" because AutoUnify is 'true'.
             Using this version instead of original version "2.1.0.0" in "C:\Users\quan\.nuget\packages\microsoft.windowsappsdk\1.6.241114003\lib\net6.0-windows10.0.18362.0\Microsoft.Windows.AppLifecycle.Projection.dll" because AutoUnify is 'true'.
             Using this version instead of original version "2.1.0.0" in "C:\Users\quan\.nuget\packages\microsoft.windowsappsdk\1.6.241114003\lib\net6.0-windows10.0.18362.0\Microsoft.Windows.AppNotifications.Builder.Projection.dll" because AutoUnify is 'true'.
             Using this version instead of original version "2.1.0.0" in "C:\Users\quan\.nuget\packages\microsoft.windowsappsdk\1.6.241114003\lib\net6.0-windows10.0.18362.0\Microsoft.Windows.AppNotifications.Projection.dll" because AutoUnify is 'true'.
             Using this version instead of original version "2.1.0.0" in "C:\Users\quan\.nuget\packages\microsoft.windowsappsdk\1.6.241114003\lib\net6.0-windows10.0.18362.0\Microsoft.Windows.ApplicationModel.DynamicDependency.Projection.dll" because AutoUnify is 'true'.
             Using this version instead of original version "2.1.0.0" in "C:\Users\quan\.nuget\packages\microsoft.windowsappsdk\1.6.241114003\lib\net6.0-windows10.0.18362.0\Microsoft.Windows.ApplicationModel.Resources.Projection.dll" because AutoUnify is 'true'.
             Using this version instead of original version "2.1.0.0" in "C:\Users\quan\.nuget\packages\microsoft.windowsappsdk\1.6.241114003\lib\net6.0-windows10.0.18362.0\Microsoft.Windows.ApplicationModel.WindowsAppRuntime.Projection.dll" because AutoUnify is 'true'.
             Using this version instead of original version "2.1.0.0" in "C:\Users\quan\.nuget\packages\microsoft.windowsappsdk\1.6.241114003\lib\net6.0-windows10.0.18362.0\Microsoft.Windows.Management.Deployment.Projection.dll" because AutoUnify is 'true'.
             Using this version instead of original version "2.1.0.0" in "C:\Users\quan\.nuget\packages\microsoft.windowsappsdk\1.6.241114003\lib\net6.0-windows10.0.18362.0\Microsoft.Windows.PushNotifications.Projection.dll" because AutoUnify is 'true'.
             Using this version instead of original version "2.1.0.0" in "C:\Users\quan\.nuget\packages\microsoft.windowsappsdk\1.6.241114003\lib\net6.0-windows10.0.18362.0\Microsoft.Windows.Security.AccessControl.Projection.dll" because AutoUnify is 'true'.
             Using this version instead of original version "2.1.0.0" in "C:\Users\quan\.nuget\packages\microsoft.windowsappsdk\1.6.241114003\lib\net6.0-windows10.0.18362.0\Microsoft.Windows.Storage.Projection.dll" because AutoUnify is 'true'.
             Using this version instead of original version "2.1.0.0" in "C:\Users\quan\.nuget\packages\microsoft.windowsappsdk\1.6.241114003\lib\net6.0-windows10.0.18362.0\Microsoft.Windows.System.Power.Projection.dll" because AutoUnify is 'true'.
             Using this version instead of original version "2.1.0.0" in "C:\Users\quan\.nuget\packages\microsoft.windowsappsdk\1.6.241114003\lib\net6.0-windows10.0.18362.0\Microsoft.Windows.System.Projection.dll" because AutoUnify is 'true'.
             Using this version instead of original version "2.1.0.0" in "C:\Users\quan\.nuget\packages\microsoft.windowsappsdk\1.6.241114003\lib\net6.0-windows10.0.18362.0\Microsoft.Windows.Widgets.Projection.dll" because AutoUnify is 'true'.
             Resolved file path is "C:\Users\quan\.nuget\packages\microsoft.windows.sdk.net.ref\10.0.22621.57\lib\net8.0\WinRT.Runtime.dll".
             Reference found at search path location "{RawFileName}".
             This reference is not "CopyLocal" because at least one source item had "Private" set to "false" and no source items had "Private" set to "true".
         Dependency "System.Formats.Nrbf, Version=9.0.0.0, Culture=neutral, PublicKeyToken=cc7b13ffcd2ddd51".
             Could not resolve this reference. Could not locate the assembly "System.Formats.Nrbf, Version=9.0.0.0, Culture=neutral, PublicKeyToken=cc7b13ffcd2ddd51". Check to make sure the assembly exists on disk. If this reference is required by your code, you may get compilation errors.
                 For SearchPath "C:\Users\quan\.nuget\packages\system.drawing.common\9.0.0\lib\net9.0" (added by referencing assembly "C:\Users\quan\.nuget\packages\system.drawing.common\9.0.0\lib\net9.0\System.Private.Windows.Core.dll").
                 Considered "C:\Users\quan\.nuget\packages\system.drawing.common\9.0.0\lib\net9.0\System.Formats.Nrbf.winmd", but it didn't exist.
                 Considered "C:\Users\quan\.nuget\packages\system.drawing.common\9.0.0\lib\net9.0\System.Formats.Nrbf.dll", but it didn't exist.
                 Considered "C:\Users\quan\.nuget\packages\system.drawing.common\9.0.0\lib\net9.0\System.Formats.Nrbf.exe", but it didn't exist.
                 For SearchPath "{CandidateAssemblyFiles}".
                 Considered "C:\Users\quan\.nuget\packages\microsoft.web.webview2\1.0.2651.64\build\\..\runtimes\win-x64\native\WebView2Loader.dll",
         			but its name "WebView2Loader"
         			didn't match the expected name "System.Formats.Nrbf, Version=9.0.0.0, Culture=neutral, PublicKeyToken=cc7b13ffcd2ddd51".
                 Considered "OutputInstaller\Smart_Fan_Cooling_Setup_v2.1_CustomPresets.exe",
         			but its name "Smart_Fan_Cooling_Setup_v2.1_CustomPresets"
         			didn't match the expected name "System.Formats.Nrbf, Version=9.0.0.0, Culture=neutral, PublicKeyToken=cc7b13ffcd2ddd51".
             Required by "C:\Users\quan\.nuget\packages\system.drawing.common\9.0.0\lib\net9.0\System.Private.Windows.Core.dll".
             Required by "C:\Users\quan\.nuget\packages\system.drawing.common\9.0.0\lib\net9.0\System.Drawing.Common.dll".
       Done executing task "ResolveAssemblyReference".
   1:7>Done building target "ResolveAssemblyReferences" in project "smart_fan_cooling_windows_app.csproj".
   1:7>Target "AfterResolveReferences" in file "C:\Program Files\dotnet\sdk\10.0.302\Microsoft.Common.CurrentVersion.targets" from project "C:\Users\quan\Documents\smart_fan_cooling_windows_app\smart_fan_cooling_windows_app.csproj" (target "ResolveReferences" depends on it):
   1:7>Done building target "AfterResolveReferences" in project "smart_fan_cooling_windows_app.csproj".
       Target "ResolveAssemblyReferences" skipped. Previously built successfully.
   1:7>Target "WindowsAppSDKVerifyCsWinRtVersions" in file "C:\Users\quan\.nuget\packages\microsoft.windowsappsdk\1.6.241114003\buildTransitive\Microsoft.WindowsAppSDK.targets" from project "C:\Users\quan\Documents\smart_fan_cooling_windows_app\smart_fan_cooling_windows_app.csproj" (target "ResolveReferences" depends on it):
   1:7>Done building target "WindowsAppSDKVerifyCsWinRtVersions" in project "smart_fan_cooling_windows_app.csproj".
       Target "ResolveAssemblyReferences" skipped. Previously built successfully.
   1:7>Target "MvvmToolkitVerifyWindowsSdkPackageVersion" in file "C:\Users\quan\.nuget\packages\communitytoolkit.mvvm\8.3.2\buildTransitive\CommunityToolkit.Mvvm.WindowsSdk.targets" from project "C:\Users\quan\Documents\smart_fan_cooling_windows_app\smart_fan_cooling_windows_app.csproj" (target "ResolveReferences" depends on it):
   1:7>Done building target "MvvmToolkitVerifyWindowsSdkPackageVersion" in project "smart_fan_cooling_windows_app.csproj".
   1:7>Target "ResolveReferences" in file "C:\Program Files\dotnet\sdk\10.0.302\Microsoft.Common.CurrentVersion.targets" from project "C:\Users\quan\Documents\smart_fan_cooling_windows_app\smart_fan_cooling_windows_app.csproj" (target "_BlockWinMDsOnUnsupportedTFMs" depends on it):
   1:7>Done building target "ResolveReferences" in project "smart_fan_cooling_windows_app.csproj".
   1:7>Target "_BlockWinMDsOnUnsupportedTFMs" in file "C:\Program Files\dotnet\sdk\10.0.302\Sdks\Microsoft.NET.Sdk\targets\Microsoft.NET.Sdk.targets" from project "C:\Users\quan\Documents\smart_fan_cooling_windows_app\smart_fan_cooling_windows_app.csproj" (target "CoreBuild" depends on it):
       Using "CheckForUnsupportedWinMDReferences" task from assembly "C:\Program Files\dotnet\sdk\10.0.302\Sdks\Microsoft.NET.Sdk\targets\..\tools\net10.0\Microsoft.NET.Build.Tasks.dll".
       Task "CheckForUnsupportedWinMDReferences"
       Done executing task "CheckForUnsupportedWinMDReferences".
   1:7>Done building target "_BlockWinMDsOnUnsupportedTFMs" in project "smart_fan_cooling_windows_app.csproj".
       Target "ResolveReferences" skipped. Previously built successfully.
       Target "ResolvePackageDependenciesForBuild" skipped. Previously built successfully.
       Target "_HandlePackageFileConflicts" skipped. Previously built successfully.
       Target "AddImplicitDefineConstants" skipped. Previously built successfully.
   1:7>Target "GetVCInstallPath" in file "C:\Users\quan\.nuget\packages\microsoft.windowsappsdk\1.6.241114003\buildTransitive\Microsoft.UI.Xaml.Markup.Compiler.interop.targets" from project "C:\Users\quan\Documents\smart_fan_cooling_windows_app\smart_fan_cooling_windows_app.csproj" (target "MarkupCompilePass1" depends on it):
   1:7>Done building target "GetVCInstallPath" in project "smart_fan_cooling_windows_app.csproj".
   1:7>Target "CalculateAppxGenerateProjectPriEnabled" in file "C:\Users\quan\.nuget\packages\microsoft.windowsappsdk\1.6.241114003\buildTransitive\Microsoft.Build.Msix.Pri.targets" from project "C:\Users\quan\Documents\smart_fan_cooling_windows_app\smart_fan_cooling_windows_app.csproj" (target "GetPriIndexName" depends on it):
   1:7>Done building target "CalculateAppxGenerateProjectPriEnabled" in project "smart_fan_cooling_windows_app.csproj".
   1:7>Target "GetPriIndexName" in file "C:\Users\quan\.nuget\packages\microsoft.windowsappsdk\1.6.241114003\buildTransitive\Microsoft.UI.Xaml.Markup.Compiler.interop.targets" from project "C:\Users\quan\Documents\smart_fan_cooling_windows_app\smart_fan_cooling_windows_app.csproj" (target "MarkupCompilePass1" depends on it):
   1:7>Done building target "GetPriIndexName" in project "smart_fan_cooling_windows_app.csproj".
   1:7>Target "_UpdatePriIndex" in file "C:\Users\quan\.nuget\packages\microsoft.windowsappsdk\1.6.241114003\buildTransitive\Microsoft.Build.Msix.Common.props" from project "C:\Users\quan\Documents\smart_fan_cooling_windows_app\smart_fan_cooling_windows_app.csproj" (target "MarkupCompilePass1" depends on it):
       C:\Users\quan\.nuget\packages\microsoft.windowsappsdk\1.6.241114003\buildTransitive\Microsoft.Build.Msix.Common.props(29,7): message : Property reassignment: $(PriIndexName)="" (previous value: "smart_fan_cooling_windows_app") at C:\Users\quan\.nuget\packages\microsoft.windowsappsdk\1.6.241114003\buildTransitive\Microsoft.Build.Msix.Common.props (29,7) [C:\Users\quan\Documents\smart_fan_cooling_windows_app\smart_fan_cooling_windows_app.csproj]
   1:7>Done building target "_UpdatePriIndex" in project "smart_fan_cooling_windows_app.csproj".
   1:7>Target "GetPrecompiledHeaderFile" in file "C:\Users\quan\.nuget\packages\microsoft.windowsappsdk\1.6.241114003\buildTransitive\Microsoft.UI.Xaml.Markup.Compiler.interop.targets" from project "C:\Users\quan\Documents\smart_fan_cooling_windows_app\smart_fan_cooling_windows_app.csproj" (target "MarkupCompilePass1" depends on it):
   1:7>Done building target "GetPrecompiledHeaderFile" in project "smart_fan_cooling_windows_app.csproj".
   1:7>Target "_OverrideGetPriIndexName" in file "C:\Users\quan\.nuget\packages\microsoft.windowsappsdk\1.6.241114003\buildTransitive\Microsoft.WindowsAppSDK.SelfContained.targets" from project "C:\Users\quan\Documents\smart_fan_cooling_windows_app\smart_fan_cooling_windows_app.csproj" (target "MarkupCompilePass1" depends on it):
   1:7>Done building target "_OverrideGetPriIndexName" in project "smart_fan_cooling_windows_app.csproj".
   1:7>Target "MarkupCompilePass1" in file "C:\Users\quan\.nuget\packages\microsoft.windowsappsdk\1.6.241114003\buildTransitive\Microsoft.UI.Xaml.Markup.Compiler.interop.targets" from project "C:\Users\quan\Documents\smart_fan_cooling_windows_app\smart_fan_cooling_windows_app.csproj" (target "PrepareResources" depends on it):
       Task "MakeDir"
       Done executing task "MakeDir".
       Assembly loaded during TaskRun: Microsoft.UI.Xaml.Markup.Compiler.IO, Version=3.0.0.2411, Culture=neutral, PublicKeyToken=de31ebe4ad15742b (location: C:\Users\quan\.nuget\packages\microsoft.windowsappsdk\1.6.241114003\tools\net6.0\Microsoft.UI.Xaml.Markup.Compiler.IO.dll, MVID: 57902778-688c-4bd9-9099-44ec09683c3f, AssemblyLoadContext: MSBuild plugin C:\Users\quan\.nuget\packages\microsoft.windowsappsdk\1.6.241114003\tools\net6.0\Microsoft.UI.Xaml.Markup.Compiler.IO.dll)
       Assembly loaded during TaskRun: Microsoft.UI.Xaml.Markup.Compiler.MSBuildInterop, Version=3.0.0.2411, Culture=neutral, PublicKeyToken=de31ebe4ad15742b (location: C:\Users\quan\.nuget\packages\microsoft.windowsappsdk\1.6.241114003\tools\net6.0\Microsoft.UI.Xaml.Markup.Compiler.MSBuildInterop.dll, MVID: 1becea71-e2cc-4286-8584-a29496588b06, AssemblyLoadContext: MSBuild plugin C:\Users\quan\.nuget\packages\microsoft.windowsappsdk\1.6.241114003\tools\net6.0\Microsoft.UI.Xaml.Markup.Compiler.IO.dll)
       Using "InputSerializer" task from assembly "C:\Users\quan\.nuget\packages\microsoft.windowsappsdk\1.6.241114003\buildTransitive\..\tools\net6.0\Microsoft.UI.Xaml.Markup.Compiler.IO.dll".
       Task "InputSerializer"
         Assembly loaded during TaskRun (Microsoft.UI.Xaml.Markup.Compiler.IO.InputSerializer): System.Text.Json, Version=6.0.0.0, Culture=neutral, PublicKeyToken=cc7b13ffcd2ddd51 (location: C:\Users\quan\.nuget\packages\microsoft.windowsappsdk\1.6.241114003\tools\net6.0\System.Text.Json.dll, MVID: 086d512a-2bc5-4265-aa92-dae69baacd13, AssemblyLoadContext: MSBuild plugin C:\Users\quan\.nuget\packages\microsoft.windowsappsdk\1.6.241114003\tools\net6.0\Microsoft.UI.Xaml.Markup.Compiler.IO.dll)
         Assembly loaded during TaskRun (Microsoft.UI.Xaml.Markup.Compiler.IO.InputSerializer): Microsoft.Bcl.AsyncInterfaces, Version=6.0.0.0, Culture=neutral, PublicKeyToken=cc7b13ffcd2ddd51 (location: C:\Users\quan\.nuget\packages\microsoft.windowsappsdk\1.6.241114003\tools\net6.0\Microsoft.Bcl.AsyncInterfaces.dll, MVID: b2422c07-7a9d-4584-af3f-f1d7011f6a5a, AssemblyLoadContext: MSBuild plugin C:\Users\quan\.nuget\packages\microsoft.windowsappsdk\1.6.241114003\tools\net6.0\Microsoft.UI.Xaml.Markup.Compiler.IO.dll)
         Assembly loaded during TaskRun (Microsoft.UI.Xaml.Markup.Compiler.IO.InputSerializer): System.Text.Encodings.Web, Version=6.0.0.0, Culture=neutral, PublicKeyToken=cc7b13ffcd2ddd51 (location: C:\Users\quan\.nuget\packages\microsoft.windowsappsdk\1.6.241114003\tools\net6.0\System.Text.Encodings.Web.dll, MVID: c7521d8a-f0e7-4fc7-b157-923bd9b7a91e, AssemblyLoadContext: MSBuild plugin C:\Users\quan\.nuget\packages\microsoft.windowsappsdk\1.6.241114003\tools\net6.0\Microsoft.UI.Xaml.Markup.Compiler.IO.dll)
         Assembly loaded during TaskRun (Microsoft.UI.Xaml.Markup.Compiler.IO.InputSerializer): mscorlib, Version=4.0.0.0, Culture=neutral, PublicKeyToken=b77a5c561934e089 (location: C:\Program Files\dotnet\shared\Microsoft.NETCore.App\10.0.10\mscorlib.dll, MVID: 896c2f9f-2f94-4cbd-9840-b83f5c2c2210, AssemblyLoadContext: Default)
         Assembly loaded during TaskRun (Microsoft.UI.Xaml.Markup.Compiler.IO.InputSerializer): System.Core, Version=4.0.0.0, Culture=neutral, PublicKeyToken=b77a5c561934e089 (location: C:\Program Files\dotnet\shared\Microsoft.NETCore.App\10.0.10\System.Core.dll, MVID: 6dc15c9b-538f-450e-b1f5-680c2ebfca68, AssemblyLoadContext: Default)
         Assembly loaded during TaskRun (Microsoft.UI.Xaml.Markup.Compiler.IO.InputSerializer): System.Threading.Tasks.Extensions, Version=10.0.0.0, Culture=neutral, PublicKeyToken=cc7b13ffcd2ddd51 (location: C:\Program Files\dotnet\shared\Microsoft.NETCore.App\10.0.10\System.Threading.Tasks.Extensions.dll, MVID: 6e38f245-b8e4-4b02-a6ee-cf1d1364067a, AssemblyLoadContext: Default)
         Assembly loaded during TaskRun (Microsoft.UI.Xaml.Markup.Compiler.IO.InputSerializer): System.Buffers, Version=10.0.0.0, Culture=neutral, PublicKeyToken=cc7b13ffcd2ddd51 (location: C:\Program Files\dotnet\shared\Microsoft.NETCore.App\10.0.10\System.Buffers.dll, MVID: 11319fde-1483-4fa7-9421-bbfe32f51739, AssemblyLoadContext: Default)
       Done executing task "InputSerializer".
       Using "Exec" task from assembly "Microsoft.Build.Tasks.Core, Version=15.1.0.0, Culture=neutral, PublicKeyToken=b03f5f7f11d50a3a".
       Task "Exec"
         "C:\Users\quan\.nuget\packages\microsoft.windowsappsdk\1.6.241114003\buildTransitive\..\tools\net6.0\..\net472\XamlCompiler.exe" "obj\x64\Debug\net9.0-windows10.0.22621.0\win-x64\\input.json" "obj\x64\Debug\net9.0-windows10.0.22621.0\win-x64\\output.json"
   1:7>C:\Users\quan\.nuget\packages\microsoft.windowsappsdk\1.6.241114003\buildTransitive\Microsoft.UI.Xaml.Markup.Compiler.interop.targets(590,9): error MSB3073: The command ""C:\Users\quan\.nuget\packages\microsoft.windowsappsdk\1.6.241114003\buildTransitive\..\tools\net6.0\..\net472\XamlCompiler.exe" "obj\x64\Debug\net9.0-windows10.0.22621.0\win-x64\\input.json" "obj\x64\Debug\net9.0-windows10.0.22621.0\win-x64\\output.json"" exited with code 1. [C:\Users\quan\Documents\smart_fan_cooling_windows_app\smart_fan_cooling_windows_app.csproj]
       Done executing task "Exec" -- FAILED.
   1:7>Done building target "MarkupCompilePass1" in project "smart_fan_cooling_windows_app.csproj" -- FAILED.
   1:7>Target "_CheckForCompileOutputs" in file "C:\Program Files\dotnet\sdk\10.0.302\Microsoft.Common.CurrentVersion.targets" from project "C:\Users\quan\Documents\smart_fan_cooling_windows_app\smart_fan_cooling_windows_app.csproj" (target "_CleanGetCurrentAndPriorFileWrites" depends on it):
   1:7>Done building target "_CheckForCompileOutputs" in project "smart_fan_cooling_windows_app.csproj".
   1:7>Target "_CleanGetCurrentAndPriorFileWrites" in file "C:\Program Files\dotnet\sdk\10.0.302\Microsoft.Common.CurrentVersion.targets" from project "C:\Users\quan\Documents\smart_fan_cooling_windows_app\smart_fan_cooling_windows_app.csproj" (target "_CleanRecordFileWrites" depends on it):
       Using "ReadLinesFromFile" task from assembly "Microsoft.Build.Tasks.Core, Version=15.1.0.0, Culture=neutral, PublicKeyToken=b03f5f7f11d50a3a".
       Task "ReadLinesFromFile"
       Done executing task "ReadLinesFromFile".
       Task "ConvertToAbsolutePath"
       Done executing task "ConvertToAbsolutePath".
       Using "FindUnderPath" task from assembly "Microsoft.Build.Tasks.Core, Version=15.1.0.0, Culture=neutral, PublicKeyToken=b03f5f7f11d50a3a".
       Task "FindUnderPath"
         Comparison path is "C:\Users\quan\Documents\smart_fan_cooling_windows_app".
       Done executing task "FindUnderPath".
       Task "FindUnderPath"
         Comparison path is "bin\x64\Debug\net9.0-windows10.0.22621.0\win-x64\".
       Done executing task "FindUnderPath".
       Task "FindUnderPath"
         Comparison path is "obj\x64\Debug\net9.0-windows10.0.22621.0\win-x64\".
       Done executing task "FindUnderPath".
       Task "RemoveDuplicates"
       Done executing task "RemoveDuplicates".
   1:7>Done building target "_CleanGetCurrentAndPriorFileWrites" in project "smart_fan_cooling_windows_app.csproj".
   1:7>Target "_CleanRecordFileWrites" in file "C:\Program Files\dotnet\sdk\10.0.302\Microsoft.Common.CurrentVersion.targets" from project "C:\Users\quan\Documents\smart_fan_cooling_windows_app\smart_fan_cooling_windows_app.csproj" (target "CoreBuild" depends on it):
       Task "RemoveDuplicates"
       Done executing task "RemoveDuplicates".
       Task "MakeDir"
       Done executing task "MakeDir".
       Task "WriteLinesToFile"
         Skipping write to file "obj\x64\Debug\net9.0-windows10.0.22621.0\win-x64\smart_fan_cooling_windows_app.csproj.FileListAbsolute.txt" because content would not change.
       Done executing task "WriteLinesToFile".
   1:7>Done building target "_CleanRecordFileWrites" in project "smart_fan_cooling_windows_app.csproj".
   1:7>Done Building Project "C:\Users\quan\Documents\smart_fan_cooling_windows_app\smart_fan_cooling_windows_app.csproj" (default targets) -- FAILED.

Build FAILED.

       "C:\Users\quan\Documents\smart_fan_cooling_windows_app\smart_fan_cooling_windows_app.csproj" (default target) (1:7) ->
       (MarkupCompilePass1 target) -> 
         C:\Users\quan\.nuget\packages\microsoft.windowsappsdk\1.6.241114003\buildTransitive\Microsoft.UI.Xaml.Markup.Compiler.interop.targets(590,9): error MSB3073: The command ""C:\Users\quan\.nuget\packages\microsoft.windowsappsdk\1.6.241114003\buildTransitive\..\tools\net6.0\..\net472\XamlCompiler.exe" "obj\x64\Debug\net9.0-windows10.0.22621.0\win-x64\\input.json" "obj\x64\Debug\net9.0-windows10.0.22621.0\win-x64\\output.json"" exited with code 1. [C:\Users\quan\Documents\smart_fan_cooling_windows_app\smart_fan_cooling_windows_app.csproj]

    0 Warning(s)
    1 Error(s)

Time Elapsed 00:00:03.29
